{
  "timestamp": 1760130199393,
  "lastUpdate": "2025-10-11 05:03:19",
  "data": [
    {
      "id": "101010100",
      "province": "北京",
      "city": "北京",
      "realtime": {
        "nameen": "beijing",
        "cityname": "北京",
        "city": "101010100",
        "temp": "9.7",
        "tempf": "49.5",
        "WD": "西风",
        "wde": "W",
        "WS": "1级",
        "wse": "1km/h",
        "SD": "98%",
        "sd": "98%",
        "qy": "1013",
        "njd": "4km",
        "time": "04:50",
        "rain": "0",
        "rain24h": "0",
        "aqi": "13",
        "aqi_pm25": "13",
        "weather": "雾",
        "weathere": "Foggy",
        "weathercode": "d18",
        "limitnumber": "3和8",
        "date": "10月11日(星期六)"
      },
      "weather": {
        "day": {
          "date": "10日夜间",
          "weather": "小雨",
          "temp": "9",
          "tempUnit": "°C",
          "wind": {
            "direction": "西风",
            "directionCode": "W",
            "level": "<3级"
          },
          "sunrise": "日落 17:43"
        },
        "night": {
          "date": "11日白天",
          "weather": "多云",
          "temp": "20",
          "tempUnit": "°C",
          "wind": {
            "direction": "西南风",
            "directionCode": "SW",
            "level": "<3级"
          },
          "sunset": "日出 06:19"
        }
      }
    },
    {
      "id": "101020100",
      "province": "上海",
      "city": "上海",
      "realtime": {
        "nameen": "shanghai",
        "cityname": "上海",
        "city": "101020100",
        "temp": "24.6",
        "tempf": "76.3",
        "WD": "北风",
        "wde": "N",
        "WS": "0级",
        "wse": "0km/h",
        "SD": "88%",
        "sd": "88%",
        "qy": "1012",
        "njd": "17km",
        "time": "04:50",
        "rain": "0",
        "rain24h": "0",
        "aqi": "32",
        "aqi_pm25": "32",
        "weather": "多云",
        "weathere": "Cloudy",
        "weathercode": "d01",
        "limitnumber": "",
        "date": "10月11日(星期六)"
      },
      "weather": {
        "day": {
          "date": "10日夜间",
          "weather": "晴",
          "temp": "24",
          "tempUnit": "°C",
          "wind": {
            "direction": "东南风",
            "directionCode": "SE",
            "level": "<3级"
          },
          "sunrise": "日落 17:28"
        },
        "night": {
          "date": "11日白天",
          "weather": "晴",
          "temp": "33",
          "tempUnit": "°C",
          "wind": {
            "direction": "南风",
            "directionCode": "S",
            "level": "<3级"
          },
          "sunset": "日出 05:53"
        }
      }
    },
    {
      "id": "101030100",
      "province": "天津",
      "city": "天津",
      "realtime": {
        "nameen": "tianjin",
        "cityname": "天津",
        "city": "101030100",
        "temp": "9.6",
        "tempf": "49.3",
        "WD": "北风",
        "wde": "N",
        "WS": "1级",
        "wse": "4km/h",
        "SD": "95%",
        "sd": "95%",
        "qy": "1016",
        "njd": "5km",
        "time": "04:50",
        "rain": "0",
        "rain24h": "0",
        "aqi": "16",
        "aqi_pm25": "16",
        "weather": "阴",
        "weathere": "Overcast",
        "weathercode": "d02",
        "limitnumber": "3和8",
        "date": "10月11日(星期六)"
      },
      "weather": {
        "day": {
          "date": "10日夜间",
          "weather": "中雨",
          "temp": "9",
          "tempUnit": "°C",
          "wind": {
            "direction": "北风",
            "directionCode": "N",
            "level": "<3级"
          },
          "sunrise": "日落 17:40"
        },
        "night": {
          "date": "11日白天",
          "weather": "阴",
          "temp": "17",
          "tempUnit": "°C",
          "wind": {
            "direction": "西北风",
            "directionCode": "NW",
            "level": "<3级"
          },
          "sunset": "日出 06:15"
        }
      }
    },
    {
      "id": "101040100",
      "province": "重庆",
      "city": "重庆",
      "realtime": {
        "nameen": "chongqing",
        "cityname": "重庆",
        "city": "101040100",
        "temp": "30.2",
        "tempf": "86.4",
        "WD": "东南风",
        "wde": "SE",
        "WS": "2级",
        "wse": "6km/h",
        "SD": "47%",
        "sd": "47%",
        "qy": "973",
        "njd": "30km",
        "time": "04:50",
        "rain": "0",
        "rain24h": "0",
        "aqi": "38",
        "aqi_pm25": "38",
        "weather": "晴",
        "weathere": "Sunny",
        "weathercode": "d00",
        "limitnumber": "5和0",
        "date": "10月11日(星期六)"
      },
      "weather": {
        "day": {
          "date": "10日夜间",
          "weather": "晴",
          "temp": "26",
          "tempUnit": "°C",
          "wind": {
            "direction": "东南风",
            "directionCode": "SE",
            "level": "<3级"
          },
          "sunrise": "日落 18:29"
        },
        "night": {
          "date": "11日白天",
          "weather": "晴",
          "temp": "34",
          "tempUnit": "°C",
          "wind": {
            "direction": "西风",
            "directionCode": "W",
            "level": "<3级"
          },
          "sunset": "日出 06:52"
        }
      }
    },
    {
      "id": "101050101",
      "province": "黑龙江",
      "city": "哈尔滨",
      "realtime": {
        "nameen": "haerbin",
        "cityname": "哈尔滨",
        "city": "101050101",
        "temp": "4.1",
        "tempf": "39.4",
        "WD": "东南风",
        "wde": "SE",
        "WS": "1级",
        "wse": "3km/h",
        "SD": "93%",
        "sd": "93%",
        "qy": "1001",
        "njd": "29km",
        "time": "04:50",
        "rain": "0",
        "rain24h": "0",
        "aqi": "52",
        "aqi_pm25": "52",
        "weather": "多云",
        "weathere": "Cloudy",
        "weathercode": "d01",
        "limitnumber": "",
        "date": "10月11日(星期六)"
      },
      "weather": {
        "day": {
          "date": "10日夜间",
          "weather": "多云",
          "temp": "4",
          "tempUnit": "°C",
          "wind": {
            "direction": "东南风",
            "directionCode": "SE",
            "level": "<3级"
          },
          "sunrise": "日落 16:58"
        },
        "night": {
          "date": "11日白天",
          "weather": "多云",
          "temp": "16",
          "tempUnit": "°C",
          "wind": {
            "direction": "西北风",
            "directionCode": "NW",
            "level": "3-4级"
          },
          "sunset": "日出 05:43"
        }
      }
    },
    {
      "id": "101060101",
      "province": "吉林",
      "city": "长春",
      "realtime": {
        "nameen": "changchun",
        "cityname": "长春",
        "city": "101060101",
        "temp": "9.5",
        "tempf": "49.1",
        "WD": "东南风",
        "wde": "SE",
        "WS": "2级",
        "wse": "5km/h",
        "SD": "60%",
        "sd": "60%",
        "qy": "987",
        "njd": "21km",
        "time": "04:50",
        "rain": "0",
        "rain24h": "0",
        "aqi": "35",
        "aqi_pm25": "35",
        "weather": "阴",
        "weathere": "Overcast",
        "weathercode": "d02",
        "limitnumber": "",
        "date": "10月11日(星期六)"
      },
      "weather": {
        "day": {
          "date": "10日夜间",
          "weather": "多云",
          "temp": "8",
          "tempUnit": "°C",
          "wind": {
            "direction": "东南风",
            "directionCode": "SE",
            "level": "<3级"
          },
          "sunrise": "日落 17:04"
        },
        "night": {
          "date": "11日白天",
          "weather": "多云",
          "temp": "17",
          "tempUnit": "°C",
          "wind": {
            "direction": "西风",
            "directionCode": "W",
            "level": "<3级"
          },
          "sunset": "日出 05:46"
        }
      }
    },
    {
      "id": "101070101",
      "province": "辽宁",
      "city": "沈阳",
      "realtime": {
        "nameen": "shenyang",
        "cityname": "沈阳",
        "city": "101070101",
        "temp": "12",
        "tempf": "53.6",
        "WD": "北风",
        "wde": "N",
        "WS": "1级",
        "wse": "2km/h",
        "SD": "100%",
        "sd": "100%",
        "qy": "1008",
        "njd": "5km",
        "time": "04:50",
        "rain": "0",
        "rain24h": "0",
        "aqi": "79",
        "aqi_pm25": "79",
        "weather": "阴",
        "weathere": "Overcast",
        "weathercode": "d02",
        "limitnumber": "",
        "date": "10月11日(星期六)"
      },
      "weather": {
        "day": {
          "date": "10日夜间",
          "weather": "阵雨",
          "temp": "10",
          "tempUnit": "°C",
          "wind": {
            "direction": "北风",
            "directionCode": "N",
            "level": "<3级"
          },
          "sunrise": "日落 17:13"
        },
        "night": {
          "date": "11日白天",
          "weather": "多云",
          "temp": "17",
          "tempUnit": "°C",
          "wind": {
            "direction": "北风",
            "directionCode": "N",
            "level": "<3级"
          },
          "sunset": "日出 05:52"
        }
      }
    },
    {
      "id": "101080101",
      "province": "内蒙古",
      "city": "呼和浩特",
      "realtime": {
        "nameen": "huhehaote",
        "cityname": "呼和浩特",
        "city": "101080101",
        "temp": "10.2",
        "tempf": "50.4",
        "WD": "北风",
        "wde": "N",
        "WS": "1级",
        "wse": "1km/h",
        "SD": "94%",
        "sd": "94%",
        "qy": "898",
        "njd": "8km",
        "time": "04:55",
        "rain": "0",
        "rain24h": "0",
        "aqi": "19",
        "aqi_pm25": "19",
        "weather": "多云",
        "weathere": "Cloudy",
        "weathercode": "d01",
        "limitnumber": "",
        "date": "10月11日(星期六)"
      },
      "weather": {
        "day": {
          "date": "10日夜间",
          "weather": "小雨",
          "temp": "8",
          "tempUnit": "°C",
          "wind": {
            "direction": "西风",
            "directionCode": "W",
            "level": "<3级"
          },
          "sunrise": "日落 18:01"
        },
        "night": {
          "date": "11日白天",
          "weather": "多云",
          "temp": "18",
          "tempUnit": "°C",
          "wind": {
            "direction": "西北风",
            "directionCode": "NW",
            "level": "<3级"
          },
          "sunset": "日出 06:38"
        }
      }
    },
    {
      "id": "101090101",
      "province": "河北",
      "city": "石家庄",
      "realtime": {
        "nameen": "shijiazhuang",
        "cityname": "石家庄",
        "city": "101090101",
        "temp": "10.2",
        "tempf": "50.4",
        "WD": "北风",
        "wde": "N",
        "WS": "1级",
        "wse": "1km/h",
        "SD": "100%",
        "sd": "100%",
        "qy": "1006",
        "njd": "5km",
        "time": "04:50",
        "rain": "0",
        "rain24h": "0",
        "aqi": "13",
        "aqi_pm25": "13",
        "weather": "多云",
        "weathere": "Cloudy",
        "weathercode": "d01",
        "limitnumber": "",
        "date": "10月11日(星期六)"
      },
      "weather": {
        "day": {
          "date": "10日夜间",
          "weather": "中雨",
          "temp": "11",
          "tempUnit": "°C",
          "wind": {
            "direction": "东北风",
            "directionCode": "NE",
            "level": "<3级"
          },
          "sunrise": "日落 17:52"
        },
        "night": {
          "date": "11日白天",
          "weather": "阴",
          "temp": "16",
          "tempUnit": "°C",
          "wind": {
            "direction": "东南风",
            "directionCode": "SE",
            "level": "<3级"
          },
          "sunset": "日出 06:25"
        }
      }
    },
    {
      "id": "101100101",
      "province": "山西",
      "city": "太原",
      "realtime": {
        "nameen": "taiyuan",
        "cityname": "太原",
        "city": "101100101",
        "temp": "9",
        "tempf": "48.2",
        "WD": "南风",
        "wde": "S",
        "WS": "1级",
        "wse": "5km/h",
        "SD": "97%",
        "sd": "97%",
        "qy": "928",
        "njd": "2km",
        "time": "04:50",
        "rain": "0",
        "rain24h": "0",
        "aqi": "13",
        "aqi_pm25": "13",
        "weather": "雾",
        "weathere": "Foggy",
        "weathercode": "d18",
        "limitnumber": "",
        "date": "10月11日(星期六)"
      },
      "weather": {
        "day": {
          "date": "10日夜间",
          "weather": "小雨",
          "temp": "8",
          "tempUnit": "°C",
          "wind": {
            "direction": "北风",
            "directionCode": "N",
            "level": "<3级"
          },
          "sunrise": "日落 18:00"
        },
        "night": {
          "date": "11日白天",
          "weather": "小雨",
          "temp": "14",
          "tempUnit": "°C",
          "wind": {
            "direction": "南风",
            "directionCode": "S",
            "level": "<3级"
          },
          "sunset": "日出 06:33"
        }
      }
    },
    {
      "id": "101110101",
      "province": "陕西",
      "city": "西安",
      "realtime": {
        "nameen": "xian",
        "cityname": "西安",
        "city": "101110101",
        "temp": "15.1",
        "tempf": "59.2",
        "WD": "东南风",
        "wde": "SE",
        "WS": "1级",
        "wse": "2km/h",
        "SD": "100%",
        "sd": "100%",
        "qy": "971",
        "njd": "4km",
        "time": "04:50",
        "rain": "0.2",
        "rain24h": "0.2",
        "aqi": "11",
        "aqi_pm25": "11",
        "weather": "阴",
        "weathere": "Overcast",
        "weathercode": "d02",
        "limitnumber": "5和0",
        "date": "10月11日(星期六)"
      },
      "weather": {
        "day": {
          "date": "10日夜间",
          "weather": "小雨",
          "temp": "15",
          "tempUnit": "°C",
          "wind": {
            "direction": "无持续风向",
            "directionCode": "NNW",
            "level": "<3级"
          },
          "sunrise": "日落 18:16"
        },
        "night": {
          "date": "11日白天",
          "weather": "小雨",
          "temp": "16",
          "tempUnit": "°C",
          "wind": {
            "direction": "无持续风向",
            "directionCode": "NNW",
            "level": "<3级"
          },
          "sunset": "日出 06:45"
        }
      }
    },
    {
      "id": "101120101",
      "province": "山东",
      "city": "济南",
      "realtime": {
        "nameen": "jinan",
        "cityname": "济南",
        "city": "101120101",
        "temp": "11.4",
        "tempf": "52.5",
        "WD": "东北风",
        "wde": "NE",
        "WS": "1级",
        "wse": "3km/h",
        "SD": "99%",
        "sd": "99%",
        "qy": "995",
        "njd": "2km",
        "time": "04:50",
        "rain": "0.3",
        "rain24h": "0.3",
        "aqi": "10",
        "aqi_pm25": "10",
        "weather": "阴",
        "weathere": "Overcast",
        "weathercode": "d02",
        "limitnumber": "",
        "date": "10月11日(星期六)"
      },
      "weather": {
        "day": {
          "date": "10日夜间",
          "weather": "小雨",
          "temp": "14",
          "tempUnit": "°C",
          "wind": {
            "direction": "无持续风向",
            "directionCode": "NNW",
            "level": "<3级"
          },
          "sunrise": "日落 17:42"
        },
        "night": {
          "date": "11日白天",
          "weather": "小雨",
          "temp": "16",
          "tempUnit": "°C",
          "wind": {
            "direction": "无持续风向",
            "directionCode": "NNW",
            "level": "<3级"
          },
          "sunset": "日出 06:14"
        }
      }
    },
    {
      "id": "101130101",
      "province": "新疆",
      "city": "乌鲁木齐",
      "realtime": {
        "nameen": "wulumuqi",
        "cityname": "乌鲁木齐",
        "city": "101130101",
        "temp": "5.9",
        "tempf": "42.6",
        "WD": "南风",
        "wde": "S",
        "WS": "2级",
        "wse": "9km/h",
        "SD": "46%",
        "sd": "46%",
        "qy": "912",
        "njd": "22km",
        "time": "04:50",
        "rain": "0",
        "rain24h": "0",
        "aqi": "56",
        "aqi_pm25": "56",
        "weather": "多云",
        "weathere": "Cloudy",
        "weathercode": "d01",
        "limitnumber": "",
        "date": "10月11日(星期六)"
      },
      "weather": {
        "day": {
          "date": "10日夜间",
          "weather": "晴",
          "temp": "4",
          "tempUnit": "°C",
          "wind": {
            "direction": "南风",
            "directionCode": "S",
            "level": "<3级"
          },
          "sunrise": "日落 19:35"
        },
        "night": {
          "date": "11日白天",
          "weather": "晴",
          "temp": "14",
          "tempUnit": "°C",
          "wind": {
            "direction": "北风",
            "directionCode": "N",
            "level": "<3级"
          },
          "sunset": "日出 08:17"
        }
      }
    },
    {
      "id": "101140101",
      "province": "西藏",
      "city": "拉萨",
      "realtime": {
        "nameen": "lasa",
        "cityname": "拉萨",
        "city": "101140101",
        "temp": "6",
        "tempf": "42.8",
        "WD": "西北风",
        "wde": "NW",
        "WS": "1级",
        "wse": "1km/h",
        "SD": "48%",
        "sd": "48%",
        "qy": "655",
        "njd": "30km",
        "time": "04:50",
        "rain": "0",
        "rain24h": "0",
        "aqi": "31",
        "aqi_pm25": "31",
        "weather": "晴",
        "weathere": "Sunny",
        "weathercode": "d00",
        "limitnumber": "",
        "date": "10月11日(星期六)"
      },
      "weather": {
        "day": {
          "date": "10日夜间",
          "weather": "晴",
          "temp": "5",
          "tempUnit": "°C",
          "wind": {
            "direction": "无持续风向",
            "directionCode": "NNW",
            "level": "<3级"
          },
          "sunrise": "日落 19:31"
        },
        "night": {
          "date": "11日白天",
          "weather": "晴",
          "temp": "20",
          "tempUnit": "°C",
          "wind": {
            "direction": "无持续风向",
            "directionCode": "NNW",
            "level": "<3级"
          },
          "sunset": "日出 07:54"
        }
      }
    },
    {
      "id": "101150101",
      "province": "青海",
      "city": "西宁",
      "realtime": {
        "nameen": "xining",
        "cityname": "西宁",
        "city": "101150101",
        "temp": "5.8",
        "tempf": "42.4",
        "WD": "东南风",
        "wde": "SE",
        "WS": "3级",
        "wse": "14km/h",
        "SD": "100%",
        "sd": "100%",
        "qy": "761",
        "njd": "6km",
        "time": "04:50",
        "rain": "0",
        "rain24h": "0",
        "aqi": "29",
        "aqi_pm25": "29",
        "weather": "雾",
        "weathere": "Foggy",
        "weathercode": "d18",
        "limitnumber": "",
        "date": "10月11日(星期六)"
      },
      "weather": {
        "day": {
          "date": "10日夜间",
          "weather": "小雨",
          "temp": "4",
          "tempUnit": "°C",
          "wind": {
            "direction": "无持续风向",
            "directionCode": "NNW",
            "level": "<3级"
          },
          "sunrise": "日落 18:44"
        },
        "night": {
          "date": "11日白天",
          "weather": "小雨",
          "temp": "10",
          "tempUnit": "°C",
          "wind": {
            "direction": "无持续风向",
            "directionCode": "NNW",
            "level": "<3级"
          },
          "sunset": "日出 07:15"
        }
      }
    },
    {
      "id": "101160101",
      "province": "甘肃",
      "city": "兰州",
      "realtime": {
        "nameen": "lanzhou",
        "cityname": "兰州",
        "city": "101160101",
        "temp": "9.8",
        "tempf": "49.6",
        "WD": "西北风",
        "wde": "NW",
        "WS": "1级",
        "wse": "2km/h",
        "SD": "81%",
        "sd": "81%",
        "qy": "850",
        "njd": "16km",
        "time": "04:50",
        "rain": "0",
        "rain24h": "0",
        "aqi": "35",
        "aqi_pm25": "35",
        "weather": "阴",
        "weathere": "Overcast",
        "weathercode": "d02",
        "limitnumber": "5和0",
        "date": "10月11日(星期六)"
      },
      "weather": {
        "day": {
          "date": "10日夜间",
          "weather": "小雨",
          "temp": "8",
          "tempUnit": "°C",
          "wind": {
            "direction": "无持续风向",
            "directionCode": "NNW",
            "level": "<3级"
          },
          "sunrise": "日落 18:36"
        },
        "night": {
          "date": "11日白天",
          "weather": "阴",
          "temp": "14",
          "tempUnit": "°C",
          "wind": {
            "direction": "无持续风向",
            "directionCode": "NNW",
            "level": "<3级"
          },
          "sunset": "日出 07:07"
        }
      }
    },
    {
      "id": "101170101",
      "province": "宁夏",
      "city": "银川",
      "realtime": {
        "nameen": "yinchuan",
        "cityname": "银川",
        "city": "101170101",
        "temp": "7.7",
        "tempf": "45.9",
        "WD": "北风",
        "wde": "N",
        "WS": "0级",
        "wse": "0km/h",
        "SD": "96%",
        "sd": "96%",
        "qy": "893",
        "njd": "1km",
        "time": "04:50",
        "rain": "0",
        "rain24h": "0",
        "aqi": "38",
        "aqi_pm25": "38",
        "weather": "雾",
        "weathere": "Foggy",
        "weathercode": "d18",
        "limitnumber": "",
        "date": "10月11日(星期六)"
      },
      "weather": {
        "day": {
          "date": "10日夜间",
          "weather": "阴",
          "temp": "7",
          "tempUnit": "°C",
          "wind": {
            "direction": "无持续风向",
            "directionCode": "NNW",
            "level": "<3级"
          },
          "sunrise": "日落 18:24"
        },
        "night": {
          "date": "11日白天",
          "weather": "小雨",
          "temp": "14",
          "tempUnit": "°C",
          "wind": {
            "direction": "无持续风向",
            "directionCode": "NNW",
            "level": "<3级"
          },
          "sunset": "日出 06:59"
        }
      }
    },
    {
      "id": "101180101",
      "province": "河南",
      "city": "郑州",
      "realtime": {
        "nameen": "zhengzhou",
        "cityname": "郑州",
        "city": "101180101",
        "temp": "11.9",
        "tempf": "53.4",
        "WD": "东北风",
        "wde": "NE",
        "WS": "1级",
        "wse": "1km/h",
        "SD": "93%",
        "sd": "93%",
        "qy": "1003",
        "njd": "8km",
        "time": "04:50",
        "rain": "0.1",
        "rain24h": "0.1",
        "aqi": "16",
        "aqi_pm25": "16",
        "weather": "雾",
        "weathere": "Foggy",
        "weathercode": "d18",
        "limitnumber": "5和0",
        "date": "10月11日(星期六)"
      },
      "weather": {
        "day": {
          "date": "10日夜间",
          "weather": "小雨",
          "temp": "12",
          "tempUnit": "°C",
          "wind": {
            "direction": "东北风",
            "directionCode": "NE",
            "level": "<3级"
          },
          "sunrise": "日落 17:57"
        },
        "night": {
          "date": "11日白天",
          "weather": "阴",
          "temp": "16",
          "tempUnit": "°C",
          "wind": {
            "direction": "东北风",
            "directionCode": "NE",
            "level": "<3级"
          },
          "sunset": "日出 06:27"
        }
      }
    },
    {
      "id": "101190101",
      "province": "江苏",
      "city": "南京",
      "realtime": {
        "nameen": "nanjing",
        "cityname": "南京",
        "city": "101190101",
        "temp": "23.1",
        "tempf": "73.6",
        "WD": "北风",
        "wde": "N",
        "WS": "0级",
        "wse": "0km/h",
        "SD": "99%",
        "sd": "99%",
        "qy": "1008",
        "njd": "9km",
        "time": "04:50",
        "rain": "0",
        "rain24h": "0",
        "aqi": "66",
        "aqi_pm25": "66",
        "weather": "多云",
        "weathere": "Cloudy",
        "weathercode": "d01",
        "limitnumber": "",
        "date": "10月11日(星期六)"
      },
      "weather": {
        "day": {
          "date": "10日夜间",
          "weather": "晴",
          "temp": "23",
          "tempUnit": "°C",
          "wind": {
            "direction": "东风",
            "directionCode": "E",
            "level": "3-4级"
          },
          "sunrise": "日落 17:38"
        },
        "night": {
          "date": "11日白天",
          "weather": "晴",
          "temp": "33",
          "tempUnit": "°C",
          "wind": {
            "direction": "东北风",
            "directionCode": "NE",
            "level": "<3级"
          },
          "sunset": "日出 06:04"
        }
      }
    },
    {
      "id": "101200101",
      "province": "湖北",
      "city": "武汉",
      "realtime": {
        "nameen": "wuhan",
        "cityname": "武汉",
        "city": "101200101",
        "temp": "17.6",
        "tempf": "63.7",
        "WD": "北风",
        "wde": "N",
        "WS": "2级",
        "wse": "10km/h",
        "SD": "89%",
        "sd": "89%",
        "qy": "1009",
        "njd": "10km",
        "time": "04:50",
        "rain": "0",
        "rain24h": "0",
        "aqi": "29",
        "aqi_pm25": "29",
        "weather": "多云",
        "weathere": "Cloudy",
        "weathercode": "d01",
        "limitnumber": "单号限行",
        "date": "10月11日(星期六)"
      },
      "weather": {
        "day": {
          "date": "10日夜间",
          "weather": "晴",
          "temp": "19",
          "tempUnit": "°C",
          "wind": {
            "direction": "无持续风向",
            "directionCode": "NNW",
            "level": "<3级"
          },
          "sunrise": "日落 17:57"
        },
        "night": {
          "date": "11日白天",
          "weather": "晴",
          "temp": "31",
          "tempUnit": "°C",
          "wind": {
            "direction": "无持续风向",
            "directionCode": "NNW",
            "level": "<3级"
          },
          "sunset": "日出 06:21"
        }
      }
    },
    {
      "id": "101210101",
      "province": "浙江",
      "city": "杭州",
      "realtime": {
        "nameen": "hangzhou",
        "cityname": "杭州",
        "city": "101210101",
        "temp": "23.7",
        "tempf": "74.7",
        "WD": "北风",
        "wde": "N",
        "WS": "1级",
        "wse": "1km/h",
        "SD": "92%",
        "sd": "92%",
        "qy": "1006",
        "njd": "13km",
        "time": "04:50",
        "rain": "0",
        "rain24h": "0",
        "aqi": "40",
        "aqi_pm25": "40",
        "weather": "多云",
        "weathere": "Cloudy",
        "weathercode": "d01",
        "limitnumber": "5和0",
        "date": "10月11日(星期六)"
      },
      "weather": {
        "day": {
          "date": "10日夜间",
          "weather": "晴",
          "temp": "24",
          "tempUnit": "°C",
          "wind": {
            "direction": "西南风",
            "directionCode": "SW",
            "level": "<3级"
          },
          "sunrise": "日落 17:34"
        },
        "night": {
          "date": "11日白天",
          "weather": "晴",
          "temp": "35",
          "tempUnit": "°C",
          "wind": {
            "direction": "东北风",
            "directionCode": "NE",
            "level": "<3级"
          },
          "sunset": "日出 05:57"
        }
      }
    },
    {
      "id": "101220101",
      "province": "安徽",
      "city": "合肥",
      "realtime": {
        "nameen": "hefei",
        "cityname": "合肥",
        "city": "101220101",
        "temp": "18",
        "tempf": "64.4",
        "WD": "微风",
        "wde": "NWW",
        "WS": "2级",
        "wse": "5km/h",
        "SD": "98%",
        "sd": "98%",
        "qy": "1012",
        "njd": "2km",
        "time": "04:30",
        "rain": "0",
        "rain24h": "0",
        "aqi": "82",
        "aqi_pm25": "82",
        "weather": "雾",
        "weathere": "Foggy",
        "weathercode": "d18",
        "limitnumber": "",
        "date": "10月11日(星期六)"
      },
      "weather": {
        "day": {
          "date": "10日夜间",
          "weather": "多云",
          "temp": "19",
          "tempUnit": "°C",
          "wind": {
            "direction": "东北风",
            "directionCode": "NE",
            "level": "<3级"
          },
          "sunrise": "日落 17:45"
        },
        "night": {
          "date": "11日白天",
          "weather": "多云",
          "temp": "29",
          "tempUnit": "°C",
          "wind": {
            "direction": "北风",
            "directionCode": "N",
            "level": "3-4级"
          },
          "sunset": "日出 06:10"
        }
      }
    },
    {
      "id": "101230101",
      "province": "福建",
      "city": "福州",
      "realtime": {
        "nameen": "fuzhou",
        "cityname": "福州",
        "city": "101230101",
        "temp": "25.3",
        "tempf": "77.5",
        "WD": "西北风",
        "wde": "NW",
        "WS": "1级",
        "wse": "5km/h",
        "SD": "84%",
        "sd": "84%",
        "qy": "1003",
        "njd": "30km",
        "time": "04:50",
        "rain": "0",
        "rain24h": "0",
        "aqi": "27",
        "aqi_pm25": "27",
        "weather": "多云",
        "weathere": "Cloudy",
        "weathercode": "d01",
        "limitnumber": "",
        "date": "10月11日(星期六)"
      },
      "weather": {
        "day": {
          "date": "10日夜间",
          "weather": "多云",
          "temp": "25",
          "tempUnit": "°C",
          "wind": {
            "direction": "无持续风向",
            "directionCode": "NNW",
            "level": "<3级"
          },
          "sunrise": "日落 17:40"
        },
        "night": {
          "date": "11日白天",
          "weather": "多云",
          "temp": "35",
          "tempUnit": "°C",
          "wind": {
            "direction": "无持续风向",
            "directionCode": "NNW",
            "level": "<3级"
          },
          "sunset": "日出 05:59"
        }
      }
    },
    {
      "id": "101240101",
      "province": "江西",
      "city": "南昌",
      "realtime": {
        "nameen": "nanchang",
        "cityname": "南昌",
        "city": "101240101",
        "temp": "28.5",
        "tempf": "83.3",
        "WD": "西北风",
        "wde": "NW",
        "WS": "1级",
        "wse": "2km/h",
        "SD": "82%",
        "sd": "82%",
        "qy": "1004",
        "njd": "10km",
        "time": "04:50",
        "rain": "0",
        "rain24h": "0",
        "aqi": "59",
        "aqi_pm25": "59",
        "weather": "多云",
        "weathere": "Cloudy",
        "weathercode": "d01",
        "limitnumber": "",
        "date": "10月11日(星期六)"
      },
      "weather": {
        "day": {
          "date": "10日夜间",
          "weather": "晴",
          "temp": "28",
          "tempUnit": "°C",
          "wind": {
            "direction": "东北风",
            "directionCode": "NE",
            "level": "<3级"
          },
          "sunrise": "日落 17:52"
        },
        "night": {
          "date": "11日白天",
          "weather": "晴",
          "temp": "37",
          "tempUnit": "°C",
          "wind": {
            "direction": "东北风",
            "directionCode": "NE",
            "level": "<3级"
          },
          "sunset": "日出 06:14"
        }
      }
    },
    {
      "id": "101250101",
      "province": "湖南",
      "city": "长沙",
      "realtime": {
        "nameen": "changsha",
        "cityname": "长沙",
        "city": "101250101",
        "temp": "24.4",
        "tempf": "75.9",
        "WD": "西北风",
        "wde": "NW",
        "WS": "3级",
        "wse": "18km/h",
        "SD": "97%",
        "sd": "97%",
        "qy": "996",
        "njd": "2km",
        "time": "04:50",
        "rain": "0",
        "rain24h": "0",
        "aqi": "73",
        "aqi_pm25": "73",
        "weather": "晴",
        "weathere": "Sunny",
        "weathercode": "d00",
        "limitnumber": "",
        "date": "10月11日(星期六)"
      },
      "weather": {
        "day": {
          "date": "10日夜间",
          "weather": "晴",
          "temp": "24",
          "tempUnit": "°C",
          "wind": {
            "direction": "北风",
            "directionCode": "N",
            "level": "<3级"
          },
          "sunrise": "日落 18:04"
        },
        "night": {
          "date": "11日白天",
          "weather": "多云",
          "temp": "34",
          "tempUnit": "°C",
          "wind": {
            "direction": "东北风",
            "directionCode": "NE",
            "level": "<3级"
          },
          "sunset": "日出 06:25"
        }
      }
    },
    {
      "id": "101260101",
      "province": "贵州",
      "city": "贵阳",
      "realtime": {
        "nameen": "guiyang",
        "cityname": "贵阳",
        "city": "101260101",
        "temp": "20.2",
        "tempf": "68.4",
        "WD": "南风",
        "wde": "S",
        "WS": "2级",
        "wse": "8km/h",
        "SD": "86%",
        "sd": "86%",
        "qy": "877",
        "njd": "17km",
        "time": "04:50",
        "rain": "0",
        "rain24h": "0",
        "aqi": "21",
        "aqi_pm25": "21",
        "weather": "多云",
        "weathere": "Cloudy",
        "weathercode": "d01",
        "limitnumber": null,
        "date": "10月11日(星期六)"
      },
      "weather": {
        "day": {
          "date": "10日夜间",
          "weather": "多云",
          "temp": "18",
          "tempUnit": "°C",
          "wind": {
            "direction": "南风",
            "directionCode": "S",
            "level": "3-4级"
          },
          "sunrise": "日落 18:30"
        },
        "night": {
          "date": "11日白天",
          "weather": "多云",
          "temp": "28",
          "tempUnit": "°C",
          "wind": {
            "direction": "南风",
            "directionCode": "S",
            "level": "3-4级"
          },
          "sunset": "日出 06:50"
        }
      }
    },
    {
      "id": "101270101",
      "province": "四川",
      "city": "成都",
      "realtime": {
        "nameen": "chengdu",
        "cityname": "成都",
        "city": "101270101",
        "temp": "21.8",
        "tempf": "71.2",
        "WD": "西北风",
        "wde": "NW",
        "WS": "2级",
        "wse": "6km/h",
        "SD": "100%",
        "sd": "100%",
        "qy": "949",
        "njd": "2km",
        "time": "04:50",
        "rain": "0",
        "rain24h": "0",
        "aqi": "39",
        "aqi_pm25": "39",
        "weather": "阴",
        "weathere": "Overcast",
        "weathercode": "d02",
        "limitnumber": "5和0",
        "date": "10月11日(星期六)"
      },
      "weather": {
        "day": {
          "date": "10日夜间",
          "weather": "中雨",
          "temp": "18",
          "tempUnit": "°C",
          "wind": {
            "direction": "东北风",
            "directionCode": "NE",
            "level": "3-4级"
          },
          "sunrise": "日落 18:38"
        },
        "night": {
          "date": "11日白天",
          "weather": "小雨",
          "temp": "24",
          "tempUnit": "°C",
          "wind": {
            "direction": "无持续风向",
            "directionCode": "NNW",
            "level": "<3级"
          },
          "sunset": "日出 07:02"
        }
      }
    },
    {
      "id": "101280101",
      "province": "广东",
      "city": "广州",
      "realtime": {
        "nameen": "guangzhou",
        "cityname": "广州",
        "city": "101280101",
        "temp": "27.8",
        "tempf": "82",
        "WD": "南风",
        "wde": "S",
        "WS": "1级",
        "wse": "3km/h",
        "SD": "83%",
        "sd": "83%",
        "qy": "1007",
        "njd": "23km",
        "time": "04:50",
        "rain": "0",
        "rain24h": "0",
        "aqi": "31",
        "aqi_pm25": "31",
        "weather": "多云",
        "weathere": "Cloudy",
        "weathercode": "d01",
        "limitnumber": "单号限行",
        "date": "10月11日(星期六)"
      },
      "weather": {
        "day": {
          "date": "10日夜间",
          "weather": "晴",
          "temp": "24",
          "tempUnit": "°C",
          "wind": {
            "direction": "无持续风向",
            "directionCode": "NNW",
            "level": "<3级"
          },
          "sunrise": "日落 18:06"
        },
        "night": {
          "date": "11日白天",
          "weather": "晴",
          "temp": "35",
          "tempUnit": "°C",
          "wind": {
            "direction": "无持续风向",
            "directionCode": "NNW",
            "level": "<3级"
          },
          "sunset": "日出 06:21"
        }
      }
    },
    {
      "id": "101290101",
      "province": "云南",
      "city": "昆明",
      "realtime": {
        "nameen": "kunming",
        "cityname": "昆明",
        "city": "101290101",
        "temp": "17.2",
        "tempf": "63",
        "WD": "西南风",
        "wde": "SW",
        "WS": "1级",
        "wse": "5km/h",
        "SD": "87%",
        "sd": "87%",
        "qy": "812",
        "njd": "30km",
        "time": "04:50",
        "rain": "0",
        "rain24h": "0",
        "aqi": "18",
        "aqi_pm25": "18",
        "weather": "多云",
        "weathere": "Cloudy",
        "weathercode": "d01",
        "limitnumber": "",
        "date": "10月11日(星期六)"
      },
      "weather": {
        "day": {
          "date": "10日夜间",
          "weather": "多云",
          "temp": "16",
          "tempUnit": "°C",
          "wind": {
            "direction": "无持续风向",
            "directionCode": "NNW",
            "level": "<3级"
          },
          "sunrise": "日落 18:46"
        },
        "night": {
          "date": "11日白天",
          "weather": "晴",
          "temp": "24",
          "tempUnit": "°C",
          "wind": {
            "direction": "无持续风向",
            "directionCode": "NNW",
            "level": "<3级"
          },
          "sunset": "日出 07:04"
        }
      }
    },
    {
      "id": "101300101",
      "province": "广西",
      "city": "南宁",
      "realtime": {
        "nameen": "nanning",
        "cityname": "南宁",
        "city": "101300101",
        "temp": "24.6",
        "tempf": "76.3",
        "WD": "东南风",
        "wde": "SE",
        "WS": "1级",
        "wse": "3km/h",
        "SD": "95%",
        "sd": "95%",
        "qy": "993",
        "njd": "4km",
        "time": "04:50",
        "rain": "0",
        "rain24h": "0",
        "aqi": "40",
        "aqi_pm25": "40",
        "weather": "雾",
        "weathere": "Foggy",
        "weathercode": "d18",
        "limitnumber": "",
        "date": "10月11日(星期六)"
      },
      "weather": {
        "day": {
          "date": "10日夜间",
          "weather": "多云",
          "temp": "24",
          "tempUnit": "°C",
          "wind": {
            "direction": "东南风",
            "directionCode": "SE",
            "level": "<3级"
          },
          "sunrise": "日落 18:25"
        },
        "night": {
          "date": "11日白天",
          "weather": "多云",
          "temp": "33",
          "tempUnit": "°C",
          "wind": {
            "direction": "东南风",
            "directionCode": "SE",
            "level": "<3级"
          },
          "sunset": "日出 06:41"
        }
      }
    },
    {
      "id": "101310101",
      "province": "海南",
      "city": "海口",
      "realtime": {
        "nameen": "haikou",
        "cityname": "海口",
        "city": "101310101",
        "temp": "24.5",
        "tempf": "76.1",
        "WD": "北风",
        "wde": "N",
        "WS": "1级",
        "wse": "1km/h",
        "SD": "97%",
        "sd": "97%",
        "qy": "1003",
        "njd": "2km",
        "time": "04:50",
        "rain": "0",
        "rain24h": "0",
        "aqi": "28",
        "aqi_pm25": "28",
        "weather": "雾",
        "weathere": "Foggy",
        "weathercode": "d18",
        "limitnumber": "",
        "date": "10月11日(星期六)"
      },
      "weather": {
        "day": {
          "date": "10日夜间",
          "weather": "多云",
          "temp": "24",
          "tempUnit": "°C",
          "wind": {
            "direction": "无持续风向",
            "directionCode": "NNW",
            "level": "<3级"
          },
          "sunrise": "日落 18:19"
        },
        "night": {
          "date": "11日白天",
          "weather": "雷阵雨",
          "temp": "30",
          "tempUnit": "°C",
          "wind": {
            "direction": "无持续风向",
            "directionCode": "NNW",
            "level": "<3级"
          },
          "sunset": "日出 06:31"
        }
      }
    },
    {
      "id": "101320101",
      "province": "香港",
      "city": "香港",
      "realtime": {
        "nameen": "hongkong",
        "cityname": "香港",
        "city": "101320101",
        "temp": "27.2",
        "tempf": "81",
        "WD": "微风",
        "wde": "NWW",
        "WS": "3级",
        "wse": "12km/h",
        "SD": "85%",
        "sd": "85%",
        "qy": "999",
        "njd": "19km",
        "time": "04:30",
        "rain": "0",
        "rain24h": "0",
        "aqi": "23",
        "aqi_pm25": "23",
        "weather": "多云",
        "weathere": "Cloudy",
        "weathercode": "d01",
        "limitnumber": "",
        "date": "10月11日(星期六)"
      },
      "weather": {
        "day": {
          "date": "10日夜间",
          "weather": "阵雨",
          "temp": "27",
          "tempUnit": "°C",
          "wind": {
            "direction": "东风",
            "directionCode": "E",
            "level": "3-4级"
          },
          "sunrise": "日落 18:02"
        },
        "night": {
          "date": "11日白天",
          "weather": "阵雨",
          "temp": "32",
          "tempUnit": "°C",
          "wind": {
            "direction": "东风",
            "directionCode": "E",
            "level": "3-4级"
          },
          "sunset": "日出 06:17"
        }
      }
    },
    {
      "id": "101330101",
      "province": "澳门",
      "city": "澳门",
      "realtime": {
        "nameen": "macao",
        "cityname": "澳门",
        "city": "101330101",
        "temp": "27.3",
        "tempf": "81.1",
        "WD": "微风",
        "wde": "NWW",
        "WS": "1级",
        "wse": "1km/h",
        "SD": "85%",
        "sd": "85%",
        "qy": "1006",
        "njd": "37km",
        "time": "05:00",
        "rain": "0",
        "rain24h": "0",
        "aqi": "25",
        "aqi_pm25": "25",
        "weather": "多云",
        "weathere": "Cloudy",
        "weathercode": "d01",
        "limitnumber": "",
        "date": "10月11日(星期六)"
      },
      "weather": {
        "day": {
          "date": "10日夜间",
          "weather": "晴",
          "temp": "27",
          "tempUnit": "°C",
          "wind": {
            "direction": "无持续风向",
            "directionCode": "NNW",
            "level": "<3级"
          },
          "sunrise": "日落 18:05"
        },
        "night": {
          "date": "11日白天",
          "weather": "多云",
          "temp": "32",
          "tempUnit": "°C",
          "wind": {
            "direction": "无持续风向",
            "directionCode": "NNW",
            "level": "<3级"
          },
          "sunset": "日出 06:20"
        }
      }
    },
    {
      "id": "101340101",
      "province": "台湾",
      "city": "台北",
      "realtime": {
        "nameen": "taibeixian",
        "cityname": "台北",
        "city": "101340101",
        "temp": "24.1",
        "tempf": "75.4",
        "WD": "微风",
        "wde": "NWW",
        "WS": "1级",
        "wse": "1km/h",
        "SD": "87%",
        "sd": "87%",
        "qy": "1007",
        "njd": "5km",
        "time": "05:00",
        "rain": "0",
        "rain24h": "0",
        "aqi": "56",
        "aqi_pm25": "56",
        "weather": "多云",
        "weathere": "Cloudy",
        "weathercode": "d01",
        "limitnumber": "",
        "date": "10月11日(星期六)"
      },
      "weather": {
        "day": {
          "date": "10日夜间",
          "weather": "多云",
          "temp": "24",
          "tempUnit": "°C",
          "wind": {
            "direction": "无持续风向",
            "directionCode": "NNW",
            "level": "<3级"
          },
          "sunrise": "日落 17:32"
        },
        "night": {
          "date": "11日白天",
          "weather": "多云",
          "temp": "31",
          "tempUnit": "°C",
          "wind": {
            "direction": "无持续风向",
            "directionCode": "NNW",
            "level": "<3级"
          },
          "sunset": "日出 05:49"
        }
      }
    }
  ]
}
