{
  "timestamp": 1754147027850,
  "lastUpdate": "2025-08-02 23:03:47",
  "data": [
    {
      "id": "101010100",
      "province": "北京",
      "city": "北京",
      "realtime": {
        "nameen": "beijing",
        "cityname": "北京",
        "city": "101010100",
        "temp": "26.1",
        "tempf": "79",
        "WD": "东风",
        "wde": "E",
        "WS": "2级",
        "wse": "7km/h",
        "SD": "95%",
        "sd": "95%",
        "qy": "995",
        "njd": "3km",
        "time": "22:50",
        "rain": "7.6",
        "rain24h": "7.6",
        "aqi": "59",
        "aqi_pm25": "59",
        "weather": "阴",
        "weathere": "Overcast",
        "weathercode": "d02",
        "limitnumber": "不限行",
        "date": "08月02日(星期六)"
      },
      "weather": {
        "day": {
          "date": "2日夜间",
          "weather": "雷阵雨",
          "temp": "24",
          "tempUnit": "°C",
          "wind": {
            "direction": "东北风",
            "directionCode": "NE",
            "level": "<3级"
          },
          "sunrise": "日落 19:27"
        },
        "night": {
          "date": "3日白天",
          "weather": "多云",
          "temp": "33",
          "tempUnit": "°C",
          "wind": {
            "direction": "东风",
            "directionCode": "E",
            "level": "<3级"
          },
          "sunset": "日出 05:13"
        }
      }
    },
    {
      "id": "101020100",
      "province": "上海",
      "city": "上海",
      "realtime": {
        "nameen": "shanghai",
        "cityname": "上海",
        "city": "101020100",
        "temp": "27.1",
        "tempf": "80.8",
        "WD": "北风",
        "wde": "N",
        "WS": "0级",
        "wse": "0km/h",
        "SD": "91%",
        "sd": "91%",
        "qy": "998",
        "njd": "18km",
        "time": "22:50",
        "rain": "0",
        "rain24h": "0",
        "aqi": "25",
        "aqi_pm25": "25",
        "weather": "阴",
        "weathere": "Overcast",
        "weathercode": "d02",
        "limitnumber": "",
        "date": "08月02日(星期六)"
      },
      "weather": {
        "day": {
          "date": "2日夜间",
          "weather": "小雨",
          "temp": "27",
          "tempUnit": "°C",
          "wind": {
            "direction": "西南风",
            "directionCode": "SW",
            "level": "3-4级"
          },
          "sunrise": "日落 18:49"
        },
        "night": {
          "date": "3日白天",
          "weather": "小雨",
          "temp": "33",
          "tempUnit": "°C",
          "wind": {
            "direction": "西南风",
            "directionCode": "SW",
            "level": "3-4级"
          },
          "sunset": "日出 05:11"
        }
      }
    },
    {
      "id": "101030100",
      "province": "天津",
      "city": "天津",
      "realtime": {
        "nameen": "tianjin",
        "cityname": "天津",
        "city": "101030100",
        "temp": "29.9",
        "tempf": "85.8",
        "WD": "东风",
        "wde": "E",
        "WS": "1级",
        "wse": "4km/h",
        "SD": "79%",
        "sd": "79%",
        "qy": "999",
        "njd": "28km",
        "time": "22:50",
        "rain": "0",
        "rain24h": "0",
        "aqi": "36",
        "aqi_pm25": "36",
        "weather": "阴",
        "weathere": "Overcast",
        "weathercode": "d02",
        "limitnumber": "不限行",
        "date": "08月02日(星期六)"
      },
      "weather": {
        "day": {
          "date": "2日夜间",
          "weather": "雷阵雨",
          "temp": "27",
          "tempUnit": "°C",
          "wind": {
            "direction": "东南风",
            "directionCode": "SE",
            "level": "<3级"
          },
          "sunrise": "日落 19:22"
        },
        "night": {
          "date": "3日白天",
          "weather": "小雨",
          "temp": "32",
          "tempUnit": "°C",
          "wind": {
            "direction": "东风",
            "directionCode": "E",
            "level": "<3级"
          },
          "sunset": "日出 05:12"
        }
      }
    },
    {
      "id": "101040100",
      "province": "重庆",
      "city": "重庆",
      "realtime": {
        "nameen": "chongqing",
        "cityname": "重庆",
        "city": "101040100",
        "temp": "36.7",
        "tempf": "98.1",
        "WD": "南风",
        "wde": "S",
        "WS": "2级",
        "wse": "9km/h",
        "SD": "37%",
        "sd": "37%",
        "qy": "967",
        "njd": "30km",
        "time": "22:50",
        "rain": "0",
        "rain24h": "0",
        "aqi": "34",
        "aqi_pm25": "34",
        "weather": "晴",
        "weathere": "Sunny",
        "weathercode": "d00",
        "limitnumber": "不限行",
        "date": "08月02日(星期六)"
      },
      "weather": {
        "day": {
          "date": "2日夜间",
          "weather": "晴",
          "temp": "31",
          "tempUnit": "°C",
          "wind": {
            "direction": "东南风",
            "directionCode": "SE",
            "level": "<3级"
          },
          "sunrise": "日落 19:45"
        },
        "night": {
          "date": "3日白天",
          "weather": "晴",
          "temp": "41",
          "tempUnit": "°C",
          "wind": {
            "direction": "南风",
            "directionCode": "S",
            "level": "<3级"
          },
          "sunset": "日出 06:14"
        }
      }
    },
    {
      "id": "101050101",
      "province": "黑龙江",
      "city": "哈尔滨",
      "realtime": {
        "nameen": "haerbin",
        "cityname": "哈尔滨",
        "city": "101050101",
        "temp": "21",
        "tempf": "69.8",
        "WD": "西南风",
        "wde": "SW",
        "WS": "1级",
        "wse": "5km/h",
        "SD": "96%",
        "sd": "96%",
        "qy": "981",
        "njd": "30km",
        "time": "22:50",
        "rain": "0",
        "rain24h": "0",
        "aqi": "30",
        "aqi_pm25": "30",
        "weather": "阴",
        "weathere": "Overcast",
        "weathercode": "d02",
        "limitnumber": "",
        "date": "08月02日(星期六)"
      },
      "weather": {
        "day": {
          "date": "2日夜间",
          "weather": "中雨",
          "temp": "21",
          "tempUnit": "°C",
          "wind": {
            "direction": "西南风",
            "directionCode": "SW",
            "level": "3-4级"
          },
          "sunrise": "日落 19:02"
        },
        "night": {
          "date": "3日白天",
          "weather": "雷阵雨",
          "temp": "26",
          "tempUnit": "°C",
          "wind": {
            "direction": "西南风",
            "directionCode": "SW",
            "level": "3-4级"
          },
          "sunset": "日出 04:18"
        }
      }
    },
    {
      "id": "101060101",
      "province": "吉林",
      "city": "长春",
      "realtime": {
        "nameen": "changchun",
        "cityname": "长春",
        "city": "101060101",
        "temp": "26",
        "tempf": "78.8",
        "WD": "西南风",
        "wde": "SW",
        "WS": "3级",
        "wse": "15km/h",
        "SD": "79%",
        "sd": "79%",
        "qy": "971",
        "njd": "17km",
        "time": "22:50",
        "rain": "0",
        "rain24h": "0",
        "aqi": "34",
        "aqi_pm25": "34",
        "weather": "阴",
        "weathere": "Overcast",
        "weathercode": "d02",
        "limitnumber": "",
        "date": "08月02日(星期六)"
      },
      "weather": {
        "day": {
          "date": "2日夜间",
          "weather": "雷阵雨",
          "temp": "22",
          "tempUnit": "°C",
          "wind": {
            "direction": "西南风",
            "directionCode": "SW",
            "level": "<3级"
          },
          "sunrise": "日落 19:01"
        },
        "night": {
          "date": "3日白天",
          "weather": "雷阵雨",
          "temp": "27",
          "tempUnit": "°C",
          "wind": {
            "direction": "西南风",
            "directionCode": "SW",
            "level": "<3级"
          },
          "sunset": "日出 04:28"
        }
      }
    },
    {
      "id": "101070101",
      "province": "辽宁",
      "city": "沈阳",
      "realtime": {
        "nameen": "shenyang",
        "cityname": "沈阳",
        "city": "101070101",
        "temp": "27.2",
        "tempf": "81",
        "WD": "西南风",
        "wde": "SW",
        "WS": "2级",
        "wse": "9km/h",
        "SD": "80%",
        "sd": "80%",
        "qy": "994",
        "njd": "30km",
        "time": "22:50",
        "rain": "0",
        "rain24h": "0",
        "aqi": "28",
        "aqi_pm25": "28",
        "weather": "多云",
        "weathere": "Cloudy",
        "weathercode": "d01",
        "limitnumber": "",
        "date": "08月02日(星期六)"
      },
      "weather": {
        "day": {
          "date": "2日夜间",
          "weather": "雷阵雨",
          "temp": "25",
          "tempUnit": "°C",
          "wind": {
            "direction": "南风",
            "directionCode": "S",
            "level": "3-4级"
          },
          "sunrise": "日落 19:03"
        },
        "night": {
          "date": "3日白天",
          "weather": "中到大雨",
          "temp": "27",
          "tempUnit": "°C",
          "wind": {
            "direction": "南风",
            "directionCode": "S",
            "level": "3-4级"
          },
          "sunset": "日出 04:41"
        }
      }
    },
    {
      "id": "101080101",
      "province": "内蒙古",
      "city": "呼和浩特",
      "realtime": {
        "nameen": "huhehaote",
        "cityname": "呼和浩特",
        "city": "101080101",
        "temp": "21.2",
        "tempf": "70.2",
        "WD": "东南风",
        "wde": "SE",
        "WS": "1级",
        "wse": "2km/h",
        "SD": "93%",
        "sd": "93%",
        "qy": "888",
        "njd": "5km",
        "time": "22:50",
        "rain": "0",
        "rain24h": "0",
        "aqi": "39",
        "aqi_pm25": "39",
        "weather": "晴",
        "weathere": "Sunny",
        "weathercode": "d00",
        "limitnumber": "",
        "date": "08月02日(星期六)"
      },
      "weather": {
        "day": {
          "date": "2日夜间",
          "weather": "阵雨",
          "temp": "18",
          "tempUnit": "°C",
          "wind": {
            "direction": "西南风",
            "directionCode": "SW",
            "level": "<3级"
          },
          "sunrise": "日落 19:48"
        },
        "night": {
          "date": "3日白天",
          "weather": "阵雨",
          "temp": "29",
          "tempUnit": "°C",
          "wind": {
            "direction": "西南风",
            "directionCode": "SW",
            "level": "<3级"
          },
          "sunset": "日出 05:30"
        }
      }
    },
    {
      "id": "101090101",
      "province": "河北",
      "city": "石家庄",
      "realtime": {
        "nameen": "shijiazhuang",
        "cityname": "石家庄",
        "city": "101090101",
        "temp": "30.5",
        "tempf": "86.9",
        "WD": "西风",
        "wde": "W",
        "WS": "1级",
        "wse": "1km/h",
        "SD": "78%",
        "sd": "78%",
        "qy": "988",
        "njd": "11km",
        "time": "22:50",
        "rain": "0",
        "rain24h": "0",
        "aqi": "51",
        "aqi_pm25": "51",
        "weather": "阴",
        "weathere": "Overcast",
        "weathercode": "d02",
        "limitnumber": "",
        "date": "08月02日(星期六)"
      },
      "weather": {
        "day": {
          "date": "2日夜间",
          "weather": "阴",
          "temp": "26",
          "tempUnit": "°C",
          "wind": {
            "direction": "西北风",
            "directionCode": "NW",
            "level": "<3级"
          },
          "sunrise": "日落 19:30"
        },
        "night": {
          "date": "3日白天",
          "weather": "雷阵雨",
          "temp": "37",
          "tempUnit": "°C",
          "wind": {
            "direction": "东北风",
            "directionCode": "NE",
            "level": "<3级"
          },
          "sunset": "日出 05:25"
        }
      }
    },
    {
      "id": "101100101",
      "province": "山西",
      "city": "太原",
      "realtime": {
        "nameen": "taiyuan",
        "cityname": "太原",
        "city": "101100101",
        "temp": "25.7",
        "tempf": "78.3",
        "WD": "东北风",
        "wde": "NE",
        "WS": "2级",
        "wse": "8km/h",
        "SD": "77%",
        "sd": "77%",
        "qy": "915",
        "njd": "7km",
        "time": "22:50",
        "rain": "0",
        "rain24h": "0",
        "aqi": "53",
        "aqi_pm25": "53",
        "weather": "多云",
        "weathere": "Cloudy",
        "weathercode": "d01",
        "limitnumber": "",
        "date": "08月02日(星期六)"
      },
      "weather": {
        "day": {
          "date": "2日夜间",
          "weather": "晴",
          "temp": "23",
          "tempUnit": "°C",
          "wind": {
            "direction": "北风",
            "directionCode": "N",
            "level": "<3级"
          },
          "sunrise": "日落 19:38"
        },
        "night": {
          "date": "3日白天",
          "weather": "小雨",
          "temp": "36",
          "tempUnit": "°C",
          "wind": {
            "direction": "东北风",
            "directionCode": "NE",
            "level": "<3级"
          },
          "sunset": "日出 05:33"
        }
      }
    },
    {
      "id": "101110101",
      "province": "陕西",
      "city": "西安",
      "realtime": {
        "nameen": "xian",
        "cityname": "西安",
        "city": "101110101",
        "temp": "34",
        "tempf": "93.2",
        "WD": "南风",
        "wde": "S",
        "WS": "1级",
        "wse": "3km/h",
        "SD": "40%",
        "sd": "40%",
        "qy": "952",
        "njd": "27km",
        "time": "22:50",
        "rain": "0",
        "rain24h": "0",
        "aqi": "42",
        "aqi_pm25": "42",
        "weather": "晴",
        "weathere": "Sunny",
        "weathercode": "d00",
        "limitnumber": "不限行",
        "date": "08月02日(星期六)"
      },
      "weather": {
        "day": {
          "date": "2日夜间",
          "weather": "晴",
          "temp": "30",
          "tempUnit": "°C",
          "wind": {
            "direction": "无持续风向",
            "directionCode": "NNW",
            "level": "<3级"
          },
          "sunrise": "日落 19:45"
        },
        "night": {
          "date": "3日白天",
          "weather": "多云",
          "temp": "41",
          "tempUnit": "°C",
          "wind": {
            "direction": "无持续风向",
            "directionCode": "NNW",
            "level": "<3级"
          },
          "sunset": "日出 05:55"
        }
      }
    },
    {
      "id": "101120101",
      "province": "山东",
      "city": "济南",
      "realtime": {
        "nameen": "jinan",
        "cityname": "济南",
        "city": "101120101",
        "temp": "26.9",
        "tempf": "80.4",
        "WD": "东风",
        "wde": "E",
        "WS": "2级",
        "wse": "6km/h",
        "SD": "90%",
        "sd": "90%",
        "qy": "980",
        "njd": "25km",
        "time": "22:50",
        "rain": "0",
        "rain24h": "0",
        "aqi": "26",
        "aqi_pm25": "26",
        "weather": "晴",
        "weathere": "Sunny",
        "weathercode": "d00",
        "limitnumber": "",
        "date": "08月02日(星期六)"
      },
      "weather": {
        "day": {
          "date": "2日夜间",
          "weather": "晴",
          "temp": "26",
          "tempUnit": "°C",
          "wind": {
            "direction": "无持续风向",
            "directionCode": "NNW",
            "level": "<3级"
          },
          "sunrise": "日落 19:17"
        },
        "night": {
          "date": "3日白天",
          "weather": "晴",
          "temp": "35",
          "tempUnit": "°C",
          "wind": {
            "direction": "无持续风向",
            "directionCode": "NNW",
            "level": "<3级"
          },
          "sunset": "日出 05:18"
        }
      }
    },
    {
      "id": "101130101",
      "province": "新疆",
      "city": "乌鲁木齐",
      "realtime": {
        "nameen": "wulumuqi",
        "cityname": "乌鲁木齐",
        "city": "101130101",
        "temp": "27.4",
        "tempf": "81.3",
        "WD": "东风",
        "wde": "E",
        "WS": "2级",
        "wse": "10km/h",
        "SD": "28%",
        "sd": "28%",
        "qy": "902",
        "njd": "48km",
        "time": "22:50",
        "rain": "0",
        "rain24h": "0",
        "aqi": "49",
        "aqi_pm25": "49",
        "weather": "阴",
        "weathere": "Overcast",
        "weathercode": "d02",
        "limitnumber": "",
        "date": "08月02日(星期六)"
      },
      "weather": {
        "day": {
          "date": "2日夜间",
          "weather": "多云",
          "temp": "21",
          "tempUnit": "°C",
          "wind": {
            "direction": "西北风",
            "directionCode": "NW",
            "level": "4-5级"
          },
          "sunrise": "日落 21:32"
        },
        "night": {
          "date": "3日白天",
          "weather": "晴",
          "temp": "30",
          "tempUnit": "°C",
          "wind": {
            "direction": "西北风",
            "directionCode": "NW",
            "level": "4-5级"
          },
          "sunset": "日出 06:59"
        }
      }
    },
    {
      "id": "101140101",
      "province": "西藏",
      "city": "拉萨",
      "realtime": {
        "nameen": "lasa",
        "cityname": "拉萨",
        "city": "101140101",
        "temp": "15.5",
        "tempf": "59.9",
        "WD": "北风",
        "wde": "N",
        "WS": "2级",
        "wse": "7km/h",
        "SD": "76%",
        "sd": "76%",
        "qy": "654",
        "njd": "12km",
        "time": "22:50",
        "rain": "0.3",
        "rain24h": "0.3",
        "aqi": "21",
        "aqi_pm25": "21",
        "weather": "雨",
        "weathere": null,
        "weathercode": "d301",
        "limitnumber": "",
        "date": "08月02日(星期六)"
      },
      "weather": {
        "day": {
          "date": "2日夜间",
          "weather": "小雨",
          "temp": "13",
          "tempUnit": "°C",
          "wind": {
            "direction": "无持续风向",
            "directionCode": "NNW",
            "level": "<3级"
          },
          "sunrise": "日落 20:47"
        },
        "night": {
          "date": "3日白天",
          "weather": "阵雨",
          "temp": "24",
          "tempUnit": "°C",
          "wind": {
            "direction": "无持续风向",
            "directionCode": "NNW",
            "level": "<3级"
          },
          "sunset": "日出 07:15"
        }
      }
    },
    {
      "id": "101150101",
      "province": "青海",
      "city": "西宁",
      "realtime": {
        "nameen": "xining",
        "cityname": "西宁",
        "city": "101150101",
        "temp": "19.7",
        "tempf": "67.5",
        "WD": "东北风",
        "wde": "NE",
        "WS": "3级",
        "wse": "18km/h",
        "SD": "89%",
        "sd": "89%",
        "qy": "755",
        "njd": "14km",
        "time": "22:50",
        "rain": "0",
        "rain24h": "0",
        "aqi": "42",
        "aqi_pm25": "42",
        "weather": "多云",
        "weathere": "Cloudy",
        "weathercode": "d01",
        "limitnumber": "",
        "date": "08月02日(星期六)"
      },
      "weather": {
        "day": {
          "date": "2日夜间",
          "weather": "小雨",
          "temp": "16",
          "tempUnit": "°C",
          "wind": {
            "direction": "无持续风向",
            "directionCode": "NNW",
            "level": "<3级"
          },
          "sunrise": "日落 20:18"
        },
        "night": {
          "date": "3日白天",
          "weather": "中雨",
          "temp": "26",
          "tempUnit": "°C",
          "wind": {
            "direction": "无持续风向",
            "directionCode": "NNW",
            "level": "<3级"
          },
          "sunset": "日出 06:19"
        }
      }
    },
    {
      "id": "101160101",
      "province": "甘肃",
      "city": "兰州",
      "realtime": {
        "nameen": "lanzhou",
        "cityname": "兰州",
        "city": "101160101",
        "temp": "25.9",
        "tempf": "78.6",
        "WD": "东风",
        "wde": "E",
        "WS": "1级",
        "wse": "2km/h",
        "SD": "61%",
        "sd": "61%",
        "qy": "838",
        "njd": "30km",
        "time": "22:50",
        "rain": "0",
        "rain24h": "0",
        "aqi": "39",
        "aqi_pm25": "39",
        "weather": "多云",
        "weathere": "Cloudy",
        "weathercode": "d01",
        "limitnumber": "不限行",
        "date": "08月02日(星期六)"
      },
      "weather": {
        "day": {
          "date": "2日夜间",
          "weather": "多云",
          "temp": "22",
          "tempUnit": "°C",
          "wind": {
            "direction": "无持续风向",
            "directionCode": "NNW",
            "level": "<3级"
          },
          "sunrise": "日落 20:09"
        },
        "night": {
          "date": "3日白天",
          "weather": "小到中雨",
          "temp": "33",
          "tempUnit": "°C",
          "wind": {
            "direction": "无持续风向",
            "directionCode": "NNW",
            "level": "<3级"
          },
          "sunset": "日出 06:12"
        }
      }
    },
    {
      "id": "101170101",
      "province": "宁夏",
      "city": "银川",
      "realtime": {
        "nameen": "yinchuan",
        "cityname": "银川",
        "city": "101170101",
        "temp": "26.3",
        "tempf": "79.3",
        "WD": "北风",
        "wde": "N",
        "WS": "1级",
        "wse": "3km/h",
        "SD": "81%",
        "sd": "81%",
        "qy": "878",
        "njd": "6km",
        "time": "22:50",
        "rain": "0",
        "rain24h": "0",
        "aqi": "58",
        "aqi_pm25": "58",
        "weather": "多云",
        "weathere": "Cloudy",
        "weathercode": "d01",
        "limitnumber": "",
        "date": "08月02日(星期六)"
      },
      "weather": {
        "day": {
          "date": "2日夜间",
          "weather": "多云",
          "temp": "23",
          "tempUnit": "°C",
          "wind": {
            "direction": "无持续风向",
            "directionCode": "NNW",
            "level": "<3级"
          },
          "sunrise": "日落 20:04"
        },
        "night": {
          "date": "3日白天",
          "weather": "雷阵雨",
          "temp": "31",
          "tempUnit": "°C",
          "wind": {
            "direction": "无持续风向",
            "directionCode": "NNW",
            "level": "<3级"
          },
          "sunset": "日出 05:57"
        }
      }
    },
    {
      "id": "101180101",
      "province": "河南",
      "city": "郑州",
      "realtime": {
        "nameen": "zhengzhou",
        "cityname": "郑州",
        "city": "101180101",
        "temp": "31.9",
        "tempf": "89.4",
        "WD": "东南风",
        "wde": "SE",
        "WS": "1级",
        "wse": "2km/h",
        "SD": "64%",
        "sd": "64%",
        "qy": "987",
        "njd": "29km",
        "time": "22:50",
        "rain": "0",
        "rain24h": "0",
        "aqi": "35",
        "aqi_pm25": "35",
        "weather": "晴",
        "weathere": "Sunny",
        "weathercode": "d00",
        "limitnumber": "不限行",
        "date": "08月02日(星期六)"
      },
      "weather": {
        "day": {
          "date": "2日夜间",
          "weather": "晴",
          "temp": "28",
          "tempUnit": "°C",
          "wind": {
            "direction": "东风",
            "directionCode": "E",
            "level": "<3级"
          },
          "sunrise": "日落 19:27"
        },
        "night": {
          "date": "3日白天",
          "weather": "晴",
          "temp": "39",
          "tempUnit": "°C",
          "wind": {
            "direction": "东南风",
            "directionCode": "SE",
            "level": "<3级"
          },
          "sunset": "日出 05:36"
        }
      }
    },
    {
      "id": "101190101",
      "province": "江苏",
      "city": "南京",
      "realtime": {
        "nameen": "nanjing",
        "cityname": "南京",
        "city": "101190101",
        "temp": "26.5",
        "tempf": "79.7",
        "WD": "西南风",
        "wde": "SW",
        "WS": "1级",
        "wse": "3km/h",
        "SD": "100%",
        "sd": "100%",
        "qy": "994",
        "njd": "14km",
        "time": "22:50",
        "rain": "0",
        "rain24h": "0",
        "aqi": "15",
        "aqi_pm25": "15",
        "weather": "阴",
        "weathere": "Overcast",
        "weathercode": "d02",
        "limitnumber": "",
        "date": "08月02日(星期六)"
      },
      "weather": {
        "day": {
          "date": "2日夜间",
          "weather": "雷阵雨",
          "temp": "26",
          "tempUnit": "°C",
          "wind": {
            "direction": "西北风",
            "directionCode": "NW",
            "level": "3-4级"
          },
          "sunrise": "日落 19:01"
        },
        "night": {
          "date": "3日白天",
          "weather": "多云",
          "temp": "32",
          "tempUnit": "°C",
          "wind": {
            "direction": "西北风",
            "directionCode": "NW",
            "level": "3-4级"
          },
          "sunset": "日出 05:20"
        }
      }
    },
    {
      "id": "101200101",
      "province": "湖北",
      "city": "武汉",
      "realtime": {
        "nameen": "wuhan",
        "cityname": "武汉",
        "city": "101200101",
        "temp": "29.7",
        "tempf": "85.5",
        "WD": "北风",
        "wde": "N",
        "WS": "1级",
        "wse": "1km/h",
        "SD": "82%",
        "sd": "82%",
        "qy": "996",
        "njd": "20km",
        "time": "22:50",
        "rain": "0",
        "rain24h": "0",
        "aqi": "28",
        "aqi_pm25": "28",
        "weather": "晴",
        "weathere": "Sunny",
        "weathercode": "d00",
        "limitnumber": "不限行",
        "date": "08月02日(星期六)"
      },
      "weather": {
        "day": {
          "date": "2日夜间",
          "weather": "晴",
          "temp": "28",
          "tempUnit": "°C",
          "wind": {
            "direction": "无持续风向",
            "directionCode": "NNW",
            "level": "<3级"
          },
          "sunrise": "日落 19:16"
        },
        "night": {
          "date": "3日白天",
          "weather": "小雨",
          "temp": "38",
          "tempUnit": "°C",
          "wind": {
            "direction": "无持续风向",
            "directionCode": "NNW",
            "level": "<3级"
          },
          "sunset": "日出 05:41"
        }
      }
    },
    {
      "id": "101210101",
      "province": "浙江",
      "city": "杭州",
      "realtime": {
        "nameen": "hangzhou",
        "cityname": "杭州",
        "city": "101210101",
        "temp": "28.5",
        "tempf": "83.3",
        "WD": "西风",
        "wde": "W",
        "WS": "1级",
        "wse": "5km/h",
        "SD": "88%",
        "sd": "88%",
        "qy": "994",
        "njd": "12km",
        "time": "22:50",
        "rain": "0",
        "rain24h": "0",
        "aqi": "38",
        "aqi_pm25": "38",
        "weather": "阴",
        "weathere": "Overcast",
        "weathercode": "d02",
        "limitnumber": "不限行",
        "date": "08月02日(星期六)"
      },
      "weather": {
        "day": {
          "date": "2日夜间",
          "weather": "晴",
          "temp": "27",
          "tempUnit": "°C",
          "wind": {
            "direction": "西南风",
            "directionCode": "SW",
            "level": "<3级"
          },
          "sunrise": "日落 18:52"
        },
        "night": {
          "date": "3日白天",
          "weather": "小雨",
          "temp": "34",
          "tempUnit": "°C",
          "wind": {
            "direction": "东风",
            "directionCode": "E",
            "level": "<3级"
          },
          "sunset": "日出 05:18"
        }
      }
    },
    {
      "id": "101220101",
      "province": "安徽",
      "city": "合肥",
      "realtime": {
        "nameen": "hefei",
        "cityname": "合肥",
        "city": "101220101",
        "temp": "27.5",
        "tempf": "81.5",
        "WD": "西南风",
        "wde": "SW",
        "WS": "2级",
        "wse": "7km/h",
        "SD": "96%",
        "sd": "96%",
        "qy": "992",
        "njd": "8km",
        "time": "22:50",
        "rain": "0",
        "rain24h": "0",
        "aqi": "27",
        "aqi_pm25": "27",
        "weather": "晴",
        "weathere": "Sunny",
        "weathercode": "d00",
        "limitnumber": "",
        "date": "08月02日(星期六)"
      },
      "weather": {
        "day": {
          "date": "2日夜间",
          "weather": "阴",
          "temp": "26",
          "tempUnit": "°C",
          "wind": {
            "direction": "西北风",
            "directionCode": "NW",
            "level": "<3级"
          },
          "sunrise": "日落 19:07"
        },
        "night": {
          "date": "3日白天",
          "weather": "多云",
          "temp": "34",
          "tempUnit": "°C",
          "wind": {
            "direction": "西北风",
            "directionCode": "NW",
            "level": "<3级"
          },
          "sunset": "日出 05:27"
        }
      }
    },
    {
      "id": "101230101",
      "province": "福建",
      "city": "福州",
      "realtime": {
        "nameen": "fuzhou",
        "cityname": "福州",
        "city": "101230101",
        "temp": "27.6",
        "tempf": "81.7",
        "WD": "南风",
        "wde": "S",
        "WS": "1级",
        "wse": "4km/h",
        "SD": "92%",
        "sd": "92%",
        "qy": "992",
        "njd": "22km",
        "time": "22:50",
        "rain": "0",
        "rain24h": "0",
        "aqi": "24",
        "aqi_pm25": "24",
        "weather": "阴",
        "weathere": "Overcast",
        "weathercode": "d02",
        "limitnumber": "",
        "date": "08月02日(星期六)"
      },
      "weather": {
        "day": {
          "date": "2日夜间",
          "weather": "阴",
          "temp": "27",
          "tempUnit": "°C",
          "wind": {
            "direction": "无持续风向",
            "directionCode": "NNW",
            "level": "<3级"
          },
          "sunrise": "日落 18:49"
        },
        "night": {
          "date": "3日白天",
          "weather": "小雨",
          "temp": "33",
          "tempUnit": "°C",
          "wind": {
            "direction": "无持续风向",
            "directionCode": "NNW",
            "level": "<3级"
          },
          "sunset": "日出 05:29"
        }
      }
    },
    {
      "id": "101240101",
      "province": "江西",
      "city": "南昌",
      "realtime": {
        "nameen": "nanchang",
        "cityname": "南昌",
        "city": "101240101",
        "temp": "32.2",
        "tempf": "90",
        "WD": "西南风",
        "wde": "SW",
        "WS": "2级",
        "wse": "7km/h",
        "SD": "72%",
        "sd": "72%",
        "qy": "994",
        "njd": "19km",
        "time": "22:50",
        "rain": "0",
        "rain24h": "0",
        "aqi": "46",
        "aqi_pm25": "46",
        "weather": "阴",
        "weathere": "Overcast",
        "weathercode": "d02",
        "limitnumber": "",
        "date": "08月02日(星期六)"
      },
      "weather": {
        "day": {
          "date": "2日夜间",
          "weather": "多云",
          "temp": "29",
          "tempUnit": "°C",
          "wind": {
            "direction": "西南风",
            "directionCode": "SW",
            "level": "<3级"
          },
          "sunrise": "日落 19:07"
        },
        "night": {
          "date": "3日白天",
          "weather": "多云",
          "temp": "38",
          "tempUnit": "°C",
          "wind": {
            "direction": "西南风",
            "directionCode": "SW",
            "level": "<3级"
          },
          "sunset": "日出 05:38"
        }
      }
    },
    {
      "id": "101250101",
      "province": "湖南",
      "city": "长沙",
      "realtime": {
        "nameen": "changsha",
        "cityname": "长沙",
        "city": "101250101",
        "temp": "29.4",
        "tempf": "84.9",
        "WD": "北风",
        "wde": "N",
        "WS": "0级",
        "wse": "0km/h",
        "SD": "82%",
        "sd": "82%",
        "qy": "986",
        "njd": "9km",
        "time": "22:50",
        "rain": "0",
        "rain24h": "0",
        "aqi": "51",
        "aqi_pm25": "51",
        "weather": "晴",
        "weathere": "Sunny",
        "weathercode": "d00",
        "limitnumber": "",
        "date": "08月02日(星期六)"
      },
      "weather": {
        "day": {
          "date": "2日夜间",
          "weather": "多云",
          "temp": "27",
          "tempUnit": "°C",
          "wind": {
            "direction": "南风",
            "directionCode": "S",
            "level": "<3级"
          },
          "sunrise": "日落 19:18"
        },
        "night": {
          "date": "3日白天",
          "weather": "晴",
          "temp": "36",
          "tempUnit": "°C",
          "wind": {
            "direction": "南风",
            "directionCode": "S",
            "level": "<3级"
          },
          "sunset": "日出 05:50"
        }
      }
    },
    {
      "id": "101260101",
      "province": "贵州",
      "city": "贵阳",
      "realtime": {
        "nameen": "guiyang",
        "cityname": "贵阳",
        "city": "101260101",
        "temp": "26.3",
        "tempf": "79.3",
        "WD": "东南风",
        "wde": "SE",
        "WS": "2级",
        "wse": "6km/h",
        "SD": "60%",
        "sd": "60%",
        "qy": "871",
        "njd": "28km",
        "time": "22:50",
        "rain": "0",
        "rain24h": "0",
        "aqi": "25",
        "aqi_pm25": "25",
        "weather": "晴",
        "weathere": "Sunny",
        "weathercode": "d00",
        "limitnumber": null,
        "date": "08月02日(星期六)"
      },
      "weather": {
        "day": {
          "date": "2日夜间",
          "weather": "晴",
          "temp": "21",
          "tempUnit": "°C",
          "wind": {
            "direction": "南风",
            "directionCode": "S",
            "level": "<3级"
          },
          "sunrise": "日落 19:40"
        },
        "night": {
          "date": "3日白天",
          "weather": "多云",
          "temp": "32",
          "tempUnit": "°C",
          "wind": {
            "direction": "南风",
            "directionCode": "S",
            "level": "<3级"
          },
          "sunset": "日出 06:18"
        }
      }
    },
    {
      "id": "101270101",
      "province": "四川",
      "city": "成都",
      "realtime": {
        "nameen": "chengdu",
        "cityname": "成都",
        "city": "101270101",
        "temp": "30.2",
        "tempf": "86.4",
        "WD": "北风",
        "wde": "N",
        "WS": "0级",
        "wse": "0km/h",
        "SD": "67%",
        "sd": "67%",
        "qy": "943",
        "njd": "22km",
        "time": "22:50",
        "rain": "0",
        "rain24h": "0",
        "aqi": "43",
        "aqi_pm25": "43",
        "weather": "晴",
        "weathere": "Sunny",
        "weathercode": "d00",
        "limitnumber": "不限行",
        "date": "08月02日(星期六)"
      },
      "weather": {
        "day": {
          "date": "2日夜间",
          "weather": "晴",
          "temp": "26",
          "tempUnit": "°C",
          "wind": {
            "direction": "无持续风向",
            "directionCode": "NNW",
            "level": "<3级"
          },
          "sunrise": "日落 19:57"
        },
        "night": {
          "date": "3日白天",
          "weather": "晴",
          "temp": "38",
          "tempUnit": "°C",
          "wind": {
            "direction": "无持续风向",
            "directionCode": "NNW",
            "level": "<3级"
          },
          "sunset": "日出 06:22"
        }
      }
    },
    {
      "id": "101280101",
      "province": "广东",
      "city": "广州",
      "realtime": {
        "nameen": "guangzhou",
        "cityname": "广州",
        "city": "101280101",
        "temp": "27.3",
        "tempf": "81.1",
        "WD": "东南风",
        "wde": "SE",
        "WS": "1级",
        "wse": "2km/h",
        "SD": "100%",
        "sd": "100%",
        "qy": "999",
        "njd": "8km",
        "time": "22:50",
        "rain": "0",
        "rain24h": "0",
        "aqi": "26",
        "aqi_pm25": "26",
        "weather": "阴",
        "weathere": "Overcast",
        "weathercode": "d02",
        "limitnumber": "不限行",
        "date": "08月02日(星期六)"
      },
      "weather": {
        "day": {
          "date": "2日夜间",
          "weather": "中雨",
          "temp": "25",
          "tempUnit": "°C",
          "wind": {
            "direction": "无持续风向",
            "directionCode": "NNW",
            "level": "<3级"
          },
          "sunrise": "日落 19:08"
        },
        "night": {
          "date": "3日白天",
          "weather": "大到暴雨",
          "temp": "31",
          "tempUnit": "°C",
          "wind": {
            "direction": "无持续风向",
            "directionCode": "NNW",
            "level": "<3级"
          },
          "sunset": "日出 05:58"
        }
      }
    },
    {
      "id": "101290101",
      "province": "云南",
      "city": "昆明",
      "realtime": {
        "nameen": "kunming",
        "cityname": "昆明",
        "city": "101290101",
        "temp": "19.9",
        "tempf": "67.8",
        "WD": "西风",
        "wde": "W",
        "WS": "2级",
        "wse": "6km/h",
        "SD": "93%",
        "sd": "93%",
        "qy": "807",
        "njd": "21km",
        "time": "22:50",
        "rain": "0.2",
        "rain24h": "0.2",
        "aqi": "30",
        "aqi_pm25": "30",
        "weather": "多云",
        "weathere": "Cloudy",
        "weathercode": "d01",
        "limitnumber": "",
        "date": "08月02日(星期六)"
      },
      "weather": {
        "day": {
          "date": "2日夜间",
          "weather": "多云",
          "temp": "18",
          "tempUnit": "°C",
          "wind": {
            "direction": "无持续风向",
            "directionCode": "NNW",
            "level": "<3级"
          },
          "sunrise": "日落 19:52"
        },
        "night": {
          "date": "3日白天",
          "weather": "阵雨",
          "temp": "28",
          "tempUnit": "°C",
          "wind": {
            "direction": "无持续风向",
            "directionCode": "NNW",
            "level": "<3级"
          },
          "sunset": "日出 06:36"
        }
      }
    },
    {
      "id": "101300101",
      "province": "广西",
      "city": "南宁",
      "realtime": {
        "nameen": "nanning",
        "cityname": "南宁",
        "city": "101300101",
        "temp": "28.2",
        "tempf": "82.8",
        "WD": "东南风",
        "wde": "SE",
        "WS": "2级",
        "wse": "5km/h",
        "SD": "90%",
        "sd": "90%",
        "qy": "984",
        "njd": "16km",
        "time": "22:50",
        "rain": "0",
        "rain24h": "0",
        "aqi": "30",
        "aqi_pm25": "30",
        "weather": "阴",
        "weathere": "Overcast",
        "weathercode": "d02",
        "limitnumber": "",
        "date": "08月02日(星期六)"
      },
      "weather": {
        "day": {
          "date": "2日夜间",
          "weather": "多云",
          "temp": "26",
          "tempUnit": "°C",
          "wind": {
            "direction": "南风",
            "directionCode": "S",
            "level": "<3级"
          },
          "sunrise": "日落 19:27"
        },
        "night": {
          "date": "3日白天",
          "weather": "多云",
          "temp": "33",
          "tempUnit": "°C",
          "wind": {
            "direction": "南风",
            "directionCode": "S",
            "level": "<3级"
          },
          "sunset": "日出 06:18"
        }
      }
    },
    {
      "id": "101310101",
      "province": "海南",
      "city": "海口",
      "realtime": {
        "nameen": "haikou",
        "cityname": "海口",
        "city": "101310101",
        "temp": "29.9",
        "tempf": "85.8",
        "WD": "南风",
        "wde": "S",
        "WS": "2级",
        "wse": "5km/h",
        "SD": "77%",
        "sd": "77%",
        "qy": "996",
        "njd": "23km",
        "time": "22:50",
        "rain": "0",
        "rain24h": "0",
        "aqi": "35",
        "aqi_pm25": "35",
        "weather": "阴",
        "weathere": "Overcast",
        "weathercode": "d02",
        "limitnumber": "",
        "date": "08月02日(星期六)"
      },
      "weather": {
        "day": {
          "date": "2日夜间",
          "weather": "多云",
          "temp": "27",
          "tempUnit": "°C",
          "wind": {
            "direction": "无持续风向",
            "directionCode": "NNW",
            "level": "<3级"
          },
          "sunrise": "日落 19:15"
        },
        "night": {
          "date": "3日白天",
          "weather": "多云",
          "temp": "35",
          "tempUnit": "°C",
          "wind": {
            "direction": "无持续风向",
            "directionCode": "NNW",
            "level": "<3级"
          },
          "sunset": "日出 06:14"
        }
      }
    },
    {
      "id": "101320101",
      "province": "香港",
      "city": "香港",
      "realtime": {
        "nameen": "hongkong",
        "cityname": "香港",
        "city": "101320101",
        "temp": "28.5",
        "tempf": "83.3",
        "WD": "微风",
        "wde": "NWW",
        "WS": "3级",
        "wse": "12km/h",
        "SD": "98%",
        "sd": "98%",
        "qy": "999",
        "njd": "4km",
        "time": "22:30",
        "rain": "0.1",
        "rain24h": "0.1",
        "aqi": "21",
        "aqi_pm25": "21",
        "weather": "阴",
        "weathere": "Overcast",
        "weathercode": "d02",
        "limitnumber": "",
        "date": "08月02日(星期六)"
      },
      "weather": {
        "day": {
          "date": "2日夜间",
          "weather": "暴雨",
          "temp": "26",
          "tempUnit": "°C",
          "wind": {
            "direction": "西南风",
            "directionCode": "SW",
            "level": "4-5级"
          },
          "sunrise": "日落 19:03"
        },
        "night": {
          "date": "3日白天",
          "weather": "暴雨",
          "temp": "29",
          "tempUnit": "°C",
          "wind": {
            "direction": "西南风",
            "directionCode": "SW",
            "level": "4-5级"
          },
          "sunset": "日出 05:55"
        }
      }
    },
    {
      "id": "101330101",
      "province": "澳门",
      "city": "澳门",
      "realtime": {
        "nameen": "macao",
        "cityname": "澳门",
        "city": "101330101",
        "temp": "29",
        "tempf": "84.2",
        "WD": "微风",
        "wde": "NWW",
        "WS": "2级",
        "wse": "5km/h",
        "SD": "95%",
        "sd": "95%",
        "qy": "1006",
        "njd": "12km",
        "time": "22:30",
        "rain": "0",
        "rain24h": "0",
        "aqi": "17",
        "aqi_pm25": "17",
        "weather": "阴",
        "weathere": "Overcast",
        "weathercode": "d02",
        "limitnumber": "",
        "date": "08月02日(星期六)"
      },
      "weather": {
        "day": {
          "date": "2日夜间",
          "weather": "阵雨",
          "temp": "25",
          "tempUnit": "°C",
          "wind": {
            "direction": "西南风",
            "directionCode": "SW",
            "level": "3-4级"
          },
          "sunrise": "日落 19:05"
        },
        "night": {
          "date": "3日白天",
          "weather": "暴雨",
          "temp": "29",
          "tempUnit": "°C",
          "wind": {
            "direction": "西南风",
            "directionCode": "SW",
            "level": "3-4级"
          },
          "sunset": "日出 05:58"
        }
      }
    },
    {
      "id": "101340101",
      "province": "台湾",
      "city": "台北",
      "realtime": {
        "nameen": "taibeixian",
        "cityname": "台北",
        "city": "101340101",
        "temp": "26.7",
        "tempf": "80.1",
        "WD": "微风",
        "wde": "NWW",
        "WS": "1级",
        "wse": "1km/h",
        "SD": "90%",
        "sd": "90%",
        "qy": "1007",
        "njd": "4km",
        "time": "23:00",
        "rain": "0",
        "rain24h": "0",
        "aqi": "26",
        "aqi_pm25": "26",
        "weather": "多云",
        "weathere": "Cloudy",
        "weathercode": "d01",
        "limitnumber": "",
        "date": "08月02日(星期六)"
      },
      "weather": {
        "day": {
          "date": "2日夜间",
          "weather": "多云",
          "temp": "27",
          "tempUnit": "°C",
          "wind": {
            "direction": "无持续风向",
            "directionCode": "NNW",
            "level": "<3级"
          },
          "sunrise": "日落 18:38"
        },
        "night": {
          "date": "3日白天",
          "weather": "小雨",
          "temp": "30",
          "tempUnit": "°C",
          "wind": {
            "direction": "无持续风向",
            "directionCode": "NNW",
            "level": "<3级"
          },
          "sunset": "日出 05:21"
        }
      }
    }
  ]
}
