{
  "timestamp": 1670058181937,
  "lastUpdate": "2022-12-03 17:03:01",
  "data": [
    {
      "id": "101010100",
      "province": "北京",
      "city": "北京",
      "realtime": {
        "nameen": "beijing",
        "cityname": "北京",
        "city": "101010100",
        "temp": "1",
        "tempf": "33",
        "WD": "西北风",
        "wde": "NW",
        "WS": "3级",
        "wse": "13km/h",
        "SD": "13%",
        "sd": "13%",
        "qy": "1027",
        "njd": "30km",
        "time": "16:50",
        "rain": "0",
        "rain24h": "0",
        "aqi": "20",
        "aqi_pm25": "20",
        "weather": "多云",
        "weathere": "Cloudy",
        "weathercode": "d01",
        "limitnumber": "不限行",
        "date": "12月03日(星期六)"
      },
      "weather": {
        "day": {
          "date": "3日白天",
          "weather": "晴",
          "temp": "1",
          "tempUnit": "°C",
          "wind": {
            "direction": "北风",
            "directionCode": "N",
            "level": "<3级"
          },
          "sunrise": "日出 07:18"
        },
        "night": {
          "date": "3日夜间",
          "weather": "晴",
          "temp": "-8",
          "tempUnit": "°C",
          "wind": {
            "direction": "北风",
            "directionCode": "N",
            "level": "<3级"
          },
          "sunset": "日落 16:49"
        }
      }
    },
    {
      "id": "101020100",
      "province": "上海",
      "city": "上海",
      "realtime": {
        "nameen": "shanghai",
        "cityname": "上海",
        "city": "101020100",
        "temp": "9",
        "tempf": "48",
        "WD": "北风",
        "wde": "N",
        "WS": "0级",
        "wse": "0km/h",
        "SD": "100%",
        "sd": "100%",
        "qy": "1022",
        "njd": "2km",
        "time": "16:50",
        "rain": "0.2",
        "rain24h": "0.2",
        "aqi": "18",
        "aqi_pm25": "18",
        "weather": "多云",
        "weathere": "Cloudy",
        "weathercode": "d01",
        "limitnumber": "",
        "date": "12月03日(星期六)"
      },
      "weather": {
        "day": {
          "date": "3日白天",
          "weather": "小雨",
          "temp": "10",
          "tempUnit": "°C",
          "wind": {
            "direction": "北风",
            "directionCode": "N",
            "level": "3-4级"
          },
          "sunrise": "日出 06:36"
        },
        "night": {
          "date": "3日夜间",
          "weather": "小雨",
          "temp": "8",
          "tempUnit": "°C",
          "wind": {
            "direction": "北风",
            "directionCode": "N",
            "level": "4-5级"
          },
          "sunset": "日落 16:51"
        }
      }
    },
    {
      "id": "101030100",
      "province": "天津",
      "city": "天津",
      "realtime": {
        "nameen": "tianjin",
        "cityname": "天津",
        "city": "101030100",
        "temp": "0",
        "tempf": "32",
        "WD": "北风",
        "wde": "N",
        "WS": "1级",
        "wse": "3km/h",
        "SD": "23%",
        "sd": "23%",
        "qy": "1031",
        "njd": "30km",
        "time": "16:50",
        "rain": "0",
        "rain24h": "0",
        "aqi": "19",
        "aqi_pm25": "19",
        "weather": "多云",
        "weathere": "Cloudy",
        "weathercode": "d01",
        "limitnumber": "不限行",
        "date": "12月03日(星期六)"
      },
      "weather": {
        "day": {
          "date": "3日白天",
          "weather": "晴",
          "temp": "1",
          "tempUnit": "°C",
          "wind": {
            "direction": "北风",
            "directionCode": "N",
            "level": "4-5级"
          },
          "sunrise": "日出 07:12"
        },
        "night": {
          "date": "3日夜间",
          "weather": "晴",
          "temp": "-6",
          "tempUnit": "°C",
          "wind": {
            "direction": "北风",
            "directionCode": "N",
            "level": "<3级"
          },
          "sunset": "日落 16:48"
        }
      }
    },
    {
      "id": "101040100",
      "province": "重庆",
      "city": "重庆",
      "realtime": {
        "nameen": "chongqing",
        "cityname": "重庆",
        "city": "101040100",
        "temp": "10",
        "tempf": "50",
        "WD": "西北风",
        "wde": "NW",
        "WS": "1级",
        "wse": "5km/h",
        "SD": "73%",
        "sd": "73%",
        "qy": "989",
        "njd": "6km",
        "time": "16:50",
        "rain": "0",
        "rain24h": "0",
        "aqi": "50",
        "aqi_pm25": "50",
        "weather": "多云",
        "weathere": "Cloudy",
        "weathercode": "d01",
        "limitnumber": "",
        "date": "12月03日(星期六)"
      },
      "weather": {
        "day": {
          "date": "3日白天",
          "weather": "阴",
          "temp": "10",
          "tempUnit": "°C",
          "wind": {
            "direction": "北风",
            "directionCode": "N",
            "level": "<3级"
          },
          "sunrise": "日出 07:32"
        },
        "night": {
          "date": "3日夜间",
          "weather": "阴",
          "temp": "8",
          "tempUnit": "°C",
          "wind": {
            "direction": "西北风",
            "directionCode": "NW",
            "level": "<3级"
          },
          "sunset": "日落 17:54"
        }
      }
    },
    {
      "id": "101050101",
      "province": "黑龙江",
      "city": "哈尔滨",
      "realtime": {
        "nameen": "haerbin",
        "cityname": "哈尔滨",
        "city": "101050101",
        "temp": "-15",
        "tempf": "5",
        "WD": "西南风",
        "wde": "SW",
        "WS": "1级",
        "wse": "4km/h",
        "SD": "48%",
        "sd": "48%",
        "qy": "1010",
        "njd": "11km",
        "time": "16:50",
        "rain": "0",
        "rain24h": "0",
        "aqi": "22",
        "aqi_pm25": "22",
        "weather": "晴",
        "weathere": "Sunny",
        "weathercode": "d00",
        "limitnumber": "",
        "date": "12月03日(星期六)"
      },
      "weather": {
        "day": {
          "date": "3日白天",
          "weather": "晴",
          "temp": "-13",
          "tempUnit": "°C",
          "wind": {
            "direction": "西北风",
            "directionCode": "NW",
            "level": "3-4级"
          },
          "sunrise": "日出 06:56"
        },
        "night": {
          "date": "3日夜间",
          "weather": "晴",
          "temp": "-20",
          "tempUnit": "°C",
          "wind": {
            "direction": "西风",
            "directionCode": "W",
            "level": "3-4级"
          },
          "sunset": "日落 15:50"
        }
      }
    },
    {
      "id": "101060101",
      "province": "吉林",
      "city": "长春",
      "realtime": {
        "nameen": "changchun",
        "cityname": "长春",
        "city": "101060101",
        "temp": "-12",
        "tempf": "10",
        "WD": "西风",
        "wde": "W",
        "WS": "3级",
        "wse": "12km/h",
        "SD": "33%",
        "sd": "33%",
        "qy": "997",
        "njd": "9km",
        "time": "16:50",
        "rain": "0",
        "rain24h": "0",
        "aqi": "25",
        "aqi_pm25": "25",
        "weather": "晴",
        "weathere": "Sunny",
        "weathercode": "d00",
        "limitnumber": "",
        "date": "12月03日(星期六)"
      },
      "weather": {
        "day": {
          "date": "3日白天",
          "weather": "晴",
          "temp": "-11",
          "tempUnit": "°C",
          "wind": {
            "direction": "西风",
            "directionCode": "W",
            "level": "3-4级"
          },
          "sunrise": "日出 06:54"
        },
        "night": {
          "date": "3日夜间",
          "weather": "晴",
          "temp": "-17",
          "tempUnit": "°C",
          "wind": {
            "direction": "西风",
            "directionCode": "W",
            "level": "<3级"
          },
          "sunset": "日落 16:02"
        }
      }
    },
    {
      "id": "101070101",
      "province": "辽宁",
      "city": "沈阳",
      "realtime": {
        "nameen": "shenyang",
        "cityname": "沈阳",
        "city": "101070101",
        "temp": "-8",
        "tempf": "17",
        "WD": "西北风",
        "wde": "NW",
        "WS": "2级",
        "wse": "7km/h",
        "SD": "21%",
        "sd": "21%",
        "qy": "1024",
        "njd": "30km",
        "time": "16:50",
        "rain": "0",
        "rain24h": "0",
        "aqi": "18",
        "aqi_pm25": "18",
        "weather": "晴",
        "weathere": "Sunny",
        "weathercode": "d00",
        "limitnumber": "",
        "date": "12月03日(星期六)"
      },
      "weather": {
        "day": {
          "date": "3日白天",
          "weather": "晴",
          "temp": "-6",
          "tempUnit": "°C",
          "wind": {
            "direction": "西北风",
            "directionCode": "NW",
            "level": "3-4级"
          },
          "sunrise": "日出 06:55"
        },
        "night": {
          "date": "3日夜间",
          "weather": "晴",
          "temp": "-17",
          "tempUnit": "°C",
          "wind": {
            "direction": "西北风",
            "directionCode": "NW",
            "level": "<3级"
          },
          "sunset": "日落 16:16"
        }
      }
    },
    {
      "id": "101080101",
      "province": "内蒙古",
      "city": "呼和浩特",
      "realtime": {
        "nameen": "huhehaote",
        "cityname": "呼和浩特",
        "city": "101080101",
        "temp": "-7",
        "tempf": "19",
        "WD": "西南风",
        "wde": "SW",
        "WS": "2级",
        "wse": "9km/h",
        "SD": "28%",
        "sd": "28%",
        "qy": "894",
        "njd": "30km",
        "time": "16:50",
        "rain": "0",
        "rain24h": "0",
        "aqi": "29",
        "aqi_pm25": "29",
        "weather": "晴",
        "weathere": "Sunny",
        "weathercode": "d00",
        "limitnumber": "",
        "date": "12月03日(星期六)"
      },
      "weather": {
        "day": {
          "date": "3日白天",
          "weather": "晴",
          "temp": "-5",
          "tempUnit": "°C",
          "wind": {
            "direction": "西北风",
            "directionCode": "NW",
            "level": "3-4级"
          },
          "sunrise": "日出 07:39"
        },
        "night": {
          "date": "3日夜间",
          "weather": "晴",
          "temp": "-14",
          "tempUnit": "°C",
          "wind": {
            "direction": "西北风",
            "directionCode": "NW",
            "level": "3-4级"
          },
          "sunset": "日落 17:05"
        }
      }
    },
    {
      "id": "101090101",
      "province": "河北",
      "city": "石家庄",
      "realtime": {
        "nameen": "shijiazhuang",
        "cityname": "石家庄",
        "city": "101090101",
        "temp": "1",
        "tempf": "33",
        "WD": "东南风",
        "wde": "SE",
        "WS": "2级",
        "wse": "8km/h",
        "SD": "34%",
        "sd": "34%",
        "qy": "1020",
        "njd": "12km",
        "time": "16:50",
        "rain": "0",
        "rain24h": "0",
        "aqi": "75",
        "aqi_pm25": "75",
        "weather": "多云",
        "weathere": "Cloudy",
        "weathercode": "d01",
        "limitnumber": "",
        "date": "12月03日(星期六)"
      },
      "weather": {
        "day": {
          "date": "3日白天",
          "weather": "多云",
          "temp": "3",
          "tempUnit": "°C",
          "wind": {
            "direction": "南风",
            "directionCode": "S",
            "level": "<3级"
          },
          "sunrise": "日出 07:20"
        },
        "night": {
          "date": "3日夜间",
          "weather": "多云",
          "temp": "-6",
          "tempUnit": "°C",
          "wind": {
            "direction": "北风",
            "directionCode": "N",
            "level": "<3级"
          },
          "sunset": "日落 17:02"
        }
      }
    },
    {
      "id": "101100101",
      "province": "山西",
      "city": "太原",
      "realtime": {
        "nameen": "taiyuan",
        "cityname": "太原",
        "city": "101100101",
        "temp": "1",
        "tempf": "33",
        "WD": "西北风",
        "wde": "NW",
        "WS": "2级",
        "wse": "6km/h",
        "SD": "22%",
        "sd": "22%",
        "qy": "935",
        "njd": "19km",
        "time": "16:50",
        "rain": "0",
        "rain24h": "0",
        "aqi": "70",
        "aqi_pm25": "70",
        "weather": "多云",
        "weathere": "Cloudy",
        "weathercode": "d01",
        "limitnumber": "",
        "date": "12月03日(星期六)"
      },
      "weather": {
        "day": {
          "date": "3日白天",
          "weather": "多云",
          "temp": "3",
          "tempUnit": "°C",
          "wind": {
            "direction": "北风",
            "directionCode": "N",
            "level": "<3级"
          },
          "sunrise": "日出 07:28"
        },
        "night": {
          "date": "3日夜间",
          "weather": "晴",
          "temp": "-8",
          "tempUnit": "°C",
          "wind": {
            "direction": "北风",
            "directionCode": "N",
            "level": "<3级"
          },
          "sunset": "日落 17:10"
        }
      }
    },
    {
      "id": "101110101",
      "province": "陕西",
      "city": "西安",
      "realtime": {
        "nameen": "xian",
        "cityname": "西安",
        "city": "101110101",
        "temp": "7",
        "tempf": "44",
        "WD": "西北风",
        "wde": "NW",
        "WS": "1级",
        "wse": "3km/h",
        "SD": "36%",
        "sd": "36%",
        "qy": "980",
        "njd": "7km",
        "time": "16:50",
        "rain": "0",
        "rain24h": "0",
        "aqi": "139",
        "aqi_pm25": "139",
        "weather": "雾",
        "weathere": "Foggy",
        "weathercode": "d18",
        "limitnumber": "不限行",
        "date": "12月03日(星期六)"
      },
      "weather": {
        "day": {
          "date": "3日白天",
          "weather": "多云",
          "temp": "7",
          "tempUnit": "°C",
          "wind": {
            "direction": "无持续风向",
            "directionCode": "NNW",
            "level": "<3级"
          },
          "sunrise": "日出 07:33"
        },
        "night": {
          "date": "3日夜间",
          "weather": "阴",
          "temp": "0",
          "tempUnit": "°C",
          "wind": {
            "direction": "无持续风向",
            "directionCode": "NNW",
            "level": "<3级"
          },
          "sunset": "日落 17:34"
        }
      }
    },
    {
      "id": "101120101",
      "province": "山东",
      "city": "济南",
      "realtime": {
        "nameen": "jinan",
        "cityname": "济南",
        "city": "101120101",
        "temp": "1",
        "tempf": "33",
        "WD": "东风",
        "wde": "E",
        "WS": "2级",
        "wse": "11km/h",
        "SD": "41%",
        "sd": "41%",
        "qy": "1009",
        "njd": "23km",
        "time": "16:50",
        "rain": "0",
        "rain24h": "0",
        "aqi": "71",
        "aqi_pm25": "71",
        "weather": "多云",
        "weathere": "Cloudy",
        "weathercode": "d01",
        "limitnumber": "",
        "date": "12月03日(星期六)"
      },
      "weather": {
        "day": {
          "date": "3日白天",
          "weather": "多云",
          "temp": "5",
          "tempUnit": "°C",
          "wind": {
            "direction": "北风",
            "directionCode": "N",
            "level": "3-4级"
          },
          "sunrise": "日出 07:06"
        },
        "night": {
          "date": "3日夜间",
          "weather": "阴",
          "temp": "-2",
          "tempUnit": "°C",
          "wind": {
            "direction": "北风",
            "directionCode": "N",
            "level": "<3级"
          },
          "sunset": "日落 16:55"
        }
      }
    },
    {
      "id": "101130101",
      "province": "新疆",
      "city": "乌鲁木齐",
      "realtime": {
        "nameen": "wulumuqi",
        "cityname": "乌鲁木齐",
        "city": "101130101",
        "temp": "-8",
        "tempf": "17",
        "WD": "西北风",
        "wde": "NW",
        "WS": "2级",
        "wse": "6km/h",
        "SD": "79%",
        "sd": "79%",
        "qy": "962",
        "njd": "2km",
        "time": "16:50",
        "rain": "0",
        "rain24h": "0",
        "aqi": "112",
        "aqi_pm25": "112",
        "weather": "雾",
        "weathere": "Foggy",
        "weathercode": "d18",
        "limitnumber": "",
        "date": "12月03日(星期六)"
      },
      "weather": {
        "day": {
          "date": "3日白天",
          "weather": "多云",
          "temp": "-9",
          "tempUnit": "°C",
          "wind": {
            "direction": "无持续风向",
            "directionCode": "NNW",
            "level": "<3级"
          },
          "sunrise": "日出 09:25"
        },
        "night": {
          "date": "3日夜间",
          "weather": "多云",
          "temp": "-16",
          "tempUnit": "°C",
          "wind": {
            "direction": "无持续风向",
            "directionCode": "NNW",
            "level": "<3级"
          },
          "sunset": "日落 18:32"
        }
      }
    },
    {
      "id": "101140101",
      "province": "西藏",
      "city": "拉萨",
      "realtime": {
        "nameen": "lasa",
        "cityname": "拉萨",
        "city": "101140101",
        "temp": "14",
        "tempf": "57",
        "WD": "西风",
        "wde": "W",
        "WS": "2级",
        "wse": "11km/h",
        "SD": "6%",
        "sd": "6%",
        "qy": "636",
        "njd": "30km",
        "time": "16:50",
        "rain": "0",
        "rain24h": "0",
        "aqi": "28",
        "aqi_pm25": "28",
        "weather": "晴",
        "weathere": "Sunny",
        "weathercode": "d00",
        "limitnumber": "",
        "date": "12月03日(星期六)"
      },
      "weather": {
        "day": {
          "date": "3日白天",
          "weather": "晴",
          "temp": "15",
          "tempUnit": "°C",
          "wind": {
            "direction": "西风",
            "directionCode": "W",
            "level": "3-4级"
          },
          "sunrise": "日出 08:34"
        },
        "night": {
          "date": "3日夜间",
          "weather": "晴",
          "temp": "-3",
          "tempUnit": "°C",
          "wind": {
            "direction": "无持续风向",
            "directionCode": "NNW",
            "level": "<3级"
          },
          "sunset": "日落 18:56"
        }
      }
    },
    {
      "id": "101150101",
      "province": "青海",
      "city": "西宁",
      "realtime": {
        "nameen": "xining",
        "cityname": "西宁",
        "city": "101150101",
        "temp": "-2",
        "tempf": "28",
        "WD": "东南风",
        "wde": "SE",
        "WS": "1级",
        "wse": "5km/h",
        "SD": "35%",
        "sd": "35%",
        "qy": "757",
        "njd": "13km",
        "time": "16:50",
        "rain": "0",
        "rain24h": "0",
        "aqi": "79",
        "aqi_pm25": "79",
        "weather": "晴",
        "weathere": "Sunny",
        "weathercode": "d00",
        "limitnumber": "",
        "date": "12月03日(星期六)"
      },
      "weather": {
        "day": {
          "date": "3日白天",
          "weather": "晴",
          "temp": "1",
          "tempUnit": "°C",
          "wind": {
            "direction": "东南风",
            "directionCode": "SE",
            "level": "<3级"
          },
          "sunrise": "日出 08:07"
        },
        "night": {
          "date": "3日夜间",
          "weather": "多云",
          "temp": "-10",
          "tempUnit": "°C",
          "wind": {
            "direction": "西南风",
            "directionCode": "SW",
            "level": "<3级"
          },
          "sunset": "日落 17:57"
        }
      }
    },
    {
      "id": "101160101",
      "province": "甘肃",
      "city": "兰州",
      "realtime": {
        "nameen": "lanzhou",
        "cityname": "兰州",
        "city": "101160101",
        "temp": "-1",
        "tempf": "30",
        "WD": "北风",
        "wde": "N",
        "WS": "1级",
        "wse": "4km/h",
        "SD": "33%",
        "sd": "33%",
        "qy": "813",
        "njd": "10km",
        "time": "16:50",
        "rain": "0",
        "rain24h": "0",
        "aqi": "131",
        "aqi_pm25": "131",
        "weather": "多云",
        "weathere": "Cloudy",
        "weathercode": "d01",
        "limitnumber": "不限行",
        "date": "12月03日(星期六)"
      },
      "weather": {
        "day": {
          "date": "3日白天",
          "weather": "浮尘",
          "temp": "3",
          "tempUnit": "°C",
          "wind": {
            "direction": "无持续风向",
            "directionCode": "NNW",
            "level": "<3级"
          },
          "sunrise": "日出 07:58"
        },
        "night": {
          "date": "3日夜间",
          "weather": "多云",
          "temp": "-6",
          "tempUnit": "°C",
          "wind": {
            "direction": "无持续风向",
            "directionCode": "NNW",
            "level": "<3级"
          },
          "sunset": "日落 17:50"
        }
      }
    },
    {
      "id": "101170101",
      "province": "宁夏",
      "city": "银川",
      "realtime": {
        "nameen": "yinchuan",
        "cityname": "银川",
        "city": "101170101",
        "temp": "-1",
        "tempf": "30",
        "WD": "北风",
        "wde": "N",
        "WS": "2级",
        "wse": "7km/h",
        "SD": "22%",
        "sd": "22%",
        "qy": "898",
        "njd": "12km",
        "time": "16:50",
        "rain": "0",
        "rain24h": "0",
        "aqi": "99",
        "aqi_pm25": "99",
        "weather": "多云",
        "weathere": "Cloudy",
        "weathercode": "d01",
        "limitnumber": "",
        "date": "12月03日(星期六)"
      },
      "weather": {
        "day": {
          "date": "3日白天",
          "weather": "晴",
          "temp": "0",
          "tempUnit": "°C",
          "wind": {
            "direction": "无持续风向",
            "directionCode": "NNW",
            "level": "<3级"
          },
          "sunrise": "日出 07:55"
        },
        "night": {
          "date": "3日夜间",
          "weather": "晴",
          "temp": "-8",
          "tempUnit": "°C",
          "wind": {
            "direction": "无持续风向",
            "directionCode": "NNW",
            "level": "<3级"
          },
          "sunset": "日落 17:34"
        }
      }
    },
    {
      "id": "101180101",
      "province": "河南",
      "city": "郑州",
      "realtime": {
        "nameen": "zhengzhou",
        "cityname": "郑州",
        "city": "101180101",
        "temp": "4",
        "tempf": "39",
        "WD": "东北风",
        "wde": "NE",
        "WS": "1级",
        "wse": "5km/h",
        "SD": "42%",
        "sd": "42%",
        "qy": "1015",
        "njd": "11km",
        "time": "16:50",
        "rain": "0",
        "rain24h": "0",
        "aqi": "93",
        "aqi_pm25": "93",
        "weather": "多云",
        "weathere": "Cloudy",
        "weathercode": "d01",
        "limitnumber": "不限行",
        "date": "12月03日(星期六)"
      },
      "weather": {
        "day": {
          "date": "3日白天",
          "weather": "多云",
          "temp": "6",
          "tempUnit": "°C",
          "wind": {
            "direction": "东北风",
            "directionCode": "NE",
            "level": "3-4级"
          },
          "sunrise": "日出 07:15"
        },
        "night": {
          "date": "3日夜间",
          "weather": "阴",
          "temp": "-2",
          "tempUnit": "°C",
          "wind": {
            "direction": "东北风",
            "directionCode": "NE",
            "level": "<3级"
          },
          "sunset": "日落 17:14"
        }
      }
    },
    {
      "id": "101190101",
      "province": "江苏",
      "city": "南京",
      "realtime": {
        "nameen": "nanjing",
        "cityname": "南京",
        "city": "101190101",
        "temp": "4",
        "tempf": "39",
        "WD": "北风",
        "wde": "N",
        "WS": "2级",
        "wse": "7km/h",
        "SD": "92%",
        "sd": "92%",
        "qy": "1022",
        "njd": "4km",
        "time": "16:50",
        "rain": "0",
        "rain24h": "0",
        "aqi": "56",
        "aqi_pm25": "56",
        "weather": "多云",
        "weathere": "Cloudy",
        "weathercode": "d01",
        "limitnumber": "",
        "date": "12月03日(星期六)"
      },
      "weather": {
        "day": {
          "date": "3日白天",
          "weather": "小雨",
          "temp": "6",
          "tempUnit": "°C",
          "wind": {
            "direction": "北风",
            "directionCode": "N",
            "level": "<3级"
          },
          "sunrise": "日出 06:48"
        },
        "night": {
          "date": "3日夜间",
          "weather": "小雨",
          "temp": "4",
          "tempUnit": "°C",
          "wind": {
            "direction": "北风",
            "directionCode": "N",
            "level": "3-4级"
          },
          "sunset": "日落 17:00"
        }
      }
    },
    {
      "id": "101200101",
      "province": "湖北",
      "city": "武汉",
      "realtime": {
        "nameen": "wuhan",
        "cityname": "武汉",
        "city": "101200101",
        "temp": "6",
        "tempf": "42",
        "WD": "北风",
        "wde": "N",
        "WS": "2级",
        "wse": "7km/h",
        "SD": "66%",
        "sd": "66%",
        "qy": "1022",
        "njd": "10km",
        "time": "16:50",
        "rain": "0",
        "rain24h": "0",
        "aqi": "63",
        "aqi_pm25": "63",
        "weather": "多云",
        "weathere": "Cloudy",
        "weathercode": "d01",
        "limitnumber": "不限行",
        "date": "12月03日(星期六)"
      },
      "weather": {
        "day": {
          "date": "3日白天",
          "weather": "晴",
          "temp": "8",
          "tempUnit": "°C",
          "wind": {
            "direction": "无持续风向",
            "directionCode": "NNW",
            "level": "<3级"
          },
          "sunrise": "日出 07:03"
        },
        "night": {
          "date": "3日夜间",
          "weather": "晴",
          "temp": "3",
          "tempUnit": "°C",
          "wind": {
            "direction": "无持续风向",
            "directionCode": "NNW",
            "level": "<3级"
          },
          "sunset": "日落 17:21"
        }
      }
    },
    {
      "id": "101210101",
      "province": "浙江",
      "city": "杭州",
      "realtime": {
        "nameen": "hangzhou",
        "cityname": "杭州",
        "city": "101210101",
        "temp": "6",
        "tempf": "42",
        "WD": "北风",
        "wde": "N",
        "WS": "2级",
        "wse": "8km/h",
        "SD": "99%",
        "sd": "99%",
        "qy": "1018",
        "njd": "2km",
        "time": "16:50",
        "rain": "0.2",
        "rain24h": "0.2",
        "aqi": "27",
        "aqi_pm25": "27",
        "weather": "多云",
        "weathere": "Cloudy",
        "weathercode": "d01",
        "limitnumber": "不限行",
        "date": "12月03日(星期六)"
      },
      "weather": {
        "day": {
          "date": "3日白天",
          "weather": "小雨",
          "temp": "8",
          "tempUnit": "°C",
          "wind": {
            "direction": "西北风",
            "directionCode": "NW",
            "level": "3-4级"
          },
          "sunrise": "日出 06:39"
        },
        "night": {
          "date": "3日夜间",
          "weather": "小雨",
          "temp": "5",
          "tempUnit": "°C",
          "wind": {
            "direction": "西北风",
            "directionCode": "NW",
            "level": "4-5级"
          },
          "sunset": "日落 16:58"
        }
      }
    },
    {
      "id": "101220101",
      "province": "安徽",
      "city": "合肥",
      "realtime": {
        "nameen": "hefei",
        "cityname": "合肥",
        "city": "101220101",
        "temp": "6",
        "tempf": "42",
        "WD": "西北风",
        "wde": "NW",
        "WS": "2级",
        "wse": "6km/h",
        "SD": "58%",
        "sd": "58%",
        "qy": "1019",
        "njd": "13km",
        "time": "16:50",
        "rain": "0",
        "rain24h": "0",
        "aqi": "58",
        "aqi_pm25": "58",
        "weather": "雾",
        "weathere": "Foggy",
        "weathercode": "d18",
        "limitnumber": "",
        "date": "12月03日(星期六)"
      },
      "weather": {
        "day": {
          "date": "3日白天",
          "weather": "阴",
          "temp": "9",
          "tempUnit": "°C",
          "wind": {
            "direction": "东北风",
            "directionCode": "NE",
            "level": "3-4级"
          },
          "sunrise": "日出 06:54"
        },
        "night": {
          "date": "3日夜间",
          "weather": "阴",
          "temp": "1",
          "tempUnit": "°C",
          "wind": {
            "direction": "东北风",
            "directionCode": "NE",
            "level": "3-4级"
          },
          "sunset": "日落 17:06"
        }
      }
    },
    {
      "id": "101230101",
      "province": "福建",
      "city": "福州",
      "realtime": {
        "nameen": "fuzhou",
        "cityname": "福州",
        "city": "101230101",
        "temp": "17",
        "tempf": "62",
        "WD": "西风",
        "wde": "W",
        "WS": "1级",
        "wse": "2km/h",
        "SD": "84%",
        "sd": "84%",
        "qy": "1007",
        "njd": "28km",
        "time": "16:50",
        "rain": "0",
        "rain24h": "0",
        "aqi": "23",
        "aqi_pm25": "23",
        "weather": "多云",
        "weathere": "Cloudy",
        "weathercode": "d01",
        "limitnumber": "",
        "date": "12月03日(星期六)"
      },
      "weather": {
        "day": {
          "date": "3日白天",
          "weather": "小雨",
          "temp": "20",
          "tempUnit": "°C",
          "wind": {
            "direction": "无持续风向",
            "directionCode": "NNW",
            "level": "<3级"
          },
          "sunrise": "日出 06:34"
        },
        "night": {
          "date": "3日夜间",
          "weather": "阴",
          "temp": "13",
          "tempUnit": "°C",
          "wind": {
            "direction": "无持续风向",
            "directionCode": "NNW",
            "level": "<3级"
          },
          "sunset": "日落 17:10"
        }
      }
    },
    {
      "id": "101240101",
      "province": "江西",
      "city": "南昌",
      "realtime": {
        "nameen": "nanchang",
        "cityname": "南昌",
        "city": "101240101",
        "temp": "5",
        "tempf": "41",
        "WD": "北风",
        "wde": "N",
        "WS": "1级",
        "wse": "5km/h",
        "SD": "93%",
        "sd": "93%",
        "qy": "1018",
        "njd": "4km",
        "time": "16:50",
        "rain": "0",
        "rain24h": "0",
        "aqi": "58",
        "aqi_pm25": "58",
        "weather": "多云",
        "weathere": "Cloudy",
        "weathercode": "d01",
        "limitnumber": "",
        "date": "12月03日(星期六)"
      },
      "weather": {
        "day": {
          "date": "3日白天",
          "weather": "小雨",
          "temp": "8",
          "tempUnit": "°C",
          "wind": {
            "direction": "北风",
            "directionCode": "N",
            "level": "<3级"
          },
          "sunrise": "日出 06:53"
        },
        "night": {
          "date": "3日夜间",
          "weather": "小雨",
          "temp": "5",
          "tempUnit": "°C",
          "wind": {
            "direction": "北风",
            "directionCode": "N",
            "level": "3-4级"
          },
          "sunset": "日落 17:19"
        }
      }
    },
    {
      "id": "101250101",
      "province": "湖南",
      "city": "长沙",
      "realtime": {
        "nameen": "changsha",
        "cityname": "长沙",
        "city": "101250101",
        "temp": "6",
        "tempf": "42",
        "WD": "西北风",
        "wde": "NW",
        "WS": "1级",
        "wse": "3km/h",
        "SD": "95%",
        "sd": "95%",
        "qy": "1019",
        "njd": "2km",
        "time": "16:50",
        "rain": "0",
        "rain24h": "0",
        "aqi": "50",
        "aqi_pm25": "50",
        "weather": "多云",
        "weathere": "Cloudy",
        "weathercode": "d01",
        "limitnumber": "",
        "date": "12月03日(星期六)"
      },
      "weather": {
        "day": {
          "date": "3日白天",
          "weather": "小雨",
          "temp": "7",
          "tempUnit": "°C",
          "wind": {
            "direction": "西北风",
            "directionCode": "NW",
            "level": "<3级"
          },
          "sunrise": "日出 07:03"
        },
        "night": {
          "date": "3日夜间",
          "weather": "小雨",
          "temp": "4",
          "tempUnit": "°C",
          "wind": {
            "direction": "北风",
            "directionCode": "N",
            "level": "<3级"
          },
          "sunset": "日落 17:31"
        }
      }
    },
    {
      "id": "101260101",
      "province": "贵州",
      "city": "贵阳",
      "realtime": {
        "nameen": "guiyang",
        "cityname": "贵阳",
        "city": "101260101",
        "temp": "4",
        "tempf": "39",
        "WD": "东南风",
        "wde": "SE",
        "WS": "2级",
        "wse": "11km/h",
        "SD": "90%",
        "sd": "90%",
        "qy": "878",
        "njd": "5km",
        "time": "16:50",
        "rain": "0",
        "rain24h": "0",
        "aqi": "32",
        "aqi_pm25": "32",
        "weather": "雾",
        "weathere": "Foggy",
        "weathercode": "d18",
        "limitnumber": "不限行",
        "date": "12月03日(星期六)"
      },
      "weather": {
        "day": {
          "date": "3日白天",
          "weather": "雨夹雪",
          "temp": "7",
          "tempUnit": "°C",
          "wind": {
            "direction": "东北风",
            "directionCode": "NE",
            "level": "<3级"
          },
          "sunrise": "日出 07:25"
        },
        "night": {
          "date": "3日夜间",
          "weather": "小雨",
          "temp": "1",
          "tempUnit": "°C",
          "wind": {
            "direction": "东北风",
            "directionCode": "NE",
            "level": "<3级"
          },
          "sunset": "日落 18:00"
        }
      }
    },
    {
      "id": "101270101",
      "province": "四川",
      "city": "成都",
      "realtime": {
        "nameen": "chengdu",
        "cityname": "成都",
        "city": "101270101",
        "temp": "7",
        "tempf": "44",
        "WD": "东北风",
        "wde": "NE",
        "WS": "1级",
        "wse": "3km/h",
        "SD": "72%",
        "sd": "72%",
        "qy": "963",
        "njd": "7km",
        "time": "16:50",
        "rain": "0",
        "rain24h": "0",
        "aqi": "52",
        "aqi_pm25": "52",
        "weather": "雾",
        "weathere": "Foggy",
        "weathercode": "d18",
        "limitnumber": "不限行",
        "date": "12月03日(星期六)"
      },
      "weather": {
        "day": {
          "date": "3日白天",
          "weather": "小雨",
          "temp": "9",
          "tempUnit": "°C",
          "wind": {
            "direction": "无持续风向",
            "directionCode": "NNW",
            "level": "<3级"
          },
          "sunrise": "日出 07:44"
        },
        "night": {
          "date": "3日夜间",
          "weather": "阴",
          "temp": "5",
          "tempUnit": "°C",
          "wind": {
            "direction": "无持续风向",
            "directionCode": "NNW",
            "level": "<3级"
          },
          "sunset": "日落 18:02"
        }
      }
    },
    {
      "id": "101280101",
      "province": "广东",
      "city": "广州",
      "realtime": {
        "nameen": "guangzhou",
        "cityname": "广州",
        "city": "101280101",
        "temp": "18",
        "tempf": "64",
        "WD": "东北风",
        "wde": "NE",
        "WS": "2级",
        "wse": "7km/h",
        "SD": "69%",
        "sd": "69%",
        "qy": "1012",
        "njd": "18km",
        "time": "16:50",
        "rain": "0",
        "rain24h": "0",
        "aqi": "36",
        "aqi_pm25": "36",
        "weather": "多云",
        "weathere": "Cloudy",
        "weathercode": "d01",
        "limitnumber": "不限行",
        "date": "12月03日(星期六)"
      },
      "weather": {
        "day": {
          "date": "3日白天",
          "weather": "阴",
          "temp": "19",
          "tempUnit": "°C",
          "wind": {
            "direction": "无持续风向",
            "directionCode": "NNW",
            "level": "<3级"
          },
          "sunrise": "日出 06:52"
        },
        "night": {
          "date": "3日夜间",
          "weather": "阴",
          "temp": "11",
          "tempUnit": "°C",
          "wind": {
            "direction": "无持续风向",
            "directionCode": "NNW",
            "level": "<3级"
          },
          "sunset": "日落 17:40"
        }
      }
    },
    {
      "id": "101290101",
      "province": "云南",
      "city": "昆明",
      "realtime": {
        "nameen": "kunming",
        "cityname": "昆明",
        "city": "101290101",
        "temp": "20",
        "tempf": "68",
        "WD": "西风",
        "wde": "W",
        "WS": "2级",
        "wse": "6km/h",
        "SD": "29%",
        "sd": "29%",
        "qy": "808",
        "njd": "30km",
        "time": "16:50",
        "rain": "0",
        "rain24h": "0",
        "aqi": "23",
        "aqi_pm25": "23",
        "weather": "多云",
        "weathere": "Cloudy",
        "weathercode": "d01",
        "limitnumber": "",
        "date": "12月03日(星期六)"
      },
      "weather": {
        "day": {
          "date": "3日白天",
          "weather": "晴",
          "temp": "21",
          "tempUnit": "°C",
          "wind": {
            "direction": "西南风",
            "directionCode": "SW",
            "level": "3-4级"
          },
          "sunrise": "日出 07:37"
        },
        "night": {
          "date": "3日夜间",
          "weather": "晴",
          "temp": "8",
          "tempUnit": "°C",
          "wind": {
            "direction": "西南风",
            "directionCode": "SW",
            "level": "<3级"
          },
          "sunset": "日落 18:19"
        }
      }
    },
    {
      "id": "101300101",
      "province": "广西",
      "city": "南宁",
      "realtime": {
        "nameen": "nanning",
        "cityname": "南宁",
        "city": "101300101",
        "temp": "12",
        "tempf": "53",
        "WD": "东风",
        "wde": "E",
        "WS": "2级",
        "wse": "9km/h",
        "SD": "80%",
        "sd": "80%",
        "qy": "994",
        "njd": "2km",
        "time": "16:50",
        "rain": "0",
        "rain24h": "0",
        "aqi": "47",
        "aqi_pm25": "47",
        "weather": "多云",
        "weathere": "Cloudy",
        "weathercode": "d01",
        "limitnumber": "",
        "date": "12月03日(星期六)"
      },
      "weather": {
        "day": {
          "date": "3日白天",
          "weather": "小雨",
          "temp": "11",
          "tempUnit": "°C",
          "wind": {
            "direction": "东北风",
            "directionCode": "NE",
            "level": "<3级"
          },
          "sunrise": "日出 07:11"
        },
        "night": {
          "date": "3日夜间",
          "weather": "阴",
          "temp": "7",
          "tempUnit": "°C",
          "wind": {
            "direction": "东北风",
            "directionCode": "NE",
            "level": "<3级"
          },
          "sunset": "日落 18:00"
        }
      }
    },
    {
      "id": "101310101",
      "province": "海南",
      "city": "海口",
      "realtime": {
        "nameen": "haikou",
        "cityname": "海口",
        "city": "101310101",
        "temp": "18",
        "tempf": "64",
        "WD": "北风",
        "wde": "N",
        "WS": "1级",
        "wse": "5km/h",
        "SD": "97%",
        "sd": "97%",
        "qy": "1007",
        "njd": "1km",
        "time": "16:50",
        "rain": "0.2",
        "rain24h": "0.2",
        "aqi": "28",
        "aqi_pm25": "28",
        "weather": "多云",
        "weathere": "Cloudy",
        "weathercode": "d01",
        "limitnumber": "",
        "date": "12月03日(星期六)"
      },
      "weather": {
        "day": {
          "date": "3日白天",
          "weather": "阵雨",
          "temp": "20",
          "tempUnit": "°C",
          "wind": {
            "direction": "东北风",
            "directionCode": "NE",
            "level": "3-4级"
          },
          "sunrise": "日出 06:58"
        },
        "night": {
          "date": "3日夜间",
          "weather": "多云",
          "temp": "15",
          "tempUnit": "°C",
          "wind": {
            "direction": "东北风",
            "directionCode": "NE",
            "level": "3-4级"
          },
          "sunset": "日落 17:58"
        }
      }
    },
    {
      "id": "101320101",
      "province": "香港",
      "city": "香港",
      "realtime": {
        "nameen": "hongkong",
        "cityname": "香港",
        "city": "101320101",
        "temp": "21",
        "tempf": "69",
        "WD": "微风",
        "wde": "NWW",
        "WS": "2级",
        "wse": "5km/h",
        "SD": "69%",
        "sd": "69%",
        "qy": "998",
        "njd": "4km",
        "time": "16:20",
        "rain": "0",
        "rain24h": "0",
        "aqi": "40",
        "aqi_pm25": "40",
        "weather": "多云",
        "weathere": "Cloudy",
        "weathercode": "d01",
        "limitnumber": "",
        "date": "12月03日(星期六)"
      },
      "weather": {
        "day": {
          "date": "3日白天",
          "weather": "多云",
          "temp": "21",
          "tempUnit": "°C",
          "wind": {
            "direction": "无持续风向",
            "directionCode": "NNW",
            "level": "<3级"
          },
          "sunrise": "日出 06:47"
        },
        "night": {
          "date": "3日夜间",
          "weather": "多云",
          "temp": "17",
          "tempUnit": "°C",
          "wind": {
            "direction": "无持续风向",
            "directionCode": "NNW",
            "level": "<3级"
          },
          "sunset": "日落 17:38"
        }
      }
    },
    {
      "id": "101330101",
      "province": "澳门",
      "city": "澳门",
      "realtime": {
        "nameen": "macao",
        "cityname": "澳门",
        "city": "101330101",
        "temp": "19",
        "tempf": "66",
        "WD": "微风",
        "wde": "NWW",
        "WS": "2级",
        "wse": "5km/h",
        "SD": "68%",
        "sd": "68%",
        "qy": "1007",
        "njd": "6km",
        "time": "17:00",
        "rain": "0",
        "rain24h": "0",
        "aqi": "47",
        "aqi_pm25": "47",
        "weather": "多云",
        "weathere": "Cloudy",
        "weathercode": "d01",
        "limitnumber": "",
        "date": "12月03日(星期六)"
      },
      "weather": {
        "day": {
          "date": "3日白天",
          "weather": "多云",
          "temp": "20",
          "tempUnit": "°C",
          "wind": {
            "direction": "无持续风向",
            "directionCode": "NNW",
            "level": "<3级"
          },
          "sunrise": "日出 06:49"
        },
        "night": {
          "date": "3日夜间",
          "weather": "多云",
          "temp": "16",
          "tempUnit": "°C",
          "wind": {
            "direction": "北风",
            "directionCode": "N",
            "level": "3-4级"
          },
          "sunset": "日落 17:41"
        }
      }
    },
    {
      "id": "101340101",
      "province": "台湾",
      "city": "台北",
      "realtime": {
        "nameen": "taibeixian",
        "cityname": "台北",
        "city": "101340101",
        "temp": "23",
        "tempf": "73",
        "WD": "微风",
        "wde": "NWW",
        "WS": "5级",
        "wse": "28km/h",
        "SD": "86%",
        "sd": "86%",
        "qy": "1007",
        "njd": "3km",
        "time": "16:20",
        "rain": "0",
        "rain24h": "0",
        "aqi": "0",
        "aqi_pm25": "0",
        "weather": "多云",
        "weathere": "Cloudy",
        "weathercode": "d01",
        "limitnumber": "",
        "date": "12月03日(星期六)"
      },
      "weather": {
        "day": {
          "date": "3日白天",
          "weather": "多云",
          "temp": "22",
          "tempUnit": "°C",
          "wind": {
            "direction": "无持续风向",
            "directionCode": "NNW",
            "level": "<3级"
          },
          "sunrise": "日出 06:23"
        },
        "night": {
          "date": "3日夜间",
          "weather": "小雨",
          "temp": "19",
          "tempUnit": "°C",
          "wind": {
            "direction": "无持续风向",
            "directionCode": "NNW",
            "level": "<3级"
          },
          "sunset": "日落 17:04"
        }
      }
    }
  ]
}
