{
  "timestamp": 1736597121956,
  "lastUpdate": "2025-01-11 20:05:21",
  "data": [
    {
      "id": "101010100",
      "province": "北京",
      "city": "北京",
      "realtime": {
        "nameen": "beijing",
        "cityname": "北京",
        "city": "101010100",
        "temp": "-2.6",
        "tempf": "27.3",
        "WD": "东风",
        "wde": "E",
        "WS": "1级",
        "wse": "2km/h",
        "SD": "36%",
        "sd": "36%",
        "qy": "1023",
        "njd": "18km",
        "time": "19:50",
        "rain": "0",
        "rain24h": "0",
        "aqi": "52",
        "aqi_pm25": "52",
        "weather": "多云",
        "weathere": "Cloudy",
        "weathercode": "d01",
        "limitnumber": "不限行",
        "date": "01月11日(星期六)"
      },
      "weather": {
        "day": {
          "date": "11日夜间",
          "weather": "多云",
          "temp": "-4",
          "tempUnit": "°C",
          "wind": {
            "direction": "北风",
            "directionCode": "N",
            "level": "<3级"
          },
          "sunrise": "日落 17:09"
        },
        "night": {
          "date": "12日白天",
          "weather": "晴",
          "temp": "4",
          "tempUnit": "°C",
          "wind": {
            "direction": "北风",
            "directionCode": "N",
            "level": "<3级"
          },
          "sunset": "日出 07:35"
        }
      }
    },
    {
      "id": "101020100",
      "province": "上海",
      "city": "上海",
      "realtime": {
        "nameen": "shanghai",
        "cityname": "上海",
        "city": "101020100",
        "temp": "3.2",
        "tempf": "37.8",
        "WD": "北风",
        "wde": "N",
        "WS": "0级",
        "wse": "0km/h",
        "SD": "35%",
        "sd": "35%",
        "qy": "1030",
        "njd": "16km",
        "time": "19:50",
        "rain": "0",
        "rain24h": "0",
        "aqi": "64",
        "aqi_pm25": "64",
        "weather": "晴",
        "weathere": "Sunny",
        "weathercode": "d00",
        "limitnumber": "",
        "date": "01月11日(星期六)"
      },
      "weather": {
        "day": {
          "date": "11日夜间",
          "weather": "多云",
          "temp": "1",
          "tempUnit": "°C",
          "wind": {
            "direction": "无持续风向",
            "directionCode": "NNW",
            "level": "<3级"
          },
          "sunrise": "日落 17:10"
        },
        "night": {
          "date": "12日白天",
          "weather": "阴",
          "temp": "8",
          "tempUnit": "°C",
          "wind": {
            "direction": "无持续风向",
            "directionCode": "NNW",
            "level": "<3级"
          },
          "sunset": "日出 06:53"
        }
      }
    },
    {
      "id": "101030100",
      "province": "天津",
      "city": "天津",
      "realtime": {
        "nameen": "tianjin",
        "cityname": "天津",
        "city": "101030100",
        "temp": "-0.5",
        "tempf": "31.1",
        "WD": "北风",
        "wde": "N",
        "WS": "0级",
        "wse": "0km/h",
        "SD": "34%",
        "sd": "34%",
        "qy": "1027",
        "njd": "18km",
        "time": "19:50",
        "rain": "0",
        "rain24h": "0",
        "aqi": "54",
        "aqi_pm25": "54",
        "weather": "阴",
        "weathere": "Overcast",
        "weathercode": "d02",
        "limitnumber": "不限行",
        "date": "01月11日(星期六)"
      },
      "weather": {
        "day": {
          "date": "11日夜间",
          "weather": "阴",
          "temp": "-3",
          "tempUnit": "°C",
          "wind": {
            "direction": "西北风",
            "directionCode": "NW",
            "level": "3-4级"
          },
          "sunrise": "日落 17:08"
        },
        "night": {
          "date": "12日白天",
          "weather": "晴",
          "temp": "4",
          "tempUnit": "°C",
          "wind": {
            "direction": "北风",
            "directionCode": "N",
            "level": "<3级"
          },
          "sunset": "日出 07:29"
        }
      }
    },
    {
      "id": "101040100",
      "province": "重庆",
      "city": "重庆",
      "realtime": {
        "nameen": "chongqing",
        "cityname": "重庆",
        "city": "101040100",
        "temp": "8.9",
        "tempf": "48",
        "WD": "南风",
        "wde": "S",
        "WS": "2级",
        "wse": "5km/h",
        "SD": "66%",
        "sd": "66%",
        "qy": "1001",
        "njd": "14km",
        "time": "19:55",
        "rain": "0",
        "rain24h": "0",
        "aqi": "55",
        "aqi_pm25": "55",
        "weather": "晴",
        "weathere": "Sunny",
        "weathercode": "d00",
        "limitnumber": "不限行",
        "date": "01月11日(星期六)"
      },
      "weather": {
        "day": {
          "date": "11日夜间",
          "weather": "多云",
          "temp": "4",
          "tempUnit": "°C",
          "wind": {
            "direction": "东北风",
            "directionCode": "NE",
            "level": "<3级"
          },
          "sunrise": "日落 18:13"
        },
        "night": {
          "date": "12日白天",
          "weather": "多云",
          "temp": "15",
          "tempUnit": "°C",
          "wind": {
            "direction": "北风",
            "directionCode": "N",
            "level": "<3级"
          },
          "sunset": "日出 07:49"
        }
      }
    },
    {
      "id": "101050101",
      "province": "黑龙江",
      "city": "哈尔滨",
      "realtime": {
        "nameen": "haerbin",
        "cityname": "哈尔滨",
        "city": "101050101",
        "temp": "-20.3",
        "tempf": "-4.5",
        "WD": "东风",
        "wde": "E",
        "WS": "1级",
        "wse": "1km/h",
        "SD": "84%",
        "sd": "84%",
        "qy": "1013",
        "njd": "1km",
        "time": "19:50",
        "rain": "0",
        "rain24h": "0",
        "aqi": "247",
        "aqi_pm25": "247",
        "weather": "雾",
        "weathere": "Foggy",
        "weathercode": "d18",
        "limitnumber": "",
        "date": "01月11日(星期六)"
      },
      "weather": {
        "day": {
          "date": "11日夜间",
          "weather": "晴",
          "temp": "-26",
          "tempUnit": "°C",
          "wind": {
            "direction": "南风",
            "directionCode": "S",
            "level": "<3级"
          },
          "sunrise": "日落 16:10"
        },
        "night": {
          "date": "12日白天",
          "weather": "晴",
          "temp": "-9",
          "tempUnit": "°C",
          "wind": {
            "direction": "南风",
            "directionCode": "S",
            "level": "<3级"
          },
          "sunset": "日出 07:12"
        }
      }
    },
    {
      "id": "101060101",
      "province": "吉林",
      "city": "长春",
      "realtime": {
        "nameen": "changchun",
        "cityname": "长春",
        "city": "101060101",
        "temp": "-16.8",
        "tempf": "1.8",
        "WD": "北风",
        "wde": "N",
        "WS": "1级",
        "wse": "1km/h",
        "SD": "78%",
        "sd": "78%",
        "qy": "998",
        "njd": "6km",
        "time": "19:50",
        "rain": "0",
        "rain24h": "0",
        "aqi": "83",
        "aqi_pm25": "83",
        "weather": "多云",
        "weathere": "Cloudy",
        "weathercode": "d01",
        "limitnumber": "",
        "date": "01月11日(星期六)"
      },
      "weather": {
        "day": {
          "date": "11日夜间",
          "weather": "晴",
          "temp": "-20",
          "tempUnit": "°C",
          "wind": {
            "direction": "南风",
            "directionCode": "S",
            "level": "<3级"
          },
          "sunrise": "日落 16:21"
        },
        "night": {
          "date": "12日白天",
          "weather": "晴",
          "temp": "-8",
          "tempUnit": "°C",
          "wind": {
            "direction": "南风",
            "directionCode": "S",
            "level": "<3级"
          },
          "sunset": "日出 07:11"
        }
      }
    },
    {
      "id": "101070101",
      "province": "辽宁",
      "city": "沈阳",
      "realtime": {
        "nameen": "shenyang",
        "cityname": "沈阳",
        "city": "101070101",
        "temp": "-13",
        "tempf": "8.6",
        "WD": "东风",
        "wde": "E",
        "WS": "1级",
        "wse": "1km/h",
        "SD": "62%",
        "sd": "62%",
        "qy": "1021",
        "njd": "20km",
        "time": "19:55",
        "rain": "0",
        "rain24h": "0",
        "aqi": "95",
        "aqi_pm25": "95",
        "weather": "晴",
        "weathere": "Sunny",
        "weathercode": "d00",
        "limitnumber": "",
        "date": "01月11日(星期六)"
      },
      "weather": {
        "day": {
          "date": "11日夜间",
          "weather": "晴",
          "temp": "-10",
          "tempUnit": "°C",
          "wind": {
            "direction": "东南风",
            "directionCode": "SE",
            "level": "<3级"
          },
          "sunrise": "日落 16:35"
        },
        "night": {
          "date": "12日白天",
          "weather": "晴",
          "temp": "-3",
          "tempUnit": "°C",
          "wind": {
            "direction": "西南风",
            "directionCode": "SW",
            "level": "<3级"
          },
          "sunset": "日出 07:12"
        }
      }
    },
    {
      "id": "101080101",
      "province": "内蒙古",
      "city": "呼和浩特",
      "realtime": {
        "nameen": "huhehaote",
        "cityname": "呼和浩特",
        "city": "101080101",
        "temp": "-8.9",
        "tempf": "16",
        "WD": "西北风",
        "wde": "NW",
        "WS": "3级",
        "wse": "16km/h",
        "SD": "48%",
        "sd": "48%",
        "qy": "905",
        "njd": "30km",
        "time": "19:55",
        "rain": "0",
        "rain24h": "0",
        "aqi": "36",
        "aqi_pm25": "36",
        "weather": "阴",
        "weathere": "Overcast",
        "weathercode": "d02",
        "limitnumber": "",
        "date": "01月11日(星期六)"
      },
      "weather": {
        "day": {
          "date": "11日夜间",
          "weather": "多云",
          "temp": "-17",
          "tempUnit": "°C",
          "wind": {
            "direction": "西南风",
            "directionCode": "SW",
            "level": "<3级"
          },
          "sunrise": "日落 17:25"
        },
        "night": {
          "date": "12日白天",
          "weather": "小雪",
          "temp": "-6",
          "tempUnit": "°C",
          "wind": {
            "direction": "西南风",
            "directionCode": "SW",
            "level": "<3级"
          },
          "sunset": "日出 07:56"
        }
      }
    },
    {
      "id": "101090101",
      "province": "河北",
      "city": "石家庄",
      "realtime": {
        "nameen": "shijiazhuang",
        "cityname": "石家庄",
        "city": "101090101",
        "temp": "2.1",
        "tempf": "35.8",
        "WD": "南风",
        "wde": "S",
        "WS": "1级",
        "wse": "4km/h",
        "SD": "44%",
        "sd": "44%",
        "qy": "1016",
        "njd": "14km",
        "time": "19:50",
        "rain": "0",
        "rain24h": "0",
        "aqi": "67",
        "aqi_pm25": "67",
        "weather": "晴",
        "weathere": "Sunny",
        "weathercode": "d00",
        "limitnumber": "",
        "date": "01月11日(星期六)"
      },
      "weather": {
        "day": {
          "date": "11日夜间",
          "weather": "多云",
          "temp": "-1",
          "tempUnit": "°C",
          "wind": {
            "direction": "西风",
            "directionCode": "W",
            "level": "<3级"
          },
          "sunrise": "日落 17:21"
        },
        "night": {
          "date": "12日白天",
          "weather": "晴",
          "temp": "5",
          "tempUnit": "°C",
          "wind": {
            "direction": "西风",
            "directionCode": "W",
            "level": "<3级"
          },
          "sunset": "日出 07:37"
        }
      }
    },
    {
      "id": "101100101",
      "province": "山西",
      "city": "太原",
      "realtime": {
        "nameen": "taiyuan",
        "cityname": "太原",
        "city": "101100101",
        "temp": "-2",
        "tempf": "28.4",
        "WD": "西北风",
        "wde": "NW",
        "WS": "2级",
        "wse": "9km/h",
        "SD": "44%",
        "sd": "44%",
        "qy": "935",
        "njd": "25km",
        "time": "19:50",
        "rain": "0",
        "rain24h": "0",
        "aqi": "48",
        "aqi_pm25": "48",
        "weather": "晴",
        "weathere": "Sunny",
        "weathercode": "d00",
        "limitnumber": "",
        "date": "01月11日(星期六)"
      },
      "weather": {
        "day": {
          "date": "11日夜间",
          "weather": "晴",
          "temp": "-11",
          "tempUnit": "°C",
          "wind": {
            "direction": "西北风",
            "directionCode": "NW",
            "level": "<3级"
          },
          "sunrise": "日落 17:30"
        },
        "night": {
          "date": "12日白天",
          "weather": "晴",
          "temp": "1",
          "tempUnit": "°C",
          "wind": {
            "direction": "南风",
            "directionCode": "S",
            "level": "<3级"
          },
          "sunset": "日出 07:45"
        }
      }
    },
    {
      "id": "101110101",
      "province": "陕西",
      "city": "西安",
      "realtime": {
        "nameen": "xian",
        "cityname": "西安",
        "city": "101110101",
        "temp": "6.7",
        "tempf": "44.1",
        "WD": "东风",
        "wde": "E",
        "WS": "1级",
        "wse": "1km/h",
        "SD": "35%",
        "sd": "35%",
        "qy": "980",
        "njd": "17km",
        "time": "19:50",
        "rain": "0",
        "rain24h": "0",
        "aqi": "59",
        "aqi_pm25": "59",
        "weather": "多云",
        "weathere": "Cloudy",
        "weathercode": "d01",
        "limitnumber": "不限行",
        "date": "01月11日(星期六)"
      },
      "weather": {
        "day": {
          "date": "11日夜间",
          "weather": "晴",
          "temp": "0",
          "tempUnit": "°C",
          "wind": {
            "direction": "无持续风向",
            "directionCode": "NNW",
            "level": "<3级"
          },
          "sunrise": "日落 17:53"
        },
        "night": {
          "date": "12日白天",
          "weather": "晴",
          "temp": "9",
          "tempUnit": "°C",
          "wind": {
            "direction": "无持续风向",
            "directionCode": "NNW",
            "level": "<3级"
          },
          "sunset": "日出 07:50"
        }
      }
    },
    {
      "id": "101120101",
      "province": "山东",
      "city": "济南",
      "realtime": {
        "nameen": "jinan",
        "cityname": "济南",
        "city": "101120101",
        "temp": "0.1",
        "tempf": "32.2",
        "WD": "东南风",
        "wde": "SE",
        "WS": "1级",
        "wse": "5km/h",
        "SD": "38%",
        "sd": "38%",
        "qy": "1006",
        "njd": "15km",
        "time": "19:55",
        "rain": "0",
        "rain24h": "0",
        "aqi": "90",
        "aqi_pm25": "90",
        "weather": "多云",
        "weathere": "Cloudy",
        "weathercode": "d01",
        "limitnumber": "",
        "date": "01月11日(星期六)"
      },
      "weather": {
        "day": {
          "date": "11日夜间",
          "weather": "多云",
          "temp": "-4",
          "tempUnit": "°C",
          "wind": {
            "direction": "无持续风向",
            "directionCode": "NNW",
            "level": "<3级"
          },
          "sunrise": "日落 17:15"
        },
        "night": {
          "date": "12日白天",
          "weather": "晴",
          "temp": "6",
          "tempUnit": "°C",
          "wind": {
            "direction": "无持续风向",
            "directionCode": "NNW",
            "level": "<3级"
          },
          "sunset": "日出 07:23"
        }
      }
    },
    {
      "id": "101130101",
      "province": "新疆",
      "city": "乌鲁木齐",
      "realtime": {
        "nameen": "wulumuqi",
        "cityname": "乌鲁木齐",
        "city": "101130101",
        "temp": "-12.1",
        "tempf": "10.2",
        "WD": "南风",
        "wde": "S",
        "WS": "1级",
        "wse": "1km/h",
        "SD": "84%",
        "sd": "84%",
        "qy": "920",
        "njd": "2km",
        "time": "19:55",
        "rain": "0",
        "rain24h": "0",
        "aqi": "104",
        "aqi_pm25": "104",
        "weather": "晴",
        "weathere": "Sunny",
        "weathercode": "d00",
        "limitnumber": "",
        "date": "01月11日(星期六)"
      },
      "weather": {
        "day": {
          "date": "11日夜间",
          "weather": "晴",
          "temp": "-12",
          "tempUnit": "°C",
          "wind": {
            "direction": "西北风",
            "directionCode": "NW",
            "level": "<3级"
          },
          "sunrise": "日落 18:52"
        },
        "night": {
          "date": "12日白天",
          "weather": "晴",
          "temp": "-6",
          "tempUnit": "°C",
          "wind": {
            "direction": "西北风",
            "directionCode": "NW",
            "level": "<3级"
          },
          "sunset": "日出 09:42"
        }
      }
    },
    {
      "id": "101140101",
      "province": "西藏",
      "city": "拉萨",
      "realtime": {
        "nameen": "lasa",
        "cityname": "拉萨",
        "city": "101140101",
        "temp": "2.4",
        "tempf": "36.3",
        "WD": "北风",
        "wde": "N",
        "WS": "1级",
        "wse": "2km/h",
        "SD": "13%",
        "sd": "13%",
        "qy": "651",
        "njd": "15km",
        "time": "19:50",
        "rain": "0",
        "rain24h": "0",
        "aqi": "31",
        "aqi_pm25": "31",
        "weather": "晴",
        "weathere": "Sunny",
        "weathercode": "d00",
        "limitnumber": "",
        "date": "01月11日(星期六)"
      },
      "weather": {
        "day": {
          "date": "11日夜间",
          "weather": "晴",
          "temp": "-4",
          "tempUnit": "°C",
          "wind": {
            "direction": "无持续风向",
            "directionCode": "NNW",
            "level": "<3级"
          },
          "sunrise": "日落 19:15"
        },
        "night": {
          "date": "12日白天",
          "weather": "晴",
          "temp": "9",
          "tempUnit": "°C",
          "wind": {
            "direction": "西南风",
            "directionCode": "SW",
            "level": "3-4级"
          },
          "sunset": "日出 08:51"
        }
      }
    },
    {
      "id": "101150101",
      "province": "青海",
      "city": "西宁",
      "realtime": {
        "nameen": "xining",
        "cityname": "西宁",
        "city": "101150101",
        "temp": "-1.6",
        "tempf": "29.1",
        "WD": "西风",
        "wde": "W",
        "WS": "2级",
        "wse": "7km/h",
        "SD": "19%",
        "sd": "19%",
        "qy": "763",
        "njd": "30km",
        "time": "19:55",
        "rain": "0",
        "rain24h": "0",
        "aqi": "56",
        "aqi_pm25": "56",
        "weather": "晴",
        "weathere": "Sunny",
        "weathercode": "d00",
        "limitnumber": "",
        "date": "01月11日(星期六)"
      },
      "weather": {
        "day": {
          "date": "11日夜间",
          "weather": "晴",
          "temp": "-13",
          "tempUnit": "°C",
          "wind": {
            "direction": "无持续风向",
            "directionCode": "NNW",
            "level": "<3级"
          },
          "sunrise": "日落 18:16"
        },
        "night": {
          "date": "12日白天",
          "weather": "晴",
          "temp": "3",
          "tempUnit": "°C",
          "wind": {
            "direction": "无持续风向",
            "directionCode": "NNW",
            "level": "<3级"
          },
          "sunset": "日出 08:25"
        }
      }
    },
    {
      "id": "101160101",
      "province": "甘肃",
      "city": "兰州",
      "realtime": {
        "nameen": "lanzhou",
        "cityname": "兰州",
        "city": "101160101",
        "temp": "-3.5",
        "tempf": "25.7",
        "WD": "东北风",
        "wde": "NE",
        "WS": "1级",
        "wse": "1km/h",
        "SD": "65%",
        "sd": "65%",
        "qy": "855",
        "njd": "11km",
        "time": "19:55",
        "rain": "0",
        "rain24h": "0",
        "aqi": "76",
        "aqi_pm25": "76",
        "weather": "晴",
        "weathere": "Sunny",
        "weathercode": "d00",
        "limitnumber": "不限行",
        "date": "01月11日(星期六)"
      },
      "weather": {
        "day": {
          "date": "11日夜间",
          "weather": "晴",
          "temp": "-11",
          "tempUnit": "°C",
          "wind": {
            "direction": "无持续风向",
            "directionCode": "NNW",
            "level": "<3级"
          },
          "sunrise": "日落 18:09"
        },
        "night": {
          "date": "12日白天",
          "weather": "晴",
          "temp": "5",
          "tempUnit": "°C",
          "wind": {
            "direction": "无持续风向",
            "directionCode": "NNW",
            "level": "<3级"
          },
          "sunset": "日出 08:15"
        }
      }
    },
    {
      "id": "101170101",
      "province": "宁夏",
      "city": "银川",
      "realtime": {
        "nameen": "yinchuan",
        "cityname": "银川",
        "city": "101170101",
        "temp": "-4",
        "tempf": "24.8",
        "WD": "东北风",
        "wde": "NE",
        "WS": "2级",
        "wse": "7km/h",
        "SD": "41%",
        "sd": "41%",
        "qy": "899",
        "njd": "30km",
        "time": "19:55",
        "rain": "0",
        "rain24h": "0",
        "aqi": "54",
        "aqi_pm25": "54",
        "weather": "多云",
        "weathere": "Cloudy",
        "weathercode": "d01",
        "limitnumber": "",
        "date": "01月11日(星期六)"
      },
      "weather": {
        "day": {
          "date": "11日夜间",
          "weather": "晴",
          "temp": "-11",
          "tempUnit": "°C",
          "wind": {
            "direction": "无持续风向",
            "directionCode": "NNW",
            "level": "<3级"
          },
          "sunrise": "日落 17:53"
        },
        "night": {
          "date": "12日白天",
          "weather": "晴",
          "temp": "3",
          "tempUnit": "°C",
          "wind": {
            "direction": "无持续风向",
            "directionCode": "NNW",
            "level": "<3级"
          },
          "sunset": "日出 08:12"
        }
      }
    },
    {
      "id": "101180101",
      "province": "河南",
      "city": "郑州",
      "realtime": {
        "nameen": "zhengzhou",
        "cityname": "郑州",
        "city": "101180101",
        "temp": "7.3",
        "tempf": "45.1",
        "WD": "西北风",
        "wde": "NW",
        "WS": "1级",
        "wse": "4km/h",
        "SD": "24%",
        "sd": "24%",
        "qy": "1014",
        "njd": "24km",
        "time": "19:50",
        "rain": "0",
        "rain24h": "0",
        "aqi": "69",
        "aqi_pm25": "69",
        "weather": "多云",
        "weathere": "Cloudy",
        "weathercode": "d01",
        "limitnumber": "不限行",
        "date": "01月11日(星期六)"
      },
      "weather": {
        "day": {
          "date": "11日夜间",
          "weather": "晴",
          "temp": "0",
          "tempUnit": "°C",
          "wind": {
            "direction": "西北风",
            "directionCode": "NW",
            "level": "<3级"
          },
          "sunrise": "日落 17:33"
        },
        "night": {
          "date": "12日白天",
          "weather": "晴",
          "temp": "8",
          "tempUnit": "°C",
          "wind": {
            "direction": "西风",
            "directionCode": "W",
            "level": "<3级"
          },
          "sunset": "日出 07:33"
        }
      }
    },
    {
      "id": "101190101",
      "province": "江苏",
      "city": "南京",
      "realtime": {
        "nameen": "nanjing",
        "cityname": "南京",
        "city": "101190101",
        "temp": "4.5",
        "tempf": "40.1",
        "WD": "西风",
        "wde": "W",
        "WS": "1级",
        "wse": "3km/h",
        "SD": "33%",
        "sd": "33%",
        "qy": "1025",
        "njd": "14km",
        "time": "19:50",
        "rain": "0",
        "rain24h": "0",
        "aqi": "67",
        "aqi_pm25": "67",
        "weather": "晴",
        "weathere": "Sunny",
        "weathercode": "d00",
        "limitnumber": "",
        "date": "01月11日(星期六)"
      },
      "weather": {
        "day": {
          "date": "11日夜间",
          "weather": "雨夹雪",
          "temp": "0",
          "tempUnit": "°C",
          "wind": {
            "direction": "西风",
            "directionCode": "W",
            "level": "<3级"
          },
          "sunrise": "日落 17:19"
        },
        "night": {
          "date": "12日白天",
          "weather": "晴",
          "temp": "9",
          "tempUnit": "°C",
          "wind": {
            "direction": "西北风",
            "directionCode": "NW",
            "level": "4-5级"
          },
          "sunset": "日出 07:06"
        }
      }
    },
    {
      "id": "101200101",
      "province": "湖北",
      "city": "武汉",
      "realtime": {
        "nameen": "wuhan",
        "cityname": "武汉",
        "city": "101200101",
        "temp": "5.5",
        "tempf": "41.9",
        "WD": "北风",
        "wde": "N",
        "WS": "1级",
        "wse": "1km/h",
        "SD": "48%",
        "sd": "48%",
        "qy": "1026",
        "njd": "11km",
        "time": "19:50",
        "rain": "0",
        "rain24h": "0",
        "aqi": "87",
        "aqi_pm25": "87",
        "weather": "晴",
        "weathere": "Sunny",
        "weathercode": "d00",
        "limitnumber": "不限行",
        "date": "01月11日(星期六)"
      },
      "weather": {
        "day": {
          "date": "11日夜间",
          "weather": "晴",
          "temp": "0",
          "tempUnit": "°C",
          "wind": {
            "direction": "无持续风向",
            "directionCode": "NNW",
            "level": "<3级"
          },
          "sunrise": "日落 17:40"
        },
        "night": {
          "date": "12日白天",
          "weather": "阴",
          "temp": "12",
          "tempUnit": "°C",
          "wind": {
            "direction": "无持续风向",
            "directionCode": "NNW",
            "level": "<3级"
          },
          "sunset": "日出 07:20"
        }
      }
    },
    {
      "id": "101210101",
      "province": "浙江",
      "city": "杭州",
      "realtime": {
        "nameen": "hangzhou",
        "cityname": "杭州",
        "city": "101210101",
        "temp": "3.5",
        "tempf": "38.3",
        "WD": "西南风",
        "wde": "SW",
        "WS": "2级",
        "wse": "6km/h",
        "SD": "42%",
        "sd": "42%",
        "qy": "1025",
        "njd": "19km",
        "time": "19:50",
        "rain": "0",
        "rain24h": "0",
        "aqi": "59",
        "aqi_pm25": "59",
        "weather": "晴",
        "weathere": "Sunny",
        "weathercode": "d00",
        "limitnumber": "不限行",
        "date": "01月11日(星期六)"
      },
      "weather": {
        "day": {
          "date": "11日夜间",
          "weather": "晴",
          "temp": "0",
          "tempUnit": "°C",
          "wind": {
            "direction": "西南风",
            "directionCode": "SW",
            "level": "4-5级"
          },
          "sunrise": "日落 17:17"
        },
        "night": {
          "date": "12日白天",
          "weather": "晴",
          "temp": "11",
          "tempUnit": "°C",
          "wind": {
            "direction": "北风",
            "directionCode": "N",
            "level": "4-5级"
          },
          "sunset": "日出 06:56"
        }
      }
    },
    {
      "id": "101220101",
      "province": "安徽",
      "city": "合肥",
      "realtime": {
        "nameen": "hefei",
        "cityname": "合肥",
        "city": "101220101",
        "temp": "1.1",
        "tempf": "34",
        "WD": "南风",
        "wde": "S",
        "WS": "2级",
        "wse": "6km/h",
        "SD": "52%",
        "sd": "52%",
        "qy": "1021",
        "njd": "15km",
        "time": "19:55",
        "rain": "0",
        "rain24h": "0",
        "aqi": "68",
        "aqi_pm25": "68",
        "weather": "晴",
        "weathere": "Sunny",
        "weathercode": "d00",
        "limitnumber": "",
        "date": "01月11日(星期六)"
      },
      "weather": {
        "day": {
          "date": "11日夜间",
          "weather": "多云",
          "temp": "-2",
          "tempUnit": "°C",
          "wind": {
            "direction": "西北风",
            "directionCode": "NW",
            "level": "3-4级"
          },
          "sunrise": "日落 17:26"
        },
        "night": {
          "date": "12日白天",
          "weather": "晴",
          "temp": "9",
          "tempUnit": "°C",
          "wind": {
            "direction": "西北风",
            "directionCode": "NW",
            "level": "3-4级"
          },
          "sunset": "日出 07:11"
        }
      }
    },
    {
      "id": "101230101",
      "province": "福建",
      "city": "福州",
      "realtime": {
        "nameen": "fuzhou",
        "cityname": "福州",
        "city": "101230101",
        "temp": "8",
        "tempf": "46.4",
        "WD": "南风",
        "wde": "S",
        "WS": "1级",
        "wse": "4km/h",
        "SD": "45%",
        "sd": "45%",
        "qy": "1020",
        "njd": "21km",
        "time": "19:55",
        "rain": "0",
        "rain24h": "0",
        "aqi": "35",
        "aqi_pm25": "35",
        "weather": "晴",
        "weathere": "Sunny",
        "weathercode": "d00",
        "limitnumber": "",
        "date": "01月11日(星期六)"
      },
      "weather": {
        "day": {
          "date": "11日夜间",
          "weather": "晴",
          "temp": "4",
          "tempUnit": "°C",
          "wind": {
            "direction": "西北风",
            "directionCode": "NW",
            "level": "<3级"
          },
          "sunrise": "日落 17:29"
        },
        "night": {
          "date": "12日白天",
          "weather": "晴",
          "temp": "18",
          "tempUnit": "°C",
          "wind": {
            "direction": "东风",
            "directionCode": "E",
            "level": "<3级"
          },
          "sunset": "日出 06:51"
        }
      }
    },
    {
      "id": "101240101",
      "province": "江西",
      "city": "南昌",
      "realtime": {
        "nameen": "nanchang",
        "cityname": "南昌",
        "city": "101240101",
        "temp": "7.4",
        "tempf": "45.3",
        "WD": "西南风",
        "wde": "SW",
        "WS": "1级",
        "wse": "5km/h",
        "SD": "33%",
        "sd": "33%",
        "qy": "1025",
        "njd": "15km",
        "time": "19:55",
        "rain": "0",
        "rain24h": "0",
        "aqi": "67",
        "aqi_pm25": "67",
        "weather": "晴",
        "weathere": "Sunny",
        "weathercode": "d00",
        "limitnumber": "",
        "date": "01月11日(星期六)"
      },
      "weather": {
        "day": {
          "date": "11日夜间",
          "weather": "晴",
          "temp": "2",
          "tempUnit": "°C",
          "wind": {
            "direction": "东南风",
            "directionCode": "SE",
            "level": "<3级"
          },
          "sunrise": "日落 17:38"
        },
        "night": {
          "date": "12日白天",
          "weather": "晴",
          "temp": "15",
          "tempUnit": "°C",
          "wind": {
            "direction": "东南风",
            "directionCode": "SE",
            "level": "<3级"
          },
          "sunset": "日出 07:10"
        }
      }
    },
    {
      "id": "101250101",
      "province": "湖南",
      "city": "长沙",
      "realtime": {
        "nameen": "changsha",
        "cityname": "长沙",
        "city": "101250101",
        "temp": "6.1",
        "tempf": "43",
        "WD": "西风",
        "wde": "W",
        "WS": "1级",
        "wse": "2km/h",
        "SD": "39%",
        "sd": "39%",
        "qy": "1017",
        "njd": "9km",
        "time": "19:55",
        "rain": "0",
        "rain24h": "0",
        "aqi": "85",
        "aqi_pm25": "85",
        "weather": "晴",
        "weathere": "Sunny",
        "weathercode": "d00",
        "limitnumber": "",
        "date": "01月11日(星期六)"
      },
      "weather": {
        "day": {
          "date": "11日夜间",
          "weather": "晴",
          "temp": "3",
          "tempUnit": "°C",
          "wind": {
            "direction": "南风",
            "directionCode": "S",
            "level": "<3级"
          },
          "sunrise": "日落 17:50"
        },
        "night": {
          "date": "12日白天",
          "weather": "晴",
          "temp": "17",
          "tempUnit": "°C",
          "wind": {
            "direction": "西南风",
            "directionCode": "SW",
            "level": "<3级"
          },
          "sunset": "日出 07:21"
        }
      }
    },
    {
      "id": "101260101",
      "province": "贵州",
      "city": "贵阳",
      "realtime": {
        "nameen": "guiyang",
        "cityname": "贵阳",
        "city": "101260101",
        "temp": "4.2",
        "tempf": "39.6",
        "WD": "西北风",
        "wde": "NW",
        "WS": "2级",
        "wse": "6km/h",
        "SD": "64%",
        "sd": "64%",
        "qy": "890",
        "njd": "9km",
        "time": "19:55",
        "rain": "0",
        "rain24h": "0",
        "aqi": "49",
        "aqi_pm25": "49",
        "weather": "晴",
        "weathere": "Sunny",
        "weathercode": "d00",
        "limitnumber": null,
        "date": "01月11日(星期六)"
      },
      "weather": {
        "day": {
          "date": "11日夜间",
          "weather": "晴",
          "temp": "-1",
          "tempUnit": "°C",
          "wind": {
            "direction": "南风",
            "directionCode": "S",
            "level": "<3级"
          },
          "sunrise": "日落 18:19"
        },
        "night": {
          "date": "12日白天",
          "weather": "晴",
          "temp": "12",
          "tempUnit": "°C",
          "wind": {
            "direction": "南风",
            "directionCode": "S",
            "level": "<3级"
          },
          "sunset": "日出 07:43"
        }
      }
    },
    {
      "id": "101270101",
      "province": "四川",
      "city": "成都",
      "realtime": {
        "nameen": "chengdu",
        "cityname": "成都",
        "city": "101270101",
        "temp": "4.9",
        "tempf": "40.8",
        "WD": "北风",
        "wde": "N",
        "WS": "0级",
        "wse": "0km/h",
        "SD": "72%",
        "sd": "72%",
        "qy": "972",
        "njd": "13km",
        "time": "19:55",
        "rain": "0",
        "rain24h": "0",
        "aqi": "50",
        "aqi_pm25": "50",
        "weather": "晴",
        "weathere": "Sunny",
        "weathercode": "d00",
        "limitnumber": "不限行",
        "date": "01月11日(星期六)"
      },
      "weather": {
        "day": {
          "date": "11日夜间",
          "weather": "晴",
          "temp": "0",
          "tempUnit": "°C",
          "wind": {
            "direction": "北风",
            "directionCode": "N",
            "level": "<3级"
          },
          "sunrise": "日落 18:21"
        },
        "night": {
          "date": "12日白天",
          "weather": "多云",
          "temp": "11",
          "tempUnit": "°C",
          "wind": {
            "direction": "北风",
            "directionCode": "N",
            "level": "<3级"
          },
          "sunset": "日出 08:01"
        }
      }
    },
    {
      "id": "101280101",
      "province": "广东",
      "city": "广州",
      "realtime": {
        "nameen": "guangzhou",
        "cityname": "广州",
        "city": "101280101",
        "temp": "12.3",
        "tempf": "54.1",
        "WD": "北风",
        "wde": "N",
        "WS": "1级",
        "wse": "3km/h",
        "SD": "25%",
        "sd": "25%",
        "qy": "1025",
        "njd": "25km",
        "time": "19:50",
        "rain": "0",
        "rain24h": "0",
        "aqi": "39",
        "aqi_pm25": "39",
        "weather": "晴",
        "weathere": "Sunny",
        "weathercode": "d00",
        "limitnumber": "不限行",
        "date": "01月11日(星期六)"
      },
      "weather": {
        "day": {
          "date": "11日夜间",
          "weather": "晴",
          "temp": "5",
          "tempUnit": "°C",
          "wind": {
            "direction": "北风",
            "directionCode": "N",
            "level": "3-4级"
          },
          "sunrise": "日落 17:59"
        },
        "night": {
          "date": "12日白天",
          "weather": "晴",
          "temp": "19",
          "tempUnit": "°C",
          "wind": {
            "direction": "无持续风向",
            "directionCode": "NNW",
            "level": "<3级"
          },
          "sunset": "日出 07:10"
        }
      }
    },
    {
      "id": "101290101",
      "province": "云南",
      "city": "昆明",
      "realtime": {
        "nameen": "kunming",
        "cityname": "昆明",
        "city": "101290101",
        "temp": "4.1",
        "tempf": "39.4",
        "WD": "东风",
        "wde": "E",
        "WS": "2级",
        "wse": "9km/h",
        "SD": "64%",
        "sd": "64%",
        "qy": "820",
        "njd": "28km",
        "time": "19:50",
        "rain": "0",
        "rain24h": "0",
        "aqi": "26",
        "aqi_pm25": "26",
        "weather": "阴",
        "weathere": "Overcast",
        "weathercode": "d02",
        "limitnumber": "",
        "date": "01月11日(星期六)"
      },
      "weather": {
        "day": {
          "date": "11日夜间",
          "weather": "多云",
          "temp": "2",
          "tempUnit": "°C",
          "wind": {
            "direction": "无持续风向",
            "directionCode": "NNW",
            "level": "<3级"
          },
          "sunrise": "日落 18:37"
        },
        "night": {
          "date": "12日白天",
          "weather": "多云",
          "temp": "13",
          "tempUnit": "°C",
          "wind": {
            "direction": "无持续风向",
            "directionCode": "NNW",
            "level": "<3级"
          },
          "sunset": "日出 07:55"
        }
      }
    },
    {
      "id": "101300101",
      "province": "广西",
      "city": "南宁",
      "realtime": {
        "nameen": "nanning",
        "cityname": "南宁",
        "city": "101300101",
        "temp": "12.4",
        "tempf": "54.3",
        "WD": "东北风",
        "wde": "NE",
        "WS": "2级",
        "wse": "11km/h",
        "SD": "32%",
        "sd": "32%",
        "qy": "1011",
        "njd": "30km",
        "time": "19:50",
        "rain": "0",
        "rain24h": "0",
        "aqi": "44",
        "aqi_pm25": "44",
        "weather": "晴",
        "weathere": "Sunny",
        "weathercode": "d00",
        "limitnumber": "",
        "date": "01月11日(星期六)"
      },
      "weather": {
        "day": {
          "date": "11日夜间",
          "weather": "晴",
          "temp": "8",
          "tempUnit": "°C",
          "wind": {
            "direction": "东北风",
            "directionCode": "NE",
            "level": "<3级"
          },
          "sunrise": "日落 18:19"
        },
        "night": {
          "date": "12日白天",
          "weather": "晴",
          "temp": "20",
          "tempUnit": "°C",
          "wind": {
            "direction": "东北风",
            "directionCode": "NE",
            "level": "<3级"
          },
          "sunset": "日出 07:29"
        }
      }
    },
    {
      "id": "101310101",
      "province": "海南",
      "city": "海口",
      "realtime": {
        "nameen": "haikou",
        "cityname": "海口",
        "city": "101310101",
        "temp": "15.7",
        "tempf": "60.3",
        "WD": "东北风",
        "wde": "NE",
        "WS": "3级",
        "wse": "14km/h",
        "SD": "47%",
        "sd": "47%",
        "qy": "1020",
        "njd": "18km",
        "time": "19:50",
        "rain": "0",
        "rain24h": "0",
        "aqi": "48",
        "aqi_pm25": "48",
        "weather": "晴",
        "weathere": "Sunny",
        "weathercode": "d00",
        "limitnumber": "",
        "date": "01月11日(星期六)"
      },
      "weather": {
        "day": {
          "date": "11日夜间",
          "weather": "多云",
          "temp": "13",
          "tempUnit": "°C",
          "wind": {
            "direction": "东北风",
            "directionCode": "NE",
            "level": "3-4级"
          },
          "sunrise": "日落 18:17"
        },
        "night": {
          "date": "12日白天",
          "weather": "多云",
          "temp": "18",
          "tempUnit": "°C",
          "wind": {
            "direction": "东北风",
            "directionCode": "NE",
            "level": "3-4级"
          },
          "sunset": "日出 07:16"
        }
      }
    },
    {
      "id": "101320101",
      "province": "香港",
      "city": "香港",
      "realtime": {
        "nameen": "hongkong",
        "cityname": "香港",
        "city": "101320101",
        "temp": "14.3",
        "tempf": "57.7",
        "WD": "微风",
        "wde": "NWW",
        "WS": "3级",
        "wse": "12km/h",
        "SD": "41%",
        "sd": "41%",
        "qy": "999",
        "njd": "19km",
        "time": "20:00",
        "rain": "0",
        "rain24h": "0",
        "aqi": "46",
        "aqi_pm25": "46",
        "weather": "晴",
        "weathere": "Sunny",
        "weathercode": "d00",
        "limitnumber": "",
        "date": "01月11日(星期六)"
      },
      "weather": {
        "day": {
          "date": "11日夜间",
          "weather": "晴",
          "temp": "11",
          "tempUnit": "°C",
          "wind": {
            "direction": "东北风",
            "directionCode": "NE",
            "level": "4-5级"
          },
          "sunrise": "日落 17:57"
        },
        "night": {
          "date": "12日白天",
          "weather": "晴",
          "temp": "18",
          "tempUnit": "°C",
          "wind": {
            "direction": "东北风",
            "directionCode": "NE",
            "level": "4-5级"
          },
          "sunset": "日出 07:04"
        }
      }
    },
    {
      "id": "101330101",
      "province": "澳门",
      "city": "澳门",
      "realtime": {
        "nameen": "macao",
        "cityname": "澳门",
        "city": "101330101",
        "temp": "14.4",
        "tempf": "57.9",
        "WD": "微风",
        "wde": "NWW",
        "WS": "2级",
        "wse": "5km/h",
        "SD": "22%",
        "sd": "22%",
        "qy": "1006",
        "njd": "24km",
        "time": "20:00",
        "rain": "0",
        "rain24h": "0",
        "aqi": "43",
        "aqi_pm25": "43",
        "weather": "晴",
        "weathere": "Sunny",
        "weathercode": "d00",
        "limitnumber": "",
        "date": "01月11日(星期六)"
      },
      "weather": {
        "day": {
          "date": "11日夜间",
          "weather": "多云",
          "temp": "10",
          "tempUnit": "°C",
          "wind": {
            "direction": "东北风",
            "directionCode": "NE",
            "level": "3-4级"
          },
          "sunrise": "日落 18:00"
        },
        "night": {
          "date": "12日白天",
          "weather": "晴",
          "temp": "17",
          "tempUnit": "°C",
          "wind": {
            "direction": "东北风",
            "directionCode": "NE",
            "level": "3-4级"
          },
          "sunset": "日出 07:07"
        }
      }
    },
    {
      "id": "101340101",
      "province": "台湾",
      "city": "台北",
      "realtime": {
        "nameen": "taibeixian",
        "cityname": "台北",
        "city": "101340101",
        "temp": "12",
        "tempf": "53.6",
        "WD": "微风",
        "wde": "NWW",
        "WS": "2级",
        "wse": "5km/h",
        "SD": "74%",
        "sd": "74%",
        "qy": "1007",
        "njd": "4km",
        "time": "20:00",
        "rain": "0",
        "rain24h": "0",
        "aqi": "102",
        "aqi_pm25": "102",
        "weather": "阴",
        "weathere": "Overcast",
        "weathercode": "d02",
        "limitnumber": "",
        "date": "01月11日(星期六)"
      },
      "weather": {
        "day": {
          "date": "11日夜间",
          "weather": "多云",
          "temp": "10",
          "tempUnit": "°C",
          "wind": {
            "direction": "无持续风向",
            "directionCode": "NNW",
            "level": "<3级"
          },
          "sunrise": "日落 17:22"
        },
        "night": {
          "date": "12日白天",
          "weather": "晴",
          "temp": "15",
          "tempUnit": "°C",
          "wind": {
            "direction": "无持续风向",
            "directionCode": "NNW",
            "level": "<3级"
          },
          "sunset": "日出 06:40"
        }
      }
    }
  ]
}
