{
  "timestamp": 1674730979248,
  "lastUpdate": "2023-01-26 19:02:59",
  "data": [
    {
      "id": "101010100",
      "province": "北京",
      "city": "北京",
      "realtime": {
        "nameen": "beijing",
        "cityname": "北京",
        "city": "101010100",
        "temp": "-1",
        "tempf": "30",
        "WD": "北风",
        "wde": "N",
        "WS": "1级",
        "wse": "4km/h",
        "SD": "17%",
        "sd": "17%",
        "qy": "1027",
        "njd": "30km",
        "time": "18:45",
        "rain": "0",
        "rain24h": "0",
        "aqi": "26",
        "aqi_pm25": "26",
        "weather": "晴",
        "weathere": "Sunny",
        "weathercode": "d00",
        "limitnumber": "不限行",
        "date": "01月26日(星期四)"
      },
      "weather": {
        "day": {
          "date": "26日夜间",
          "weather": "晴",
          "temp": "-9",
          "tempUnit": "°C",
          "wind": {
            "direction": "西北风",
            "directionCode": "NW",
            "level": "<3级"
          },
          "sunrise": "日落 17:25"
        },
        "night": {
          "date": "27日白天",
          "weather": "晴",
          "temp": "2",
          "tempUnit": "°C",
          "wind": {
            "direction": "西风",
            "directionCode": "W",
            "level": "<3级"
          },
          "sunset": "日出 07:27"
        }
      }
    },
    {
      "id": "101020100",
      "province": "上海",
      "city": "上海",
      "realtime": {
        "nameen": "shanghai",
        "cityname": "上海",
        "city": "101020100",
        "temp": "6",
        "tempf": "42",
        "WD": "北风",
        "wde": "N",
        "WS": "1级",
        "wse": "1km/h",
        "SD": "46%",
        "sd": "46%",
        "qy": "1024",
        "njd": "10km",
        "time": "18:45",
        "rain": "0",
        "rain24h": "0",
        "aqi": "59",
        "aqi_pm25": "59",
        "weather": "晴",
        "weathere": "Sunny",
        "weathercode": "d00",
        "limitnumber": "",
        "date": "01月26日(星期四)"
      },
      "weather": {
        "day": {
          "date": "26日夜间",
          "weather": "多云",
          "temp": "0",
          "tempUnit": "°C",
          "wind": {
            "direction": "西北风",
            "directionCode": "NW",
            "level": "3-4级"
          },
          "sunrise": "日落 17:23"
        },
        "night": {
          "date": "27日白天",
          "weather": "多云",
          "temp": "5",
          "tempUnit": "°C",
          "wind": {
            "direction": "西北风",
            "directionCode": "NW",
            "level": "3-4级"
          },
          "sunset": "日出 06:49"
        }
      }
    },
    {
      "id": "101030100",
      "province": "天津",
      "city": "天津",
      "realtime": {
        "nameen": "tianjin",
        "cityname": "天津",
        "city": "101030100",
        "temp": "-3",
        "tempf": "26",
        "WD": "西北风",
        "wde": "NW",
        "WS": "1级",
        "wse": "3km/h",
        "SD": "29%",
        "sd": "29%",
        "qy": "1030",
        "njd": "18km",
        "time": "18:45",
        "rain": "0",
        "rain24h": "0",
        "aqi": "54",
        "aqi_pm25": "54",
        "weather": "晴",
        "weathere": "Sunny",
        "weathercode": "d00",
        "limitnumber": "不限行",
        "date": "01月26日(星期四)"
      },
      "weather": {
        "day": {
          "date": "26日夜间",
          "weather": "晴",
          "temp": "-6",
          "tempUnit": "°C",
          "wind": {
            "direction": "西北风",
            "directionCode": "NW",
            "level": "4-5级"
          },
          "sunrise": "日落 17:24"
        },
        "night": {
          "date": "27日白天",
          "weather": "晴",
          "temp": "1",
          "tempUnit": "°C",
          "wind": {
            "direction": "西北风",
            "directionCode": "NW",
            "level": "4-5级"
          },
          "sunset": "日出 07:22"
        }
      }
    },
    {
      "id": "101040100",
      "province": "重庆",
      "city": "重庆",
      "realtime": {
        "nameen": "chongqing",
        "cityname": "重庆",
        "city": "101040100",
        "temp": "8",
        "tempf": "46",
        "WD": "西风",
        "wde": "W",
        "WS": "1级",
        "wse": "3km/h",
        "SD": "65%",
        "sd": "65%",
        "qy": "995",
        "njd": "5km",
        "time": "18:45",
        "rain": "0",
        "rain24h": "0",
        "aqi": "114",
        "aqi_pm25": "114",
        "weather": "多云",
        "weathere": "Cloudy",
        "weathercode": "d01",
        "limitnumber": "",
        "date": "01月26日(星期四)"
      },
      "weather": {
        "day": {
          "date": "26日夜间",
          "weather": "阴",
          "temp": "7",
          "tempUnit": "°C",
          "wind": {
            "direction": "西南风",
            "directionCode": "SW",
            "level": "<3级"
          },
          "sunrise": "日落 18:25"
        },
        "night": {
          "date": "27日白天",
          "weather": "阴",
          "temp": "10",
          "tempUnit": "°C",
          "wind": {
            "direction": "西南风",
            "directionCode": "SW",
            "level": "<3级"
          },
          "sunset": "日出 07:46"
        }
      }
    },
    {
      "id": "101050101",
      "province": "黑龙江",
      "city": "哈尔滨",
      "realtime": {
        "nameen": "haerbin",
        "cityname": "哈尔滨",
        "city": "101050101",
        "temp": "-24",
        "tempf": "-11",
        "WD": "西风",
        "wde": "W",
        "WS": "1级",
        "wse": "4km/h",
        "SD": "63%",
        "sd": "63%",
        "qy": "1012",
        "njd": "5km",
        "time": "18:45",
        "rain": "0",
        "rain24h": "0",
        "aqi": "70",
        "aqi_pm25": "70",
        "weather": "晴",
        "weathere": "Sunny",
        "weathercode": "d00",
        "limitnumber": "",
        "date": "01月26日(星期四)"
      },
      "weather": {
        "day": {
          "date": "26日夜间",
          "weather": "晴",
          "temp": "-29",
          "tempUnit": "°C",
          "wind": {
            "direction": "西北风",
            "directionCode": "NW",
            "level": "<3级"
          },
          "sunrise": "日落 16:29"
        },
        "night": {
          "date": "27日白天",
          "weather": "晴",
          "temp": "-17",
          "tempUnit": "°C",
          "wind": {
            "direction": "西风",
            "directionCode": "W",
            "level": "3-4级"
          },
          "sunset": "日出 07:02"
        }
      }
    },
    {
      "id": "101060101",
      "province": "吉林",
      "city": "长春",
      "realtime": {
        "nameen": "changchun",
        "cityname": "长春",
        "city": "101060101",
        "temp": "-15",
        "tempf": "5",
        "WD": "北风",
        "wde": "N",
        "WS": "2级",
        "wse": "7km/h",
        "SD": "42%",
        "sd": "42%",
        "qy": "996",
        "njd": "6km",
        "time": "18:45",
        "rain": "0",
        "rain24h": "0",
        "aqi": "60",
        "aqi_pm25": "60",
        "weather": "晴",
        "weathere": "Sunny",
        "weathercode": "d00",
        "limitnumber": "",
        "date": "01月26日(星期四)"
      },
      "weather": {
        "day": {
          "date": "26日夜间",
          "weather": "晴",
          "temp": "-22",
          "tempUnit": "°C",
          "wind": {
            "direction": "西风",
            "directionCode": "W",
            "level": "<3级"
          },
          "sunrise": "日落 16:40"
        },
        "night": {
          "date": "27日白天",
          "weather": "晴",
          "temp": "-13",
          "tempUnit": "°C",
          "wind": {
            "direction": "西北风",
            "directionCode": "NW",
            "level": "<3级"
          },
          "sunset": "日出 07:02"
        }
      }
    },
    {
      "id": "101070101",
      "province": "辽宁",
      "city": "沈阳",
      "realtime": {
        "nameen": "shenyang",
        "cityname": "沈阳",
        "city": "101070101",
        "temp": "-12",
        "tempf": "10",
        "WD": "东北风",
        "wde": "NE",
        "WS": "2级",
        "wse": "6km/h",
        "SD": "33%",
        "sd": "33%",
        "qy": "1022",
        "njd": "30km",
        "time": "18:45",
        "rain": "0",
        "rain24h": "0",
        "aqi": "46",
        "aqi_pm25": "46",
        "weather": "多云",
        "weathere": "Cloudy",
        "weathercode": "d01",
        "limitnumber": "",
        "date": "01月26日(星期四)"
      },
      "weather": {
        "day": {
          "date": "26日夜间",
          "weather": "晴",
          "temp": "-21",
          "tempUnit": "°C",
          "wind": {
            "direction": "西北风",
            "directionCode": "NW",
            "level": "<3级"
          },
          "sunrise": "日落 16:53"
        },
        "night": {
          "date": "27日白天",
          "weather": "晴",
          "temp": "-8",
          "tempUnit": "°C",
          "wind": {
            "direction": "西北风",
            "directionCode": "NW",
            "level": "3-4级"
          },
          "sunset": "日出 07:04"
        }
      }
    },
    {
      "id": "101080101",
      "province": "内蒙古",
      "city": "呼和浩特",
      "realtime": {
        "nameen": "huhehaote",
        "cityname": "呼和浩特",
        "city": "101080101",
        "temp": "-11",
        "tempf": "12",
        "WD": "西北风",
        "wde": "NW",
        "WS": "4级",
        "wse": "19km/h",
        "SD": "48%",
        "sd": "48%",
        "qy": "895",
        "njd": "30km",
        "time": "18:45",
        "rain": "0",
        "rain24h": "0",
        "aqi": "23",
        "aqi_pm25": "23",
        "weather": "晴",
        "weathere": "Sunny",
        "weathercode": "d00",
        "limitnumber": "",
        "date": "01月26日(星期四)"
      },
      "weather": {
        "day": {
          "date": "26日夜间",
          "weather": "晴",
          "temp": "-18",
          "tempUnit": "°C",
          "wind": {
            "direction": "西风",
            "directionCode": "W",
            "level": "3-4级"
          },
          "sunrise": "日落 17:41"
        },
        "night": {
          "date": "27日白天",
          "weather": "晴",
          "temp": "-5",
          "tempUnit": "°C",
          "wind": {
            "direction": "西风",
            "directionCode": "W",
            "level": "3-4级"
          },
          "sunset": "日出 07:48"
        }
      }
    },
    {
      "id": "101090101",
      "province": "河北",
      "city": "石家庄",
      "realtime": {
        "nameen": "shijiazhuang",
        "cityname": "石家庄",
        "city": "101090101",
        "temp": "-1",
        "tempf": "30",
        "WD": "东南风",
        "wde": "SE",
        "WS": "2级",
        "wse": "6km/h",
        "SD": "29%",
        "sd": "29%",
        "qy": "1020",
        "njd": "16km",
        "time": "18:45",
        "rain": "0",
        "rain24h": "0",
        "aqi": "81",
        "aqi_pm25": "81",
        "weather": "晴",
        "weathere": "Sunny",
        "weathercode": "d00",
        "limitnumber": "",
        "date": "01月26日(星期四)"
      },
      "weather": {
        "day": {
          "date": "26日夜间",
          "weather": "晴",
          "temp": "-7",
          "tempUnit": "°C",
          "wind": {
            "direction": "西北风",
            "directionCode": "NW",
            "level": "4-5级"
          },
          "sunrise": "日落 17:37"
        },
        "night": {
          "date": "27日白天",
          "weather": "晴",
          "temp": "4",
          "tempUnit": "°C",
          "wind": {
            "direction": "西北风",
            "directionCode": "NW",
            "level": "4-5级"
          },
          "sunset": "日出 07:31"
        }
      }
    },
    {
      "id": "101100101",
      "province": "山西",
      "city": "太原",
      "realtime": {
        "nameen": "taiyuan",
        "cityname": "太原",
        "city": "101100101",
        "temp": "-2",
        "tempf": "28",
        "WD": "西风",
        "wde": "W",
        "WS": "3级",
        "wse": "14km/h",
        "SD": "20%",
        "sd": "20%",
        "qy": "937",
        "njd": "25km",
        "time": "18:45",
        "rain": "0",
        "rain24h": "0",
        "aqi": "61",
        "aqi_pm25": "61",
        "weather": "晴",
        "weathere": "Sunny",
        "weathercode": "d00",
        "limitnumber": "",
        "date": "01月26日(星期四)"
      },
      "weather": {
        "day": {
          "date": "26日夜间",
          "weather": "晴",
          "temp": "-12",
          "tempUnit": "°C",
          "wind": {
            "direction": "西北风",
            "directionCode": "NW",
            "level": "4-5级"
          },
          "sunrise": "日落 17:45"
        },
        "night": {
          "date": "27日白天",
          "weather": "晴",
          "temp": "0",
          "tempUnit": "°C",
          "wind": {
            "direction": "西风",
            "directionCode": "W",
            "level": "5-6级"
          },
          "sunset": "日出 07:38"
        }
      }
    },
    {
      "id": "101110101",
      "province": "陕西",
      "city": "西安",
      "realtime": {
        "nameen": "xian",
        "cityname": "西安",
        "city": "101110101",
        "temp": "5",
        "tempf": "41",
        "WD": "南风",
        "wde": "S",
        "WS": "2级",
        "wse": "10km/h",
        "SD": "15%",
        "sd": "15%",
        "qy": "983",
        "njd": "7km",
        "time": "18:45",
        "rain": "0",
        "rain24h": "0",
        "aqi": "94",
        "aqi_pm25": "94",
        "weather": "多云",
        "weathere": "Cloudy",
        "weathercode": "d01",
        "limitnumber": "不限行",
        "date": "01月26日(星期四)"
      },
      "weather": {
        "day": {
          "date": "26日夜间",
          "weather": "多云",
          "temp": "-3",
          "tempUnit": "°C",
          "wind": {
            "direction": "无持续风向",
            "directionCode": "NNW",
            "level": "<3级"
          },
          "sunrise": "日落 18:07"
        },
        "night": {
          "date": "27日白天",
          "weather": "晴",
          "temp": "5",
          "tempUnit": "°C",
          "wind": {
            "direction": "无持续风向",
            "directionCode": "NNW",
            "level": "<3级"
          },
          "sunset": "日出 07:45"
        }
      }
    },
    {
      "id": "101120101",
      "province": "山东",
      "city": "济南",
      "realtime": {
        "nameen": "jinan",
        "cityname": "济南",
        "city": "101120101",
        "temp": "-3",
        "tempf": "26",
        "WD": "东风",
        "wde": "E",
        "WS": "1级",
        "wse": "1km/h",
        "SD": "30%",
        "sd": "30%",
        "qy": "1009",
        "njd": "16km",
        "time": "18:45",
        "rain": "0",
        "rain24h": "0",
        "aqi": "86",
        "aqi_pm25": "86",
        "weather": "晴",
        "weathere": "Sunny",
        "weathercode": "d00",
        "limitnumber": "",
        "date": "01月26日(星期四)"
      },
      "weather": {
        "day": {
          "date": "26日夜间",
          "weather": "晴",
          "temp": "-7",
          "tempUnit": "°C",
          "wind": {
            "direction": "北风",
            "directionCode": "N",
            "level": "<3级"
          },
          "sunrise": "日落 17:29"
        },
        "night": {
          "date": "27日白天",
          "weather": "晴",
          "temp": "1",
          "tempUnit": "°C",
          "wind": {
            "direction": "北风",
            "directionCode": "N",
            "level": "3-4级"
          },
          "sunset": "日出 07:17"
        }
      }
    },
    {
      "id": "101130101",
      "province": "新疆",
      "city": "乌鲁木齐",
      "realtime": {
        "nameen": "wulumuqi",
        "cityname": "乌鲁木齐",
        "city": "101130101",
        "temp": "-18",
        "tempf": "0",
        "WD": "西北风",
        "wde": "NW",
        "WS": "1级",
        "wse": "3km/h",
        "SD": "68%",
        "sd": "68%",
        "qy": "969",
        "njd": "3km",
        "time": "18:45",
        "rain": "0",
        "rain24h": "0",
        "aqi": "162",
        "aqi_pm25": "162",
        "weather": "霾",
        "weathere": "haze",
        "weathercode": "d53",
        "limitnumber": "",
        "date": "01月26日(星期四)"
      },
      "weather": {
        "day": {
          "date": "26日夜间",
          "weather": "晴",
          "temp": "-20",
          "tempUnit": "°C",
          "wind": {
            "direction": "无持续风向",
            "directionCode": "NNW",
            "level": "<3级"
          },
          "sunrise": "日落 19:11"
        },
        "night": {
          "date": "27日白天",
          "weather": "晴",
          "temp": "-11",
          "tempUnit": "°C",
          "wind": {
            "direction": "无持续风向",
            "directionCode": "NNW",
            "level": "<3级"
          },
          "sunset": "日出 09:32"
        }
      }
    },
    {
      "id": "101140101",
      "province": "西藏",
      "city": "拉萨",
      "realtime": {
        "nameen": "lasa",
        "cityname": "拉萨",
        "city": "101140101",
        "temp": "13",
        "tempf": "55",
        "WD": "西南风",
        "wde": "SW",
        "WS": "4级",
        "wse": "25km/h",
        "SD": "8%",
        "sd": "8%",
        "qy": "635",
        "njd": "30km",
        "time": "18:45",
        "rain": "0",
        "rain24h": "0",
        "aqi": "32",
        "aqi_pm25": "32",
        "weather": "晴",
        "weathere": "Sunny",
        "weathercode": "d00",
        "limitnumber": "",
        "date": "01月26日(星期四)"
      },
      "weather": {
        "day": {
          "date": "26日夜间",
          "weather": "晴",
          "temp": "-1",
          "tempUnit": "°C",
          "wind": {
            "direction": "无持续风向",
            "directionCode": "NNW",
            "level": "<3级"
          },
          "sunrise": "日落 19:27"
        },
        "night": {
          "date": "27日白天",
          "weather": "晴",
          "temp": "16",
          "tempUnit": "°C",
          "wind": {
            "direction": "无持续风向",
            "directionCode": "NNW",
            "level": "<3级"
          },
          "sunset": "日出 08:48"
        }
      }
    },
    {
      "id": "101150101",
      "province": "青海",
      "city": "西宁",
      "realtime": {
        "nameen": "xining",
        "cityname": "西宁",
        "city": "101150101",
        "temp": "-8",
        "tempf": "17",
        "WD": "东风",
        "wde": "E",
        "WS": "4级",
        "wse": "24km/h",
        "SD": "24%",
        "sd": "24%",
        "qy": "760",
        "njd": "18km",
        "time": "18:45",
        "rain": "0",
        "rain24h": "0",
        "aqi": "80",
        "aqi_pm25": "80",
        "weather": "晴",
        "weathere": "Sunny",
        "weathercode": "d00",
        "limitnumber": "",
        "date": "01月26日(星期四)"
      },
      "weather": {
        "day": {
          "date": "26日夜间",
          "weather": "晴",
          "temp": "-16",
          "tempUnit": "°C",
          "wind": {
            "direction": "南风",
            "directionCode": "S",
            "level": "<3级"
          },
          "sunrise": "日落 18:31"
        },
        "night": {
          "date": "27日白天",
          "weather": "晴",
          "temp": "-1",
          "tempUnit": "°C",
          "wind": {
            "direction": "西南风",
            "directionCode": "SW",
            "level": "<3级"
          },
          "sunset": "日出 08:19"
        }
      }
    },
    {
      "id": "101160101",
      "province": "甘肃",
      "city": "兰州",
      "realtime": {
        "nameen": "lanzhou",
        "cityname": "兰州",
        "city": "101160101",
        "temp": "-6",
        "tempf": "21",
        "WD": "北风",
        "wde": "N",
        "WS": "2级",
        "wse": "6km/h",
        "SD": "19%",
        "sd": "19%",
        "qy": "818",
        "njd": "29km",
        "time": "18:45",
        "rain": "0",
        "rain24h": "0",
        "aqi": "73",
        "aqi_pm25": "73",
        "weather": "晴",
        "weathere": "Sunny",
        "weathercode": "d00",
        "limitnumber": "不限行",
        "date": "01月26日(星期四)"
      },
      "weather": {
        "day": {
          "date": "26日夜间",
          "weather": "晴",
          "temp": "-13",
          "tempUnit": "°C",
          "wind": {
            "direction": "无持续风向",
            "directionCode": "NNW",
            "level": "<3级"
          },
          "sunrise": "日落 18:24"
        },
        "night": {
          "date": "27日白天",
          "weather": "晴",
          "temp": "2",
          "tempUnit": "°C",
          "wind": {
            "direction": "无持续风向",
            "directionCode": "NNW",
            "level": "<3级"
          },
          "sunset": "日出 08:09"
        }
      }
    },
    {
      "id": "101170101",
      "province": "宁夏",
      "city": "银川",
      "realtime": {
        "nameen": "yinchuan",
        "cityname": "银川",
        "city": "101170101",
        "temp": "-3",
        "tempf": "26",
        "WD": "西北风",
        "wde": "NW",
        "WS": "2级",
        "wse": "11km/h",
        "SD": "18%",
        "sd": "18%",
        "qy": "902",
        "njd": "27km",
        "time": "18:45",
        "rain": "0",
        "rain24h": "0",
        "aqi": "57",
        "aqi_pm25": "57",
        "weather": "晴",
        "weathere": "Sunny",
        "weathercode": "d00",
        "limitnumber": "",
        "date": "01月26日(星期四)"
      },
      "weather": {
        "day": {
          "date": "26日夜间",
          "weather": "晴",
          "temp": "-14",
          "tempUnit": "°C",
          "wind": {
            "direction": "西北风",
            "directionCode": "NW",
            "level": "4-5级"
          },
          "sunrise": "日落 18:09"
        },
        "night": {
          "date": "27日白天",
          "weather": "晴",
          "temp": "-1",
          "tempUnit": "°C",
          "wind": {
            "direction": "西北风",
            "directionCode": "NW",
            "level": "3-4级"
          },
          "sunset": "日出 08:05"
        }
      }
    },
    {
      "id": "101180101",
      "province": "河南",
      "city": "郑州",
      "realtime": {
        "nameen": "zhengzhou",
        "cityname": "郑州",
        "city": "101180101",
        "temp": "0",
        "tempf": "32",
        "WD": "东风",
        "wde": "E",
        "WS": "1级",
        "wse": "2km/h",
        "SD": "29%",
        "sd": "29%",
        "qy": "1018",
        "njd": "13km",
        "time": "18:45",
        "rain": "0",
        "rain24h": "0",
        "aqi": "103",
        "aqi_pm25": "103",
        "weather": "多云",
        "weathere": "Cloudy",
        "weathercode": "d01",
        "limitnumber": "不限行",
        "date": "01月26日(星期四)"
      },
      "weather": {
        "day": {
          "date": "26日夜间",
          "weather": "晴",
          "temp": "-6",
          "tempUnit": "°C",
          "wind": {
            "direction": "西北风",
            "directionCode": "NW",
            "level": "3-4级"
          },
          "sunrise": "日落 17:47"
        },
        "night": {
          "date": "27日白天",
          "weather": "晴",
          "temp": "5",
          "tempUnit": "°C",
          "wind": {
            "direction": "西北风",
            "directionCode": "NW",
            "level": "3-4级"
          },
          "sunset": "日出 07:27"
        }
      }
    },
    {
      "id": "101190101",
      "province": "江苏",
      "city": "南京",
      "realtime": {
        "nameen": "nanjing",
        "cityname": "南京",
        "city": "101190101",
        "temp": "3",
        "tempf": "37",
        "WD": "北风",
        "wde": "N",
        "WS": "3级",
        "wse": "12km/h",
        "SD": "43%",
        "sd": "43%",
        "qy": "1023",
        "njd": "14km",
        "time": "18:45",
        "rain": "0",
        "rain24h": "0",
        "aqi": "63",
        "aqi_pm25": "63",
        "weather": "多云",
        "weathere": "Cloudy",
        "weathercode": "d01",
        "limitnumber": "",
        "date": "01月26日(星期四)"
      },
      "weather": {
        "day": {
          "date": "26日夜间",
          "weather": "多云",
          "temp": "-3",
          "tempUnit": "°C",
          "wind": {
            "direction": "北风",
            "directionCode": "N",
            "level": "<3级"
          },
          "sunrise": "日落 17:32"
        },
        "night": {
          "date": "27日白天",
          "weather": "晴",
          "temp": "3",
          "tempUnit": "°C",
          "wind": {
            "direction": "北风",
            "directionCode": "N",
            "level": "4-5级"
          },
          "sunset": "日出 07:02"
        }
      }
    },
    {
      "id": "101200101",
      "province": "湖北",
      "city": "武汉",
      "realtime": {
        "nameen": "wuhan",
        "cityname": "武汉",
        "city": "101200101",
        "temp": "4",
        "tempf": "39",
        "WD": "北风",
        "wde": "N",
        "WS": "1级",
        "wse": "2km/h",
        "SD": "49%",
        "sd": "49%",
        "qy": "1026",
        "njd": "10km",
        "time": "18:45",
        "rain": "0",
        "rain24h": "0",
        "aqi": "98",
        "aqi_pm25": "98",
        "weather": "晴",
        "weathere": "Sunny",
        "weathercode": "d00",
        "limitnumber": "不限行",
        "date": "01月26日(星期四)"
      },
      "weather": {
        "day": {
          "date": "26日夜间",
          "weather": "晴",
          "temp": "-3",
          "tempUnit": "°C",
          "wind": {
            "direction": "无持续风向",
            "directionCode": "NNW",
            "level": "<3级"
          },
          "sunrise": "日落 17:53"
        },
        "night": {
          "date": "27日白天",
          "weather": "晴",
          "temp": "8",
          "tempUnit": "°C",
          "wind": {
            "direction": "无持续风向",
            "directionCode": "NNW",
            "level": "<3级"
          },
          "sunset": "日出 07:17"
        }
      }
    },
    {
      "id": "101210101",
      "province": "浙江",
      "city": "杭州",
      "realtime": {
        "nameen": "hangzhou",
        "cityname": "杭州",
        "city": "101210101",
        "temp": "6",
        "tempf": "42",
        "WD": "西北风",
        "wde": "NW",
        "WS": "2级",
        "wse": "7km/h",
        "SD": "47%",
        "sd": "47%",
        "qy": "1019",
        "njd": "15km",
        "time": "18:45",
        "rain": "0",
        "rain24h": "0",
        "aqi": "50",
        "aqi_pm25": "50",
        "weather": "晴",
        "weathere": "Sunny",
        "weathercode": "d00",
        "limitnumber": "不限行",
        "date": "01月26日(星期四)"
      },
      "weather": {
        "day": {
          "date": "26日夜间",
          "weather": "多云",
          "temp": "0",
          "tempUnit": "°C",
          "wind": {
            "direction": "西北风",
            "directionCode": "NW",
            "level": "4-5级"
          },
          "sunrise": "日落 17:30"
        },
        "night": {
          "date": "27日白天",
          "weather": "晴",
          "temp": "6",
          "tempUnit": "°C",
          "wind": {
            "direction": "北风",
            "directionCode": "N",
            "level": "5-6级"
          },
          "sunset": "日出 06:53"
        }
      }
    },
    {
      "id": "101220101",
      "province": "安徽",
      "city": "合肥",
      "realtime": {
        "nameen": "hefei",
        "cityname": "合肥",
        "city": "101220101",
        "temp": "3",
        "tempf": "37",
        "WD": "西南风",
        "wde": "SW",
        "WS": "2级",
        "wse": "9km/h",
        "SD": "58%",
        "sd": "58%",
        "qy": "1021",
        "njd": "12km",
        "time": "18:45",
        "rain": "0",
        "rain24h": "0",
        "aqi": "74",
        "aqi_pm25": "74",
        "weather": "晴",
        "weathere": "Sunny",
        "weathercode": "d00",
        "limitnumber": "",
        "date": "01月26日(星期四)"
      },
      "weather": {
        "day": {
          "date": "26日夜间",
          "weather": "多云",
          "temp": "-3",
          "tempUnit": "°C",
          "wind": {
            "direction": "北风",
            "directionCode": "N",
            "level": "<3级"
          },
          "sunrise": "日落 17:39"
        },
        "night": {
          "date": "27日白天",
          "weather": "多云",
          "temp": "3",
          "tempUnit": "°C",
          "wind": {
            "direction": "北风",
            "directionCode": "N",
            "level": "3-4级"
          },
          "sunset": "日出 07:07"
        }
      }
    },
    {
      "id": "101230101",
      "province": "福建",
      "city": "福州",
      "realtime": {
        "nameen": "fuzhou",
        "cityname": "福州",
        "city": "101230101",
        "temp": "13",
        "tempf": "55",
        "WD": "西北风",
        "wde": "NW",
        "WS": "3级",
        "wse": "12km/h",
        "SD": "54%",
        "sd": "54%",
        "qy": "1010",
        "njd": "30km",
        "time": "18:45",
        "rain": "0",
        "rain24h": "0",
        "aqi": "22",
        "aqi_pm25": "22",
        "weather": "多云",
        "weathere": "Cloudy",
        "weathercode": "d01",
        "limitnumber": "",
        "date": "01月26日(星期四)"
      },
      "weather": {
        "day": {
          "date": "26日夜间",
          "weather": "多云",
          "temp": "7",
          "tempUnit": "°C",
          "wind": {
            "direction": "无持续风向",
            "directionCode": "NNW",
            "level": "<3级"
          },
          "sunrise": "日落 17:40"
        },
        "night": {
          "date": "27日白天",
          "weather": "晴",
          "temp": "15",
          "tempUnit": "°C",
          "wind": {
            "direction": "无持续风向",
            "directionCode": "NNW",
            "level": "<3级"
          },
          "sunset": "日出 06:49"
        }
      }
    },
    {
      "id": "101240101",
      "province": "江西",
      "city": "南昌",
      "realtime": {
        "nameen": "nanchang",
        "cityname": "南昌",
        "city": "101240101",
        "temp": "4",
        "tempf": "39",
        "WD": "东风",
        "wde": "E",
        "WS": "1级",
        "wse": "4km/h",
        "SD": "57%",
        "sd": "57%",
        "qy": "1020",
        "njd": "12km",
        "time": "18:45",
        "rain": "0",
        "rain24h": "0",
        "aqi": "64",
        "aqi_pm25": "64",
        "weather": "多云",
        "weathere": "Cloudy",
        "weathercode": "d01",
        "limitnumber": "",
        "date": "01月26日(星期四)"
      },
      "weather": {
        "day": {
          "date": "26日夜间",
          "weather": "多云",
          "temp": "1",
          "tempUnit": "°C",
          "wind": {
            "direction": "北风",
            "directionCode": "N",
            "level": "3-4级"
          },
          "sunrise": "日落 17:50"
        },
        "night": {
          "date": "27日白天",
          "weather": "晴",
          "temp": "7",
          "tempUnit": "°C",
          "wind": {
            "direction": "东北风",
            "directionCode": "NE",
            "level": "3-4级"
          },
          "sunset": "日出 07:07"
        }
      }
    },
    {
      "id": "101250101",
      "province": "湖南",
      "city": "长沙",
      "realtime": {
        "nameen": "changsha",
        "cityname": "长沙",
        "city": "101250101",
        "temp": "7",
        "tempf": "44",
        "WD": "西北风",
        "wde": "NW",
        "WS": "1级",
        "wse": "3km/h",
        "SD": "49%",
        "sd": "49%",
        "qy": "1022",
        "njd": "13km",
        "time": "18:45",
        "rain": "0",
        "rain24h": "0",
        "aqi": "70",
        "aqi_pm25": "70",
        "weather": "多云",
        "weathere": "Cloudy",
        "weathercode": "d01",
        "limitnumber": "",
        "date": "01月26日(星期四)"
      },
      "weather": {
        "day": {
          "date": "26日夜间",
          "weather": "阴",
          "temp": "3",
          "tempUnit": "°C",
          "wind": {
            "direction": "北风",
            "directionCode": "N",
            "level": "<3级"
          },
          "sunrise": "日落 18:02"
        },
        "night": {
          "date": "27日白天",
          "weather": "多云",
          "temp": "8",
          "tempUnit": "°C",
          "wind": {
            "direction": "北风",
            "directionCode": "N",
            "level": "3-4级"
          },
          "sunset": "日出 07:18"
        }
      }
    },
    {
      "id": "101260101",
      "province": "贵州",
      "city": "贵阳",
      "realtime": {
        "nameen": "guiyang",
        "cityname": "贵阳",
        "city": "101260101",
        "temp": "4",
        "tempf": "39",
        "WD": "北风",
        "wde": "N",
        "WS": "2级",
        "wse": "11km/h",
        "SD": "58%",
        "sd": "58%",
        "qy": "882",
        "njd": "10km",
        "time": "18:45",
        "rain": "0",
        "rain24h": "0",
        "aqi": "77",
        "aqi_pm25": "77",
        "weather": "多云",
        "weathere": "Cloudy",
        "weathercode": "d01",
        "limitnumber": "不限行",
        "date": "01月26日(星期四)"
      },
      "weather": {
        "day": {
          "date": "26日夜间",
          "weather": "阴",
          "temp": "0",
          "tempUnit": "°C",
          "wind": {
            "direction": "北风",
            "directionCode": "N",
            "level": "<3级"
          },
          "sunrise": "日落 18:30"
        },
        "night": {
          "date": "27日白天",
          "weather": "多云",
          "temp": "6",
          "tempUnit": "°C",
          "wind": {
            "direction": "东北风",
            "directionCode": "NE",
            "level": "<3级"
          },
          "sunset": "日出 07:41"
        }
      }
    },
    {
      "id": "101270101",
      "province": "四川",
      "city": "成都",
      "realtime": {
        "nameen": "chengdu",
        "cityname": "成都",
        "city": "101270101",
        "temp": "6",
        "tempf": "42",
        "WD": "北风",
        "wde": "N",
        "WS": "0级",
        "wse": "0km/h",
        "SD": "62%",
        "sd": "62%",
        "qy": "967",
        "njd": "7km",
        "time": "18:45",
        "rain": "0",
        "rain24h": "0",
        "aqi": "100",
        "aqi_pm25": "100",
        "weather": "多云",
        "weathere": "Cloudy",
        "weathercode": "d01",
        "limitnumber": "不限行",
        "date": "01月26日(星期四)"
      },
      "weather": {
        "day": {
          "date": "26日夜间",
          "weather": "晴",
          "temp": "1",
          "tempUnit": "°C",
          "wind": {
            "direction": "无持续风向",
            "directionCode": "NNW",
            "level": "<3级"
          },
          "sunrise": "日落 18:33"
        },
        "night": {
          "date": "27日白天",
          "weather": "晴",
          "temp": "12",
          "tempUnit": "°C",
          "wind": {
            "direction": "无持续风向",
            "directionCode": "NNW",
            "level": "<3级"
          },
          "sunset": "日出 07:58"
        }
      }
    },
    {
      "id": "101280101",
      "province": "广东",
      "city": "广州",
      "realtime": {
        "nameen": "guangzhou",
        "cityname": "广州",
        "city": "101280101",
        "temp": "16",
        "tempf": "60",
        "WD": "东北风",
        "wde": "NE",
        "WS": "1级",
        "wse": "2km/h",
        "SD": "54%",
        "sd": "54%",
        "qy": "1014",
        "njd": "17km",
        "time": "18:45",
        "rain": "0",
        "rain24h": "0",
        "aqi": "51",
        "aqi_pm25": "51",
        "weather": "晴",
        "weathere": "Sunny",
        "weathercode": "d00",
        "limitnumber": "不限行",
        "date": "01月26日(星期四)"
      },
      "weather": {
        "day": {
          "date": "26日夜间",
          "weather": "多云",
          "temp": "12",
          "tempUnit": "°C",
          "wind": {
            "direction": "北风",
            "directionCode": "N",
            "level": "3-4级"
          },
          "sunrise": "日落 18:09"
        },
        "night": {
          "date": "27日白天",
          "weather": "多云",
          "temp": "14",
          "tempUnit": "°C",
          "wind": {
            "direction": "北风",
            "directionCode": "N",
            "level": "4-5级"
          },
          "sunset": "日出 07:08"
        }
      }
    },
    {
      "id": "101290101",
      "province": "云南",
      "city": "昆明",
      "realtime": {
        "nameen": "kunming",
        "cityname": "昆明",
        "city": "101290101",
        "temp": "21",
        "tempf": "69",
        "WD": "西南风",
        "wde": "SW",
        "WS": "2级",
        "wse": "10km/h",
        "SD": "23%",
        "sd": "23%",
        "qy": "806",
        "njd": "30km",
        "time": "18:45",
        "rain": "0",
        "rain24h": "0",
        "aqi": "29",
        "aqi_pm25": "29",
        "weather": "多云",
        "weathere": "Cloudy",
        "weathercode": "d01",
        "limitnumber": "",
        "date": "01月26日(星期四)"
      },
      "weather": {
        "day": {
          "date": "26日夜间",
          "weather": "多云",
          "temp": "2",
          "tempUnit": "°C",
          "wind": {
            "direction": "东风",
            "directionCode": "E",
            "level": "<3级"
          },
          "sunrise": "日落 18:48"
        },
        "night": {
          "date": "27日白天",
          "weather": "多云",
          "temp": "4",
          "tempUnit": "°C",
          "wind": {
            "direction": "东风",
            "directionCode": "E",
            "level": "3-4级"
          },
          "sunset": "日出 07:53"
        }
      }
    },
    {
      "id": "101300101",
      "province": "广西",
      "city": "南宁",
      "realtime": {
        "nameen": "nanning",
        "cityname": "南宁",
        "city": "101300101",
        "temp": "12",
        "tempf": "53",
        "WD": "东北风",
        "wde": "NE",
        "WS": "3级",
        "wse": "13km/h",
        "SD": "81%",
        "sd": "81%",
        "qy": "995",
        "njd": "2km",
        "time": "18:45",
        "rain": "0",
        "rain24h": "0",
        "aqi": "97",
        "aqi_pm25": "97",
        "weather": "雾",
        "weathere": "Foggy",
        "weathercode": "d18",
        "limitnumber": "",
        "date": "01月26日(星期四)"
      },
      "weather": {
        "day": {
          "date": "26日夜间",
          "weather": "小雨",
          "temp": "10",
          "tempUnit": "°C",
          "wind": {
            "direction": "东北风",
            "directionCode": "NE",
            "level": "3-4级"
          },
          "sunrise": "日落 18:29"
        },
        "night": {
          "date": "27日白天",
          "weather": "多云",
          "temp": "17",
          "tempUnit": "°C",
          "wind": {
            "direction": "东北风",
            "directionCode": "NE",
            "level": "3-4级"
          },
          "sunset": "日出 07:27"
        }
      }
    },
    {
      "id": "101310101",
      "province": "海南",
      "city": "海口",
      "realtime": {
        "nameen": "haikou",
        "cityname": "海口",
        "city": "101310101",
        "temp": "17",
        "tempf": "62",
        "WD": "东北风",
        "wde": "NE",
        "WS": "2级",
        "wse": "9km/h",
        "SD": "95%",
        "sd": "95%",
        "qy": "1007",
        "njd": "5km",
        "time": "18:45",
        "rain": "0",
        "rain24h": "0",
        "aqi": "26",
        "aqi_pm25": "26",
        "weather": "多云",
        "weathere": "Cloudy",
        "weathercode": "d01",
        "limitnumber": "",
        "date": "01月26日(星期四)"
      },
      "weather": {
        "day": {
          "date": "26日夜间",
          "weather": "小雨",
          "temp": "14",
          "tempUnit": "°C",
          "wind": {
            "direction": "东北风",
            "directionCode": "NE",
            "level": "3-4级"
          },
          "sunrise": "日落 18:26"
        },
        "night": {
          "date": "27日白天",
          "weather": "小雨",
          "temp": "16",
          "tempUnit": "°C",
          "wind": {
            "direction": "东北风",
            "directionCode": "NE",
            "level": "3-4级"
          },
          "sunset": "日出 07:15"
        }
      }
    },
    {
      "id": "101320101",
      "province": "香港",
      "city": "香港",
      "realtime": {
        "nameen": "hongkong",
        "cityname": "香港",
        "city": "101320101",
        "temp": "15",
        "tempf": "59",
        "WD": "微风",
        "wde": "NWW",
        "WS": "1级",
        "wse": "1km/h",
        "SD": "71%",
        "sd": "71%",
        "qy": "998",
        "njd": "4km",
        "time": "18:30",
        "rain": "0",
        "rain24h": "0",
        "aqi": "43",
        "aqi_pm25": "43",
        "weather": "多云",
        "weathere": "Cloudy",
        "weathercode": "d01",
        "limitnumber": "",
        "date": "01月26日(星期四)"
      },
      "weather": {
        "day": {
          "date": "26日夜间",
          "weather": "多云",
          "temp": "15",
          "tempUnit": "°C",
          "wind": {
            "direction": "北风",
            "directionCode": "N",
            "level": "4-5级"
          },
          "sunrise": "日落 18:07"
        },
        "night": {
          "date": "27日白天",
          "weather": "多云",
          "temp": "18",
          "tempUnit": "°C",
          "wind": {
            "direction": "北风",
            "directionCode": "N",
            "level": "4-5级"
          },
          "sunset": "日出 07:03"
        }
      }
    },
    {
      "id": "101330101",
      "province": "澳门",
      "city": "澳门",
      "realtime": {
        "nameen": "macao",
        "cityname": "澳门",
        "city": "101330101",
        "temp": "17",
        "tempf": "62",
        "WD": "微风",
        "wde": "NWW",
        "WS": "2级",
        "wse": "5km/h",
        "SD": "60%",
        "sd": "60%",
        "qy": "1007",
        "njd": "6km",
        "time": "18:30",
        "rain": "0",
        "rain24h": "0",
        "aqi": "49",
        "aqi_pm25": "49",
        "weather": "多云",
        "weathere": "Cloudy",
        "weathercode": "d01",
        "limitnumber": "",
        "date": "01月26日(星期四)"
      },
      "weather": {
        "day": {
          "date": "26日夜间",
          "weather": "多云",
          "temp": "15",
          "tempUnit": "°C",
          "wind": {
            "direction": "北风",
            "directionCode": "N",
            "level": "3-4级"
          },
          "sunrise": "日落 18:10"
        },
        "night": {
          "date": "27日白天",
          "weather": "多云",
          "temp": "18",
          "tempUnit": "°C",
          "wind": {
            "direction": "北风",
            "directionCode": "N",
            "level": "4-5级"
          },
          "sunset": "日出 07:06"
        }
      }
    },
    {
      "id": "101340101",
      "province": "台湾",
      "city": "台北",
      "realtime": {
        "nameen": "taibeixian",
        "cityname": "台北",
        "city": "101340101",
        "temp": "14",
        "tempf": "57",
        "WD": "微风",
        "wde": "NWW",
        "WS": "2级",
        "wse": "5km/h",
        "SD": "89%",
        "sd": "89%",
        "qy": "1007",
        "njd": "3km",
        "time": "18:20",
        "rain": "0",
        "rain24h": "0",
        "aqi": "12",
        "aqi_pm25": "12",
        "weather": "多云",
        "weathere": "Cloudy",
        "weathercode": "d01",
        "limitnumber": "",
        "date": "01月26日(星期四)"
      },
      "weather": {
        "day": {
          "date": "26日夜间",
          "weather": "多云",
          "temp": "10",
          "tempUnit": "°C",
          "wind": {
            "direction": "无持续风向",
            "directionCode": "NNW",
            "level": "<3级"
          },
          "sunrise": "日落 17:33"
        },
        "night": {
          "date": "27日白天",
          "weather": "多云",
          "temp": "11",
          "tempUnit": "°C",
          "wind": {
            "direction": "无持续风向",
            "directionCode": "NNW",
            "level": "<3级"
          },
          "sunset": "日出 06:38"
        }
      }
    }
  ]
}
