{
  "timestamp": 1758351813736,
  "lastUpdate": "2025-09-20 15:03:33",
  "data": [
    {
      "id": "101010100",
      "province": "北京",
      "city": "北京",
      "realtime": {
        "nameen": "beijing",
        "cityname": "北京",
        "city": "101010100",
        "temp": "27.3",
        "tempf": "81.1",
        "WD": "西南风",
        "wde": "SW",
        "WS": "2级",
        "wse": "8km/h",
        "SD": "40%",
        "sd": "40%",
        "qy": "1010",
        "njd": "30km",
        "time": "14:50",
        "rain": "0",
        "rain24h": "0",
        "aqi": "32",
        "aqi_pm25": "32",
        "weather": "多云",
        "weathere": "Cloudy",
        "weathercode": "d01",
        "limitnumber": "不限行",
        "date": "09月20日(星期六)"
      },
      "weather": {
        "day": {
          "date": "20日白天",
          "weather": "晴",
          "temp": "29",
          "tempUnit": "°C",
          "wind": {
            "direction": "西南风",
            "directionCode": "SW",
            "level": "<3级"
          },
          "sunrise": "日出 06:00"
        },
        "night": {
          "date": "20日夜间",
          "weather": "晴",
          "temp": "16",
          "tempUnit": "°C",
          "wind": {
            "direction": "东北风",
            "directionCode": "NE",
            "level": "<3级"
          },
          "sunset": "日落 18:15"
        }
      }
    },
    {
      "id": "101020100",
      "province": "上海",
      "city": "上海",
      "realtime": {
        "nameen": "shanghai",
        "cityname": "上海",
        "city": "101020100",
        "temp": "24.7",
        "tempf": "76.5",
        "WD": "西北风",
        "wde": "NW",
        "WS": "1级",
        "wse": "1km/h",
        "SD": "79%",
        "sd": "79%",
        "qy": "1013",
        "njd": "19km",
        "time": "14:50",
        "rain": "0",
        "rain24h": "0",
        "aqi": "21",
        "aqi_pm25": "21",
        "weather": "阴",
        "weathere": "Overcast",
        "weathercode": "d02",
        "limitnumber": "",
        "date": "09月20日(星期六)"
      },
      "weather": {
        "day": {
          "date": "20日白天",
          "weather": "小雨",
          "temp": "26",
          "tempUnit": "°C",
          "wind": {
            "direction": "东北风",
            "directionCode": "NE",
            "level": "<3级"
          },
          "sunrise": "日出 05:41"
        },
        "night": {
          "date": "20日夜间",
          "weather": "阴",
          "temp": "23",
          "tempUnit": "°C",
          "wind": {
            "direction": "东北风",
            "directionCode": "NE",
            "level": "<3级"
          },
          "sunset": "日落 17:53"
        }
      }
    },
    {
      "id": "101030100",
      "province": "天津",
      "city": "天津",
      "realtime": {
        "nameen": "tianjin",
        "cityname": "天津",
        "city": "101030100",
        "temp": "27.7",
        "tempf": "81.9",
        "WD": "北风",
        "wde": "N",
        "WS": "1级",
        "wse": "1km/h",
        "SD": "38%",
        "sd": "38%",
        "qy": "1014",
        "njd": "27km",
        "time": "14:50",
        "rain": "0",
        "rain24h": "0",
        "aqi": "43",
        "aqi_pm25": "43",
        "weather": "多云",
        "weathere": "Cloudy",
        "weathercode": "d01",
        "limitnumber": "不限行",
        "date": "09月20日(星期六)"
      },
      "weather": {
        "day": {
          "date": "20日白天",
          "weather": "晴",
          "temp": "28",
          "tempUnit": "°C",
          "wind": {
            "direction": "西风",
            "directionCode": "W",
            "level": "<3级"
          },
          "sunrise": "日出 05:56"
        },
        "night": {
          "date": "20日夜间",
          "weather": "晴",
          "temp": "18",
          "tempUnit": "°C",
          "wind": {
            "direction": "西南风",
            "directionCode": "SW",
            "level": "<3级"
          },
          "sunset": "日落 18:12"
        }
      }
    },
    {
      "id": "101040100",
      "province": "重庆",
      "city": "重庆",
      "realtime": {
        "nameen": "chongqing",
        "cityname": "重庆",
        "city": "101040100",
        "temp": "26.2",
        "tempf": "79.2",
        "WD": "南风",
        "wde": "S",
        "WS": "1级",
        "wse": "5km/h",
        "SD": "68%",
        "sd": "68%",
        "qy": "977",
        "njd": "18km",
        "time": "14:50",
        "rain": "0",
        "rain24h": "0",
        "aqi": "23",
        "aqi_pm25": "23",
        "weather": "阴",
        "weathere": "Overcast",
        "weathercode": "d02",
        "limitnumber": "不限行",
        "date": "09月20日(星期六)"
      },
      "weather": {
        "day": {
          "date": "20日白天",
          "weather": "阴",
          "temp": "27",
          "tempUnit": "°C",
          "wind": {
            "direction": "东北风",
            "directionCode": "NE",
            "level": "<3级"
          },
          "sunrise": "日出 06:41"
        },
        "night": {
          "date": "20日夜间",
          "weather": "中雨",
          "temp": "22",
          "tempUnit": "°C",
          "wind": {
            "direction": "东风",
            "directionCode": "E",
            "level": "<3级"
          },
          "sunset": "日落 18:53"
        }
      }
    },
    {
      "id": "101050101",
      "province": "黑龙江",
      "city": "哈尔滨",
      "realtime": {
        "nameen": "haerbin",
        "cityname": "哈尔滨",
        "city": "101050101",
        "temp": "21.7",
        "tempf": "71.1",
        "WD": "北风",
        "wde": "N",
        "WS": "3级",
        "wse": "15km/h",
        "SD": "45%",
        "sd": "45%",
        "qy": "1000",
        "njd": "30km",
        "time": "14:50",
        "rain": "0",
        "rain24h": "0",
        "aqi": "36",
        "aqi_pm25": "36",
        "weather": "多云",
        "weathere": "Cloudy",
        "weathercode": "d01",
        "limitnumber": "",
        "date": "09月20日(星期六)"
      },
      "weather": {
        "day": {
          "date": "20日白天",
          "weather": "多云",
          "temp": "21",
          "tempUnit": "°C",
          "wind": {
            "direction": "北风",
            "directionCode": "N",
            "level": "<3级"
          },
          "sunrise": "日出 05:18"
        },
        "night": {
          "date": "20日夜间",
          "weather": "多云",
          "temp": "8",
          "tempUnit": "°C",
          "wind": {
            "direction": "北风",
            "directionCode": "N",
            "level": "<3级"
          },
          "sunset": "日落 17:36"
        }
      }
    },
    {
      "id": "101060101",
      "province": "吉林",
      "city": "长春",
      "realtime": {
        "nameen": "changchun",
        "cityname": "长春",
        "city": "101060101",
        "temp": "22.8",
        "tempf": "73",
        "WD": "北风",
        "wde": "N",
        "WS": "2级",
        "wse": "9km/h",
        "SD": "35%",
        "sd": "35%",
        "qy": "986",
        "njd": "30km",
        "time": "14:50",
        "rain": "0",
        "rain24h": "0",
        "aqi": "30",
        "aqi_pm25": "30",
        "weather": "晴",
        "weathere": "Sunny",
        "weathercode": "d00",
        "limitnumber": "",
        "date": "09月20日(星期六)"
      },
      "weather": {
        "day": {
          "date": "20日白天",
          "weather": "多云",
          "temp": "24",
          "tempUnit": "°C",
          "wind": {
            "direction": "北风",
            "directionCode": "N",
            "level": "<3级"
          },
          "sunrise": "日出 05:23"
        },
        "night": {
          "date": "20日夜间",
          "weather": "多云",
          "temp": "11",
          "tempUnit": "°C",
          "wind": {
            "direction": "北风",
            "directionCode": "N",
            "level": "<3级"
          },
          "sunset": "日落 17:40"
        }
      }
    },
    {
      "id": "101070101",
      "province": "辽宁",
      "city": "沈阳",
      "realtime": {
        "nameen": "shenyang",
        "cityname": "沈阳",
        "city": "101070101",
        "temp": "25.2",
        "tempf": "77.4",
        "WD": "西北风",
        "wde": "NW",
        "WS": "2级",
        "wse": "8km/h",
        "SD": "31%",
        "sd": "31%",
        "qy": "1007",
        "njd": "30km",
        "time": "14:50",
        "rain": "0",
        "rain24h": "0",
        "aqi": "33",
        "aqi_pm25": "33",
        "weather": "晴",
        "weathere": "Sunny",
        "weathercode": "d00",
        "limitnumber": "",
        "date": "09月20日(星期六)"
      },
      "weather": {
        "day": {
          "date": "20日白天",
          "weather": "晴",
          "temp": "25",
          "tempUnit": "°C",
          "wind": {
            "direction": "北风",
            "directionCode": "N",
            "level": "<3级"
          },
          "sunrise": "日出 05:31"
        },
        "night": {
          "date": "20日夜间",
          "weather": "晴",
          "temp": "11",
          "tempUnit": "°C",
          "wind": {
            "direction": "北风",
            "directionCode": "N",
            "level": "<3级"
          },
          "sunset": "日落 17:47"
        }
      }
    },
    {
      "id": "101080101",
      "province": "内蒙古",
      "city": "呼和浩特",
      "realtime": {
        "nameen": "huhehaote",
        "cityname": "呼和浩特",
        "city": "101080101",
        "temp": "21.6",
        "tempf": "70.9",
        "WD": "东南风",
        "wde": "SE",
        "WS": "1级",
        "wse": "5km/h",
        "SD": "38%",
        "sd": "38%",
        "qy": "900",
        "njd": "29km",
        "time": "14:50",
        "rain": "0",
        "rain24h": "0",
        "aqi": "52",
        "aqi_pm25": "52",
        "weather": "阴",
        "weathere": "Overcast",
        "weathercode": "d02",
        "limitnumber": "",
        "date": "09月20日(星期六)"
      },
      "weather": {
        "day": {
          "date": "20日白天",
          "weather": "多云",
          "temp": "23",
          "tempUnit": "°C",
          "wind": {
            "direction": "西南风",
            "directionCode": "SW",
            "level": "<3级"
          },
          "sunrise": "日出 06:18"
        },
        "night": {
          "date": "20日夜间",
          "weather": "多云",
          "temp": "10",
          "tempUnit": "°C",
          "wind": {
            "direction": "东南风",
            "directionCode": "SE",
            "level": "<3级"
          },
          "sunset": "日落 18:34"
        }
      }
    },
    {
      "id": "101090101",
      "province": "河北",
      "city": "石家庄",
      "realtime": {
        "nameen": "shijiazhuang",
        "cityname": "石家庄",
        "city": "101090101",
        "temp": "27.7",
        "tempf": "81.9",
        "WD": "南风",
        "wde": "S",
        "WS": "1级",
        "wse": "3km/h",
        "SD": "40%",
        "sd": "40%",
        "qy": "1004",
        "njd": "28km",
        "time": "14:50",
        "rain": "0",
        "rain24h": "0",
        "aqi": "43",
        "aqi_pm25": "43",
        "weather": "阴",
        "weathere": "Overcast",
        "weathercode": "d02",
        "limitnumber": "",
        "date": "09月20日(星期六)"
      },
      "weather": {
        "day": {
          "date": "20日白天",
          "weather": "晴",
          "temp": "27",
          "tempUnit": "°C",
          "wind": {
            "direction": "南风",
            "directionCode": "S",
            "level": "<3级"
          },
          "sunrise": "日出 06:07"
        },
        "night": {
          "date": "20日夜间",
          "weather": "晴",
          "temp": "16",
          "tempUnit": "°C",
          "wind": {
            "direction": "西北风",
            "directionCode": "NW",
            "level": "<3级"
          },
          "sunset": "日落 18:22"
        }
      }
    },
    {
      "id": "101100101",
      "province": "山西",
      "city": "太原",
      "realtime": {
        "nameen": "taiyuan",
        "cityname": "太原",
        "city": "101100101",
        "temp": "24",
        "tempf": "75.2",
        "WD": "西南风",
        "wde": "SW",
        "WS": "1级",
        "wse": "5km/h",
        "SD": "38%",
        "sd": "38%",
        "qy": "928",
        "njd": "21km",
        "time": "14:50",
        "rain": "0",
        "rain24h": "0",
        "aqi": "52",
        "aqi_pm25": "52",
        "weather": "多云",
        "weathere": "Cloudy",
        "weathercode": "d01",
        "limitnumber": "",
        "date": "09月20日(星期六)"
      },
      "weather": {
        "day": {
          "date": "20日白天",
          "weather": "阵雨",
          "temp": "22",
          "tempUnit": "°C",
          "wind": {
            "direction": "北风",
            "directionCode": "N",
            "level": "<3级"
          },
          "sunrise": "日出 06:15"
        },
        "night": {
          "date": "20日夜间",
          "weather": "多云",
          "temp": "11",
          "tempUnit": "°C",
          "wind": {
            "direction": "北风",
            "directionCode": "N",
            "level": "<3级"
          },
          "sunset": "日落 18:30"
        }
      }
    },
    {
      "id": "101110101",
      "province": "陕西",
      "city": "西安",
      "realtime": {
        "nameen": "xian",
        "cityname": "西安",
        "city": "101110101",
        "temp": "20.4",
        "tempf": "68.7",
        "WD": "北风",
        "wde": "N",
        "WS": "1级",
        "wse": "5km/h",
        "SD": "69%",
        "sd": "69%",
        "qy": "968",
        "njd": "16km",
        "time": "14:50",
        "rain": "0",
        "rain24h": "0",
        "aqi": "40",
        "aqi_pm25": "40",
        "weather": "多云",
        "weathere": "Cloudy",
        "weathercode": "d01",
        "limitnumber": "不限行",
        "date": "09月20日(星期六)"
      },
      "weather": {
        "day": {
          "date": "20日白天",
          "weather": "多云",
          "temp": "22",
          "tempUnit": "°C",
          "wind": {
            "direction": "无持续风向",
            "directionCode": "NNW",
            "level": "<3级"
          },
          "sunrise": "日出 06:30"
        },
        "night": {
          "date": "20日夜间",
          "weather": "多云",
          "temp": "16",
          "tempUnit": "°C",
          "wind": {
            "direction": "无持续风向",
            "directionCode": "NNW",
            "level": "<3级"
          },
          "sunset": "日落 18:44"
        }
      }
    },
    {
      "id": "101120101",
      "province": "山东",
      "city": "济南",
      "realtime": {
        "nameen": "jinan",
        "cityname": "济南",
        "city": "101120101",
        "temp": "25.3",
        "tempf": "77.5",
        "WD": "西风",
        "wde": "W",
        "WS": "2级",
        "wse": "6km/h",
        "SD": "47%",
        "sd": "47%",
        "qy": "996",
        "njd": "30km",
        "time": "14:50",
        "rain": "0",
        "rain24h": "0",
        "aqi": "38",
        "aqi_pm25": "38",
        "weather": "晴",
        "weathere": "Sunny",
        "weathercode": "d00",
        "limitnumber": "",
        "date": "09月20日(星期六)"
      },
      "weather": {
        "day": {
          "date": "20日白天",
          "weather": "晴",
          "temp": "24",
          "tempUnit": "°C",
          "wind": {
            "direction": "无持续风向",
            "directionCode": "NNW",
            "level": "<3级"
          },
          "sunrise": "日出 05:57"
        },
        "night": {
          "date": "20日夜间",
          "weather": "多云",
          "temp": "15",
          "tempUnit": "°C",
          "wind": {
            "direction": "无持续风向",
            "directionCode": "NNW",
            "level": "<3级"
          },
          "sunset": "日落 18:12"
        }
      }
    },
    {
      "id": "101130101",
      "province": "新疆",
      "city": "乌鲁木齐",
      "realtime": {
        "nameen": "wulumuqi",
        "cityname": "乌鲁木齐",
        "city": "101130101",
        "temp": "18.2",
        "tempf": "64.8",
        "WD": "北风",
        "wde": "N",
        "WS": "2级",
        "wse": "8km/h",
        "SD": "53%",
        "sd": "53%",
        "qy": "908",
        "njd": "25km",
        "time": "14:50",
        "rain": "0",
        "rain24h": "0",
        "aqi": "29",
        "aqi_pm25": "29",
        "weather": "晴",
        "weathere": "Sunny",
        "weathercode": "d00",
        "limitnumber": "",
        "date": "09月20日(星期六)"
      },
      "weather": {
        "day": {
          "date": "20日白天",
          "weather": "多云",
          "temp": "18",
          "tempUnit": "°C",
          "wind": {
            "direction": "西北风",
            "directionCode": "NW",
            "level": "3-4级"
          },
          "sunrise": "日出 07:54"
        },
        "night": {
          "date": "20日夜间",
          "weather": "小雨",
          "temp": "9",
          "tempUnit": "°C",
          "wind": {
            "direction": "西北风",
            "directionCode": "NW",
            "level": "3-4级"
          },
          "sunset": "日落 20:11"
        }
      }
    },
    {
      "id": "101140101",
      "province": "西藏",
      "city": "拉萨",
      "realtime": {
        "nameen": "lasa",
        "cityname": "拉萨",
        "city": "101140101",
        "temp": "19.5",
        "tempf": "67.1",
        "WD": "西风",
        "wde": "W",
        "WS": "2级",
        "wse": "6km/h",
        "SD": "41%",
        "sd": "41%",
        "qy": "653",
        "njd": "30km",
        "time": "14:50",
        "rain": "0.1",
        "rain24h": "0.1",
        "aqi": "27",
        "aqi_pm25": "27",
        "weather": "多云",
        "weathere": "Cloudy",
        "weathercode": "d01",
        "limitnumber": "",
        "date": "09月20日(星期六)"
      },
      "weather": {
        "day": {
          "date": "20日白天",
          "weather": "阵雨",
          "temp": "21",
          "tempUnit": "°C",
          "wind": {
            "direction": "无持续风向",
            "directionCode": "NNW",
            "level": "<3级"
          },
          "sunrise": "日出 07:42"
        },
        "night": {
          "date": "20日夜间",
          "weather": "阵雨",
          "temp": "10",
          "tempUnit": "°C",
          "wind": {
            "direction": "无持续风向",
            "directionCode": "NNW",
            "level": "<3级"
          },
          "sunset": "日落 19:55"
        }
      }
    },
    {
      "id": "101150101",
      "province": "青海",
      "city": "西宁",
      "realtime": {
        "nameen": "xining",
        "cityname": "西宁",
        "city": "101150101",
        "temp": "18.7",
        "tempf": "65.7",
        "WD": "东南风",
        "wde": "SE",
        "WS": "2级",
        "wse": "11km/h",
        "SD": "60%",
        "sd": "60%",
        "qy": "756",
        "njd": "19km",
        "time": "14:50",
        "rain": "0",
        "rain24h": "0",
        "aqi": "28",
        "aqi_pm25": "28",
        "weather": "阴",
        "weathere": "Overcast",
        "weathercode": "d02",
        "limitnumber": "",
        "date": "09月20日(星期六)"
      },
      "weather": {
        "day": {
          "date": "20日白天",
          "weather": "小雨",
          "temp": "17",
          "tempUnit": "°C",
          "wind": {
            "direction": "无持续风向",
            "directionCode": "NNW",
            "level": "<3级"
          },
          "sunrise": "日出 06:59"
        },
        "night": {
          "date": "20日夜间",
          "weather": "小雨",
          "temp": "9",
          "tempUnit": "°C",
          "wind": {
            "direction": "无持续风向",
            "directionCode": "NNW",
            "level": "<3级"
          },
          "sunset": "日落 19:13"
        }
      }
    },
    {
      "id": "101160101",
      "province": "甘肃",
      "city": "兰州",
      "realtime": {
        "nameen": "lanzhou",
        "cityname": "兰州",
        "city": "101160101",
        "temp": "17.2",
        "tempf": "63",
        "WD": "东北风",
        "wde": "NE",
        "WS": "1级",
        "wse": "1km/h",
        "SD": "66%",
        "sd": "66%",
        "qy": "845",
        "njd": "29km",
        "time": "14:50",
        "rain": "0",
        "rain24h": "0",
        "aqi": "40",
        "aqi_pm25": "40",
        "weather": "阴",
        "weathere": "Overcast",
        "weathercode": "d02",
        "limitnumber": "不限行",
        "date": "09月20日(星期六)"
      },
      "weather": {
        "day": {
          "date": "20日白天",
          "weather": "小雨",
          "temp": "19",
          "tempUnit": "°C",
          "wind": {
            "direction": "无持续风向",
            "directionCode": "NNW",
            "level": "<3级"
          },
          "sunrise": "日出 06:51"
        },
        "night": {
          "date": "20日夜间",
          "weather": "多云",
          "temp": "12",
          "tempUnit": "°C",
          "wind": {
            "direction": "无持续风向",
            "directionCode": "NNW",
            "level": "<3级"
          },
          "sunset": "日落 19:05"
        }
      }
    },
    {
      "id": "101170101",
      "province": "宁夏",
      "city": "银川",
      "realtime": {
        "nameen": "yinchuan",
        "cityname": "银川",
        "city": "101170101",
        "temp": "18.3",
        "tempf": "64.9",
        "WD": "东北风",
        "wde": "NE",
        "WS": "2级",
        "wse": "11km/h",
        "SD": "59%",
        "sd": "59%",
        "qy": "890",
        "njd": "26km",
        "time": "14:50",
        "rain": "0",
        "rain24h": "0",
        "aqi": "30",
        "aqi_pm25": "30",
        "weather": "阴",
        "weathere": "Overcast",
        "weathercode": "d02",
        "limitnumber": "",
        "date": "09月20日(星期六)"
      },
      "weather": {
        "day": {
          "date": "20日白天",
          "weather": "阴",
          "temp": "20",
          "tempUnit": "°C",
          "wind": {
            "direction": "无持续风向",
            "directionCode": "NNW",
            "level": "<3级"
          },
          "sunrise": "日出 06:41"
        },
        "night": {
          "date": "20日夜间",
          "weather": "小雨",
          "temp": "12",
          "tempUnit": "°C",
          "wind": {
            "direction": "无持续风向",
            "directionCode": "NNW",
            "level": "<3级"
          },
          "sunset": "日落 18:56"
        }
      }
    },
    {
      "id": "101180101",
      "province": "河南",
      "city": "郑州",
      "realtime": {
        "nameen": "zhengzhou",
        "cityname": "郑州",
        "city": "101180101",
        "temp": "26.7",
        "tempf": "80.1",
        "WD": "东风",
        "wde": "E",
        "WS": "1级",
        "wse": "3km/h",
        "SD": "41%",
        "sd": "41%",
        "qy": "1002",
        "njd": "30km",
        "time": "14:50",
        "rain": "0",
        "rain24h": "0",
        "aqi": "37",
        "aqi_pm25": "37",
        "weather": "晴",
        "weathere": "Sunny",
        "weathercode": "d00",
        "limitnumber": "不限行",
        "date": "09月20日(星期六)"
      },
      "weather": {
        "day": {
          "date": "20日白天",
          "weather": "多云",
          "temp": "26",
          "tempUnit": "°C",
          "wind": {
            "direction": "东南风",
            "directionCode": "SE",
            "level": "<3级"
          },
          "sunrise": "日出 06:12"
        },
        "night": {
          "date": "20日夜间",
          "weather": "阴",
          "temp": "16",
          "tempUnit": "°C",
          "wind": {
            "direction": "东南风",
            "directionCode": "SE",
            "level": "<3级"
          },
          "sunset": "日落 18:25"
        }
      }
    },
    {
      "id": "101190101",
      "province": "江苏",
      "city": "南京",
      "realtime": {
        "nameen": "nanjing",
        "cityname": "南京",
        "city": "101190101",
        "temp": "22.4",
        "tempf": "72.3",
        "WD": "北风",
        "wde": "N",
        "WS": "2级",
        "wse": "10km/h",
        "SD": "71%",
        "sd": "71%",
        "qy": "1011",
        "njd": "28km",
        "time": "14:50",
        "rain": "0",
        "rain24h": "0",
        "aqi": "26",
        "aqi_pm25": "26",
        "weather": "阴",
        "weathere": "Overcast",
        "weathercode": "d02",
        "limitnumber": "",
        "date": "09月20日(星期六)"
      },
      "weather": {
        "day": {
          "date": "20日白天",
          "weather": "阴",
          "temp": "24",
          "tempUnit": "°C",
          "wind": {
            "direction": "东北风",
            "directionCode": "NE",
            "level": "4-5级"
          },
          "sunrise": "日出 05:51"
        },
        "night": {
          "date": "20日夜间",
          "weather": "多云",
          "temp": "18",
          "tempUnit": "°C",
          "wind": {
            "direction": "东北风",
            "directionCode": "NE",
            "level": "3-4级"
          },
          "sunset": "日落 18:04"
        }
      }
    },
    {
      "id": "101200101",
      "province": "湖北",
      "city": "武汉",
      "realtime": {
        "nameen": "wuhan",
        "cityname": "武汉",
        "city": "101200101",
        "temp": "24",
        "tempf": "75.2",
        "WD": "东风",
        "wde": "E",
        "WS": "2级",
        "wse": "7km/h",
        "SD": "63%",
        "sd": "63%",
        "qy": "1011",
        "njd": "30km",
        "time": "14:50",
        "rain": "0",
        "rain24h": "0",
        "aqi": "24",
        "aqi_pm25": "24",
        "weather": "多云",
        "weathere": "Cloudy",
        "weathercode": "d01",
        "limitnumber": "不限行",
        "date": "09月20日(星期六)"
      },
      "weather": {
        "day": {
          "date": "20日白天",
          "weather": "多云",
          "temp": "24",
          "tempUnit": "°C",
          "wind": {
            "direction": "无持续风向",
            "directionCode": "NNW",
            "level": "<3级"
          },
          "sunrise": "日出 06:09"
        },
        "night": {
          "date": "20日夜间",
          "weather": "多云",
          "temp": "18",
          "tempUnit": "°C",
          "wind": {
            "direction": "无持续风向",
            "directionCode": "NNW",
            "level": "<3级"
          },
          "sunset": "日落 18:22"
        }
      }
    },
    {
      "id": "101210101",
      "province": "浙江",
      "city": "杭州",
      "realtime": {
        "nameen": "hangzhou",
        "cityname": "杭州",
        "city": "101210101",
        "temp": "22.3",
        "tempf": "72.1",
        "WD": "东北风",
        "wde": "NE",
        "WS": "3级",
        "wse": "15km/h",
        "SD": "76%",
        "sd": "76%",
        "qy": "1008",
        "njd": "19km",
        "time": "14:50",
        "rain": "0",
        "rain24h": "0",
        "aqi": "23",
        "aqi_pm25": "23",
        "weather": "阴",
        "weathere": "Overcast",
        "weathercode": "d02",
        "limitnumber": "不限行",
        "date": "09月20日(星期六)"
      },
      "weather": {
        "day": {
          "date": "20日白天",
          "weather": "多云",
          "temp": "24",
          "tempUnit": "°C",
          "wind": {
            "direction": "北风",
            "directionCode": "N",
            "level": "<3级"
          },
          "sunrise": "日出 05:46"
        },
        "night": {
          "date": "20日夜间",
          "weather": "多云",
          "temp": "22",
          "tempUnit": "°C",
          "wind": {
            "direction": "北风",
            "directionCode": "N",
            "level": "<3级"
          },
          "sunset": "日落 17:58"
        }
      }
    },
    {
      "id": "101220101",
      "province": "安徽",
      "city": "合肥",
      "realtime": {
        "nameen": "hefei",
        "cityname": "合肥",
        "city": "101220101",
        "temp": "21",
        "tempf": "69.8",
        "WD": "东北风",
        "wde": "NE",
        "WS": "2级",
        "wse": "5km/h",
        "SD": "72%",
        "sd": "72%",
        "qy": "1008",
        "njd": "26km",
        "time": "14:50",
        "rain": "0",
        "rain24h": "0",
        "aqi": "23",
        "aqi_pm25": "23",
        "weather": "多云",
        "weathere": "Cloudy",
        "weathercode": "d01",
        "limitnumber": "",
        "date": "09月20日(星期六)"
      },
      "weather": {
        "day": {
          "date": "20日白天",
          "weather": "多云",
          "temp": "21",
          "tempUnit": "°C",
          "wind": {
            "direction": "东北风",
            "directionCode": "NE",
            "level": "<3级"
          },
          "sunrise": "日出 05:58"
        },
        "night": {
          "date": "20日夜间",
          "weather": "阴",
          "temp": "16",
          "tempUnit": "°C",
          "wind": {
            "direction": "东风",
            "directionCode": "E",
            "level": "<3级"
          },
          "sunset": "日落 18:11"
        }
      }
    },
    {
      "id": "101230101",
      "province": "福建",
      "city": "福州",
      "realtime": {
        "nameen": "fuzhou",
        "cityname": "福州",
        "city": "101230101",
        "temp": "34.4",
        "tempf": "93.9",
        "WD": "东南风",
        "wde": "SE",
        "WS": "2级",
        "wse": "5km/h",
        "SD": "49%",
        "sd": "49%",
        "qy": "998",
        "njd": "30km",
        "time": "14:50",
        "rain": "0",
        "rain24h": "0",
        "aqi": "27",
        "aqi_pm25": "27",
        "weather": "多云",
        "weathere": "Cloudy",
        "weathercode": "d01",
        "limitnumber": "",
        "date": "09月20日(星期六)"
      },
      "weather": {
        "day": {
          "date": "20日白天",
          "weather": "小雨",
          "temp": "34",
          "tempUnit": "°C",
          "wind": {
            "direction": "无持续风向",
            "directionCode": "NNW",
            "level": "<3级"
          },
          "sunrise": "日出 05:50"
        },
        "night": {
          "date": "20日夜间",
          "weather": "小雨",
          "temp": "26",
          "tempUnit": "°C",
          "wind": {
            "direction": "无持续风向",
            "directionCode": "NNW",
            "level": "<3级"
          },
          "sunset": "日落 18:02"
        }
      }
    },
    {
      "id": "101240101",
      "province": "江西",
      "city": "南昌",
      "realtime": {
        "nameen": "nanchang",
        "cityname": "南昌",
        "city": "101240101",
        "temp": "26.5",
        "tempf": "79.7",
        "WD": "北风",
        "wde": "N",
        "WS": "3级",
        "wse": "13km/h",
        "SD": "67%",
        "sd": "67%",
        "qy": "1005",
        "njd": "30km",
        "time": "14:50",
        "rain": "0",
        "rain24h": "0",
        "aqi": "28",
        "aqi_pm25": "28",
        "weather": "多云",
        "weathere": "Cloudy",
        "weathercode": "d01",
        "limitnumber": "",
        "date": "09月20日(星期六)"
      },
      "weather": {
        "day": {
          "date": "20日白天",
          "weather": "阴",
          "temp": "27",
          "tempUnit": "°C",
          "wind": {
            "direction": "东北风",
            "directionCode": "NE",
            "level": "<3级"
          },
          "sunrise": "日出 06:03"
        },
        "night": {
          "date": "20日夜间",
          "weather": "小雨",
          "temp": "21",
          "tempUnit": "°C",
          "wind": {
            "direction": "东北风",
            "directionCode": "NE",
            "level": "<3级"
          },
          "sunset": "日落 18:16"
        }
      }
    },
    {
      "id": "101250101",
      "province": "湖南",
      "city": "长沙",
      "realtime": {
        "nameen": "changsha",
        "cityname": "长沙",
        "city": "101250101",
        "temp": "18.2",
        "tempf": "64.8",
        "WD": "西北风",
        "wde": "NW",
        "WS": "3级",
        "wse": "14km/h",
        "SD": "94%",
        "sd": "94%",
        "qy": "999",
        "njd": "3km",
        "time": "14:50",
        "rain": "0.3",
        "rain24h": "0.3",
        "aqi": "29",
        "aqi_pm25": "29",
        "weather": "阴",
        "weathere": "Overcast",
        "weathercode": "d02",
        "limitnumber": "",
        "date": "09月20日(星期六)"
      },
      "weather": {
        "day": {
          "date": "20日白天",
          "weather": "小雨",
          "temp": "21",
          "tempUnit": "°C",
          "wind": {
            "direction": "北风",
            "directionCode": "N",
            "level": "3-4级"
          },
          "sunrise": "日出 06:15"
        },
        "night": {
          "date": "20日夜间",
          "weather": "小雨",
          "temp": "17",
          "tempUnit": "°C",
          "wind": {
            "direction": "北风",
            "directionCode": "N",
            "level": "<3级"
          },
          "sunset": "日落 18:27"
        }
      }
    },
    {
      "id": "101260101",
      "province": "贵州",
      "city": "贵阳",
      "realtime": {
        "nameen": "guiyang",
        "cityname": "贵阳",
        "city": "101260101",
        "temp": "27.3",
        "tempf": "81.1",
        "WD": "东风",
        "wde": "E",
        "WS": "3级",
        "wse": "12km/h",
        "SD": "66%",
        "sd": "66%",
        "qy": "874",
        "njd": "23km",
        "time": "14:50",
        "rain": "0",
        "rain24h": "0",
        "aqi": "25",
        "aqi_pm25": "25",
        "weather": "多云",
        "weathere": "Cloudy",
        "weathercode": "d01",
        "limitnumber": null,
        "date": "09月20日(星期六)"
      },
      "weather": {
        "day": {
          "date": "20日白天",
          "weather": "阵雨",
          "temp": "27",
          "tempUnit": "°C",
          "wind": {
            "direction": "东南风",
            "directionCode": "SE",
            "level": "<3级"
          },
          "sunrise": "日出 06:41"
        },
        "night": {
          "date": "20日夜间",
          "weather": "阴",
          "temp": "18",
          "tempUnit": "°C",
          "wind": {
            "direction": "东风",
            "directionCode": "E",
            "level": "<3级"
          },
          "sunset": "日落 18:52"
        }
      }
    },
    {
      "id": "101270101",
      "province": "四川",
      "city": "成都",
      "realtime": {
        "nameen": "chengdu",
        "cityname": "成都",
        "city": "101270101",
        "temp": "27",
        "tempf": "80.6",
        "WD": "南风",
        "wde": "S",
        "WS": "1级",
        "wse": "2km/h",
        "SD": "61%",
        "sd": "61%",
        "qy": "951",
        "njd": "28km",
        "time": "14:50",
        "rain": "0",
        "rain24h": "0",
        "aqi": "41",
        "aqi_pm25": "41",
        "weather": "多云",
        "weathere": "Cloudy",
        "weathercode": "d01",
        "limitnumber": "不限行",
        "date": "09月20日(星期六)"
      },
      "weather": {
        "day": {
          "date": "20日白天",
          "weather": "多云",
          "temp": "26",
          "tempUnit": "°C",
          "wind": {
            "direction": "无持续风向",
            "directionCode": "NNW",
            "level": "<3级"
          },
          "sunrise": "日出 06:50"
        },
        "night": {
          "date": "20日夜间",
          "weather": "阵雨",
          "temp": "19",
          "tempUnit": "°C",
          "wind": {
            "direction": "无持续风向",
            "directionCode": "NNW",
            "level": "<3级"
          },
          "sunset": "日落 19:03"
        }
      }
    },
    {
      "id": "101280101",
      "province": "广东",
      "city": "广州",
      "realtime": {
        "nameen": "guangzhou",
        "cityname": "广州",
        "city": "101280101",
        "temp": "25.3",
        "tempf": "77.5",
        "WD": "西南风",
        "wde": "SW",
        "WS": "1级",
        "wse": "4km/h",
        "SD": "100%",
        "sd": "100%",
        "qy": "1000",
        "njd": "8km",
        "time": "14:50",
        "rain": "0.1",
        "rain24h": "0.1",
        "aqi": "12",
        "aqi_pm25": "12",
        "weather": "阴",
        "weathere": "Overcast",
        "weathercode": "d02",
        "limitnumber": "不限行",
        "date": "09月20日(星期六)"
      },
      "weather": {
        "day": {
          "date": "20日白天",
          "weather": "大到暴雨",
          "temp": "28",
          "tempUnit": "°C",
          "wind": {
            "direction": "东风",
            "directionCode": "E",
            "level": "3-4级"
          },
          "sunrise": "日出 06:14"
        },
        "night": {
          "date": "20日夜间",
          "weather": "大雨",
          "temp": "24",
          "tempUnit": "°C",
          "wind": {
            "direction": "东风",
            "directionCode": "E",
            "level": "3-4级"
          },
          "sunset": "日落 18:25"
        }
      }
    },
    {
      "id": "101290101",
      "province": "云南",
      "city": "昆明",
      "realtime": {
        "nameen": "kunming",
        "cityname": "昆明",
        "city": "101290101",
        "temp": "24",
        "tempf": "75.2",
        "WD": "南风",
        "wde": "S",
        "WS": "2级",
        "wse": "9km/h",
        "SD": "61%",
        "sd": "61%",
        "qy": "809",
        "njd": "30km",
        "time": "14:50",
        "rain": "0",
        "rain24h": "0",
        "aqi": "25",
        "aqi_pm25": "25",
        "weather": "多云",
        "weathere": "Cloudy",
        "weathercode": "d01",
        "limitnumber": "",
        "date": "09月20日(星期六)"
      },
      "weather": {
        "day": {
          "date": "20日白天",
          "weather": "多云",
          "temp": "25",
          "tempUnit": "°C",
          "wind": {
            "direction": "无持续风向",
            "directionCode": "NNW",
            "level": "<3级"
          },
          "sunrise": "日出 06:56"
        },
        "night": {
          "date": "20日夜间",
          "weather": "多云",
          "temp": "17",
          "tempUnit": "°C",
          "wind": {
            "direction": "无持续风向",
            "directionCode": "NNW",
            "level": "<3级"
          },
          "sunset": "日落 19:07"
        }
      }
    },
    {
      "id": "101300101",
      "province": "广西",
      "city": "南宁",
      "realtime": {
        "nameen": "nanning",
        "cityname": "南宁",
        "city": "101300101",
        "temp": "34.3",
        "tempf": "93.7",
        "WD": "西风",
        "wde": "W",
        "WS": "2级",
        "wse": "9km/h",
        "SD": "52%",
        "sd": "52%",
        "qy": "987",
        "njd": "22km",
        "time": "14:50",
        "rain": "0",
        "rain24h": "0",
        "aqi": "40",
        "aqi_pm25": "40",
        "weather": "多云",
        "weathere": "Cloudy",
        "weathercode": "d01",
        "limitnumber": "",
        "date": "09月20日(星期六)"
      },
      "weather": {
        "day": {
          "date": "20日白天",
          "weather": "多云",
          "temp": "34",
          "tempUnit": "°C",
          "wind": {
            "direction": "东北风",
            "directionCode": "NE",
            "level": "<3级"
          },
          "sunrise": "日出 06:34"
        },
        "night": {
          "date": "20日夜间",
          "weather": "多云",
          "temp": "25",
          "tempUnit": "°C",
          "wind": {
            "direction": "东北风",
            "directionCode": "NE",
            "level": "<3级"
          },
          "sunset": "日落 18:45"
        }
      }
    },
    {
      "id": "101310101",
      "province": "海南",
      "city": "海口",
      "realtime": {
        "nameen": "haikou",
        "cityname": "海口",
        "city": "101310101",
        "temp": "32.2",
        "tempf": "90",
        "WD": "西风",
        "wde": "W",
        "WS": "3级",
        "wse": "14km/h",
        "SD": "67%",
        "sd": "67%",
        "qy": "998",
        "njd": "29km",
        "time": "14:50",
        "rain": "0",
        "rain24h": "0",
        "aqi": "32",
        "aqi_pm25": "32",
        "weather": "多云",
        "weathere": "Cloudy",
        "weathercode": "d01",
        "limitnumber": "",
        "date": "09月20日(星期六)"
      },
      "weather": {
        "day": {
          "date": "20日白天",
          "weather": "多云",
          "temp": "32",
          "tempUnit": "°C",
          "wind": {
            "direction": "无持续风向",
            "directionCode": "NNW",
            "level": "<3级"
          },
          "sunrise": "日出 06:27"
        },
        "night": {
          "date": "20日夜间",
          "weather": "多云",
          "temp": "25",
          "tempUnit": "°C",
          "wind": {
            "direction": "无持续风向",
            "directionCode": "NNW",
            "level": "<3级"
          },
          "sunset": "日落 18:37"
        }
      }
    },
    {
      "id": "101320101",
      "province": "香港",
      "city": "香港",
      "realtime": {
        "nameen": "hongkong",
        "cityname": "香港",
        "city": "101320101",
        "temp": "25.6",
        "tempf": "78.1",
        "WD": "微风",
        "wde": "NWW",
        "WS": "1级",
        "wse": "1km/h",
        "SD": "95%",
        "sd": "95%",
        "qy": "999",
        "njd": "3km",
        "time": "14:20",
        "rain": "0",
        "rain24h": "0",
        "aqi": "23",
        "aqi_pm25": "23",
        "weather": "阴",
        "weathere": "Overcast",
        "weathercode": "d02",
        "limitnumber": "",
        "date": "09月20日(星期六)"
      },
      "weather": {
        "day": {
          "date": "20日白天",
          "weather": "阵雨",
          "temp": "29",
          "tempUnit": "°C",
          "wind": {
            "direction": "西南风",
            "directionCode": "SW",
            "level": "4-5级"
          },
          "sunrise": "日出 06:11"
        },
        "night": {
          "date": "20日夜间",
          "weather": "阵雨",
          "temp": "25",
          "tempUnit": "°C",
          "wind": {
            "direction": "东南风",
            "directionCode": "SE",
            "level": "3-4级"
          },
          "sunset": "日落 18:22"
        }
      }
    },
    {
      "id": "101330101",
      "province": "澳门",
      "city": "澳门",
      "realtime": {
        "nameen": "macao",
        "cityname": "澳门",
        "city": "101330101",
        "temp": "30.6",
        "tempf": "87.1",
        "WD": "微风",
        "wde": "NWW",
        "WS": "2级",
        "wse": "5km/h",
        "SD": "70%",
        "sd": "70%",
        "qy": "1006",
        "njd": "35km",
        "time": "15:00",
        "rain": "0",
        "rain24h": "0",
        "aqi": "32",
        "aqi_pm25": "32",
        "weather": "多云",
        "weathere": "Cloudy",
        "weathercode": "d01",
        "limitnumber": "",
        "date": "09月20日(星期六)"
      },
      "weather": {
        "day": {
          "date": "20日白天",
          "weather": "中雨",
          "temp": "30",
          "tempUnit": "°C",
          "wind": {
            "direction": "西南风",
            "directionCode": "SW",
            "level": "3-4级"
          },
          "sunrise": "日出 06:13"
        },
        "night": {
          "date": "20日夜间",
          "weather": "大雨",
          "temp": "27",
          "tempUnit": "°C",
          "wind": {
            "direction": "东南风",
            "directionCode": "SE",
            "level": "3-4级"
          },
          "sunset": "日落 18:24"
        }
      }
    },
    {
      "id": "101340101",
      "province": "台湾",
      "city": "台北",
      "realtime": {
        "nameen": "taibeixian",
        "cityname": "台北",
        "city": "101340101",
        "temp": "38.5",
        "tempf": "101.3",
        "WD": "微风",
        "wde": "NWW",
        "WS": "1级",
        "wse": "1km/h",
        "SD": "48%",
        "sd": "48%",
        "qy": "1007",
        "njd": "15km",
        "time": "15:00",
        "rain": "0",
        "rain24h": "0",
        "aqi": "41",
        "aqi_pm25": "41",
        "weather": "阴",
        "weathere": "Overcast",
        "weathercode": "d02",
        "limitnumber": "",
        "date": "09月20日(星期六)"
      },
      "weather": {
        "day": {
          "date": "20日白天",
          "weather": "多云",
          "temp": "31",
          "tempUnit": "°C",
          "wind": {
            "direction": "无持续风向",
            "directionCode": "NNW",
            "level": "<3级"
          },
          "sunrise": "日出 05:41"
        },
        "night": {
          "date": "20日夜间",
          "weather": "多云",
          "temp": "25",
          "tempUnit": "°C",
          "wind": {
            "direction": "无持续风向",
            "directionCode": "NNW",
            "level": "<3级"
          },
          "sunset": "日落 17:53"
        }
      }
    }
  ]
}
