{
  "timestamp": 1681308206977,
  "lastUpdate": "2023-04-12 22:03:26",
  "data": [
    {
      "id": "101010100",
      "province": "北京",
      "city": "北京",
      "realtime": {
        "nameen": "beijing",
        "cityname": "北京",
        "city": "101010100",
        "temp": "16",
        "tempf": "60",
        "WD": "西南风",
        "wde": "SW",
        "WS": "1级",
        "wse": "4km/h",
        "SD": "40%",
        "sd": "40%",
        "qy": "1005",
        "njd": "3km",
        "time": "21:50",
        "rain": "0",
        "rain24h": "0",
        "aqi": "499",
        "aqi_pm25": "499",
        "weather": "霾",
        "weathere": "haze",
        "weathercode": "d53",
        "limitnumber": "1和6",
        "date": "04月12日(星期三)"
      },
      "weather": {
        "day": {
          "date": "12日夜间",
          "weather": "晴",
          "temp": "11",
          "tempUnit": "°C",
          "wind": {
            "direction": "西南风",
            "directionCode": "SW",
            "level": "<3级"
          },
          "sunrise": "日落 18:48"
        },
        "night": {
          "date": "13日白天",
          "weather": "多云",
          "temp": "27",
          "tempUnit": "°C",
          "wind": {
            "direction": "南风",
            "directionCode": "S",
            "level": "<3级"
          },
          "sunset": "日出 05:41"
        }
      }
    },
    {
      "id": "101020100",
      "province": "上海",
      "city": "上海",
      "realtime": {
        "nameen": "shanghai",
        "cityname": "上海",
        "city": "101020100",
        "temp": "14",
        "tempf": "57",
        "WD": "东北风",
        "wde": "NE",
        "WS": "1级",
        "wse": "1km/h",
        "SD": "41%",
        "sd": "41%",
        "qy": "1019",
        "njd": "8km",
        "time": "21:50",
        "rain": "0",
        "rain24h": "0",
        "aqi": "162",
        "aqi_pm25": "162",
        "weather": "多云",
        "weathere": "Cloudy",
        "weathercode": "d01",
        "limitnumber": "",
        "date": "04月12日(星期三)"
      },
      "weather": {
        "day": {
          "date": "12日夜间",
          "weather": "晴",
          "temp": "13",
          "tempUnit": "°C",
          "wind": {
            "direction": "东南风",
            "directionCode": "SE",
            "level": "<3级"
          },
          "sunrise": "日落 18:20"
        },
        "night": {
          "date": "13日白天",
          "weather": "小雨",
          "temp": "22",
          "tempUnit": "°C",
          "wind": {
            "direction": "东南风",
            "directionCode": "SE",
            "level": "<3级"
          },
          "sunset": "日出 05:30"
        }
      }
    },
    {
      "id": "101030100",
      "province": "天津",
      "city": "天津",
      "realtime": {
        "nameen": "tianjin",
        "cityname": "天津",
        "city": "101030100",
        "temp": "17",
        "tempf": "62",
        "WD": "南风",
        "wde": "S",
        "WS": "2级",
        "wse": "6km/h",
        "SD": "41%",
        "sd": "41%",
        "qy": "1010",
        "njd": "4km",
        "time": "21:50",
        "rain": "0",
        "rain24h": "0",
        "aqi": "500",
        "aqi_pm25": "500",
        "weather": "浮尘",
        "weathere": "Dust",
        "weathercode": "d29",
        "limitnumber": "1和6",
        "date": "04月12日(星期三)"
      },
      "weather": {
        "day": {
          "date": "12日夜间",
          "weather": "浮尘",
          "temp": "15",
          "tempUnit": "°C",
          "wind": {
            "direction": "西南风",
            "directionCode": "SW",
            "level": "3-4级"
          },
          "sunrise": "日落 18:44"
        },
        "night": {
          "date": "13日白天",
          "weather": "浮尘",
          "temp": "26",
          "tempUnit": "°C",
          "wind": {
            "direction": "西南风",
            "directionCode": "SW",
            "level": "<3级"
          },
          "sunset": "日出 05:39"
        }
      }
    },
    {
      "id": "101040100",
      "province": "重庆",
      "city": "重庆",
      "realtime": {
        "nameen": "chongqing",
        "cityname": "重庆",
        "city": "101040100",
        "temp": "21",
        "tempf": "69",
        "WD": "东风",
        "wde": "E",
        "WS": "3级",
        "wse": "14km/h",
        "SD": "72%",
        "sd": "72%",
        "qy": "977",
        "njd": "11km",
        "time": "21:55",
        "rain": "0",
        "rain24h": "0",
        "aqi": "57",
        "aqi_pm25": "57",
        "weather": "多云",
        "weathere": "Cloudy",
        "weathercode": "d01",
        "limitnumber": "",
        "date": "04月12日(星期三)"
      },
      "weather": {
        "day": {
          "date": "12日夜间",
          "weather": "多云",
          "temp": "18",
          "tempUnit": "°C",
          "wind": {
            "direction": "东风",
            "directionCode": "E",
            "level": "<3级"
          },
          "sunrise": "日落 19:18"
        },
        "night": {
          "date": "13日白天",
          "weather": "多云",
          "temp": "28",
          "tempUnit": "°C",
          "wind": {
            "direction": "东北风",
            "directionCode": "NE",
            "level": "<3级"
          },
          "sunset": "日出 06:31"
        }
      }
    },
    {
      "id": "101050101",
      "province": "黑龙江",
      "city": "哈尔滨",
      "realtime": {
        "nameen": "haerbin",
        "cityname": "哈尔滨",
        "city": "101050101",
        "temp": "4",
        "tempf": "39",
        "WD": "西风",
        "wde": "W",
        "WS": "2级",
        "wse": "6km/h",
        "SD": "27%",
        "sd": "27%",
        "qy": "992",
        "njd": "19km",
        "time": "21:50",
        "rain": "0",
        "rain24h": "0",
        "aqi": "62",
        "aqi_pm25": "62",
        "weather": "多云",
        "weathere": "Cloudy",
        "weathercode": "d01",
        "limitnumber": "",
        "date": "04月12日(星期三)"
      },
      "weather": {
        "day": {
          "date": "12日夜间",
          "weather": "多云",
          "temp": "-2",
          "tempUnit": "°C",
          "wind": {
            "direction": "西北风",
            "directionCode": "NW",
            "level": "<3级"
          },
          "sunrise": "日落 18:15"
        },
        "night": {
          "date": "13日白天",
          "weather": "多云",
          "temp": "12",
          "tempUnit": "°C",
          "wind": {
            "direction": "北风",
            "directionCode": "N",
            "level": "3-4级"
          },
          "sunset": "日出 04:54"
        }
      }
    },
    {
      "id": "101060101",
      "province": "吉林",
      "city": "长春",
      "realtime": {
        "nameen": "changchun",
        "cityname": "长春",
        "city": "101060101",
        "temp": "7",
        "tempf": "44",
        "WD": "南风",
        "wde": "S",
        "WS": "2级",
        "wse": "6km/h",
        "SD": "24%",
        "sd": "24%",
        "qy": "979",
        "njd": "14km",
        "time": "21:50",
        "rain": "0",
        "rain24h": "0",
        "aqi": "57",
        "aqi_pm25": "57",
        "weather": "晴",
        "weathere": "Sunny",
        "weathercode": "d00",
        "limitnumber": "",
        "date": "04月12日(星期三)"
      },
      "weather": {
        "day": {
          "date": "12日夜间",
          "weather": "多云",
          "temp": "0",
          "tempUnit": "°C",
          "wind": {
            "direction": "南风",
            "directionCode": "S",
            "level": "<3级"
          },
          "sunrise": "日落 18:17"
        },
        "night": {
          "date": "13日白天",
          "weather": "多云",
          "temp": "15",
          "tempUnit": "°C",
          "wind": {
            "direction": "南风",
            "directionCode": "S",
            "level": "<3级"
          },
          "sunset": "日出 05:01"
        }
      }
    },
    {
      "id": "101070101",
      "province": "辽宁",
      "city": "沈阳",
      "realtime": {
        "nameen": "shenyang",
        "cityname": "沈阳",
        "city": "101070101",
        "temp": "12",
        "tempf": "53",
        "WD": "西南风",
        "wde": "SW",
        "WS": "2级",
        "wse": "9km/h",
        "SD": "25%",
        "sd": "25%",
        "qy": "1003",
        "njd": "16km",
        "time": "21:50",
        "rain": "0",
        "rain24h": "0",
        "aqi": "233",
        "aqi_pm25": "233",
        "weather": "晴",
        "weathere": "Sunny",
        "weathercode": "d00",
        "limitnumber": "",
        "date": "04月12日(星期三)"
      },
      "weather": {
        "day": {
          "date": "12日夜间",
          "weather": "晴",
          "temp": "9",
          "tempUnit": "°C",
          "wind": {
            "direction": "西南风",
            "directionCode": "SW",
            "level": "4-5级"
          },
          "sunrise": "日落 18:22"
        },
        "night": {
          "date": "13日白天",
          "weather": "阵雨",
          "temp": "18",
          "tempUnit": "°C",
          "wind": {
            "direction": "西南风",
            "directionCode": "SW",
            "level": "4-5级"
          },
          "sunset": "日出 05:11"
        }
      }
    },
    {
      "id": "101080101",
      "province": "内蒙古",
      "city": "呼和浩特",
      "realtime": {
        "nameen": "huhehaote",
        "cityname": "呼和浩特",
        "city": "101080101",
        "temp": "8",
        "tempf": "46",
        "WD": "西北风",
        "wde": "NW",
        "WS": "2级",
        "wse": "11km/h",
        "SD": "38%",
        "sd": "38%",
        "qy": "880",
        "njd": "20km",
        "time": "21:50",
        "rain": "0",
        "rain24h": "0",
        "aqi": "273",
        "aqi_pm25": "273",
        "weather": "多云",
        "weathere": "Cloudy",
        "weathercode": "d01",
        "limitnumber": "",
        "date": "04月12日(星期三)"
      },
      "weather": {
        "day": {
          "date": "12日夜间",
          "weather": "多云",
          "temp": "3",
          "tempUnit": "°C",
          "wind": {
            "direction": "西南风",
            "directionCode": "SW",
            "level": "3-4级"
          },
          "sunrise": "日落 19:08"
        },
        "night": {
          "date": "13日白天",
          "weather": "多云",
          "temp": "19",
          "tempUnit": "°C",
          "wind": {
            "direction": "北风",
            "directionCode": "N",
            "level": "4-5级"
          },
          "sunset": "日出 05:59"
        }
      }
    },
    {
      "id": "101090101",
      "province": "河北",
      "city": "石家庄",
      "realtime": {
        "nameen": "shijiazhuang",
        "cityname": "石家庄",
        "city": "101090101",
        "temp": "17",
        "tempf": "62",
        "WD": "北风",
        "wde": "N",
        "WS": "2级",
        "wse": "6km/h",
        "SD": "53%",
        "sd": "53%",
        "qy": "999",
        "njd": "3km",
        "time": "21:50",
        "rain": "0",
        "rain24h": "0",
        "aqi": "436",
        "aqi_pm25": "436",
        "weather": "霾",
        "weathere": "haze",
        "weathercode": "d53",
        "limitnumber": "",
        "date": "04月12日(星期三)"
      },
      "weather": {
        "day": {
          "date": "12日夜间",
          "weather": "多云",
          "temp": "13",
          "tempUnit": "°C",
          "wind": {
            "direction": "南风",
            "directionCode": "S",
            "level": "<3级"
          },
          "sunrise": "日落 18:54"
        },
        "night": {
          "date": "13日白天",
          "weather": "多云",
          "temp": "28",
          "tempUnit": "°C",
          "wind": {
            "direction": "南风",
            "directionCode": "S",
            "level": "3-4级"
          },
          "sunset": "日出 05:51"
        }
      }
    },
    {
      "id": "101100101",
      "province": "山西",
      "city": "太原",
      "realtime": {
        "nameen": "taiyuan",
        "cityname": "太原",
        "city": "101100101",
        "temp": "10",
        "tempf": "50",
        "WD": "北风",
        "wde": "N",
        "WS": "0级",
        "wse": "0km/h",
        "SD": "83%",
        "sd": "83%",
        "qy": "923",
        "njd": "9km",
        "time": "21:50",
        "rain": "0",
        "rain24h": "0",
        "aqi": "121",
        "aqi_pm25": "121",
        "weather": "多云",
        "weathere": "Cloudy",
        "weathercode": "d01",
        "limitnumber": "",
        "date": "04月12日(星期三)"
      },
      "weather": {
        "day": {
          "date": "12日夜间",
          "weather": "阴",
          "temp": "7",
          "tempUnit": "°C",
          "wind": {
            "direction": "南风",
            "directionCode": "S",
            "level": "<3级"
          },
          "sunrise": "日落 19:02"
        },
        "night": {
          "date": "13日白天",
          "weather": "晴",
          "temp": "26",
          "tempUnit": "°C",
          "wind": {
            "direction": "西北风",
            "directionCode": "NW",
            "level": "3-4级"
          },
          "sunset": "日出 05:59"
        }
      }
    },
    {
      "id": "101110101",
      "province": "陕西",
      "city": "西安",
      "realtime": {
        "nameen": "xian",
        "cityname": "西安",
        "city": "101110101",
        "temp": "18",
        "tempf": "64",
        "WD": "西北风",
        "wde": "NW",
        "WS": "1级",
        "wse": "3km/h",
        "SD": "61%",
        "sd": "61%",
        "qy": "960",
        "njd": "7km",
        "time": "21:50",
        "rain": "0",
        "rain24h": "0",
        "aqi": "222",
        "aqi_pm25": "222",
        "weather": "霾",
        "weathere": "haze",
        "weathercode": "d53",
        "limitnumber": "3和8",
        "date": "04月12日(星期三)"
      },
      "weather": {
        "day": {
          "date": "12日夜间",
          "weather": "多云",
          "temp": "13",
          "tempUnit": "°C",
          "wind": {
            "direction": "无持续风向",
            "directionCode": "NNW",
            "level": "<3级"
          },
          "sunrise": "日落 19:13"
        },
        "night": {
          "date": "13日白天",
          "weather": "小雨",
          "temp": "21",
          "tempUnit": "°C",
          "wind": {
            "direction": "无持续风向",
            "directionCode": "NNW",
            "level": "<3级"
          },
          "sunset": "日出 06:17"
        }
      }
    },
    {
      "id": "101120101",
      "province": "山东",
      "city": "济南",
      "realtime": {
        "nameen": "jinan",
        "cityname": "济南",
        "city": "101120101",
        "temp": "20",
        "tempf": "68",
        "WD": "东南风",
        "wde": "SE",
        "WS": "2级",
        "wse": "6km/h",
        "SD": "29%",
        "sd": "29%",
        "qy": "993",
        "njd": "5km",
        "time": "21:55",
        "rain": "0",
        "rain24h": "0",
        "aqi": "499",
        "aqi_pm25": "499",
        "weather": "多云",
        "weathere": "Cloudy",
        "weathercode": "d01",
        "limitnumber": "",
        "date": "04月12日(星期三)"
      },
      "weather": {
        "day": {
          "date": "12日夜间",
          "weather": "雷阵雨",
          "temp": "16",
          "tempUnit": "°C",
          "wind": {
            "direction": "南风",
            "directionCode": "S",
            "level": "4-5级"
          },
          "sunrise": "日落 18:42"
        },
        "night": {
          "date": "13日白天",
          "weather": "阴",
          "temp": "27",
          "tempUnit": "°C",
          "wind": {
            "direction": "南风",
            "directionCode": "S",
            "level": "3-4级"
          },
          "sunset": "日出 05:42"
        }
      }
    },
    {
      "id": "101130101",
      "province": "新疆",
      "city": "乌鲁木齐",
      "realtime": {
        "nameen": "wulumuqi",
        "cityname": "乌鲁木齐",
        "city": "101130101",
        "temp": "10",
        "tempf": "50",
        "WD": "微风",
        "wde": "NWW",
        "WS": "2级",
        "wse": "5km/h",
        "SD": "47%",
        "sd": "47%",
        "qy": "906",
        "njd": "20km",
        "time": "22:00",
        "rain": "0",
        "rain24h": "0",
        "aqi": "26",
        "aqi_pm25": "26",
        "weather": "多云",
        "weathere": "Cloudy",
        "weathercode": "d01",
        "limitnumber": "",
        "date": "04月12日(星期三)"
      },
      "weather": {
        "day": {
          "date": "12日夜间",
          "weather": "多云",
          "temp": "4",
          "tempUnit": "°C",
          "wind": {
            "direction": "无持续风向",
            "directionCode": "NNW",
            "level": "<3级"
          },
          "sunrise": "日落 20:48"
        },
        "night": {
          "date": "13日白天",
          "weather": "晴",
          "temp": "15",
          "tempUnit": "°C",
          "wind": {
            "direction": "无持续风向",
            "directionCode": "NNW",
            "level": "<3级"
          },
          "sunset": "日出 07:32"
        }
      }
    },
    {
      "id": "101140101",
      "province": "西藏",
      "city": "拉萨",
      "realtime": {
        "nameen": "lasa",
        "cityname": "拉萨",
        "city": "101140101",
        "temp": "13",
        "tempf": "55",
        "WD": "微风",
        "wde": "NWW",
        "WS": "2级",
        "wse": "5km/h",
        "SD": "16%",
        "sd": "16%",
        "qy": "652",
        "njd": "18km",
        "time": "22:00",
        "rain": "0",
        "rain24h": "0",
        "aqi": "36",
        "aqi_pm25": "36",
        "weather": "多云",
        "weathere": "Cloudy",
        "weathercode": "d01",
        "limitnumber": "",
        "date": "04月12日(星期三)"
      },
      "weather": {
        "day": {
          "date": "12日夜间",
          "weather": "多云",
          "temp": "3",
          "tempUnit": "°C",
          "wind": {
            "direction": "无持续风向",
            "directionCode": "NNW",
            "level": "<3级"
          },
          "sunrise": "日落 20:20"
        },
        "night": {
          "date": "13日白天",
          "weather": "多云",
          "temp": "15",
          "tempUnit": "°C",
          "wind": {
            "direction": "无持续风向",
            "directionCode": "NNW",
            "level": "<3级"
          },
          "sunset": "日出 07:32"
        }
      }
    },
    {
      "id": "101150101",
      "province": "青海",
      "city": "西宁",
      "realtime": {
        "nameen": "xining",
        "cityname": "西宁",
        "city": "101150101",
        "temp": "13",
        "tempf": "55",
        "WD": "东风",
        "wde": "E",
        "WS": "4级",
        "wse": "24km/h",
        "SD": "24%",
        "sd": "24%",
        "qy": "756",
        "njd": "14km",
        "time": "21:55",
        "rain": "0",
        "rain24h": "0",
        "aqi": "87",
        "aqi_pm25": "87",
        "weather": "多云",
        "weathere": "Cloudy",
        "weathercode": "d01",
        "limitnumber": "",
        "date": "04月12日(星期三)"
      },
      "weather": {
        "day": {
          "date": "12日夜间",
          "weather": "多云",
          "temp": "4",
          "tempUnit": "°C",
          "wind": {
            "direction": "北风",
            "directionCode": "N",
            "level": "3-4级"
          },
          "sunrise": "日落 19:43"
        },
        "night": {
          "date": "13日白天",
          "weather": "多云",
          "temp": "16",
          "tempUnit": "°C",
          "wind": {
            "direction": "东南风",
            "directionCode": "SE",
            "level": "4-5级"
          },
          "sunset": "日出 06:43"
        }
      }
    },
    {
      "id": "101160101",
      "province": "甘肃",
      "city": "兰州",
      "realtime": {
        "nameen": "lanzhou",
        "cityname": "兰州",
        "city": "101160101",
        "temp": "16",
        "tempf": "60",
        "WD": "西北风",
        "wde": "NW",
        "WS": "2级",
        "wse": "6km/h",
        "SD": "20%",
        "sd": "20%",
        "qy": "808",
        "njd": "14km",
        "time": "21:55",
        "rain": "0",
        "rain24h": "0",
        "aqi": "119",
        "aqi_pm25": "119",
        "weather": "多云",
        "weathere": "Cloudy",
        "weathercode": "d01",
        "limitnumber": "2和7",
        "date": "04月12日(星期三)"
      },
      "weather": {
        "day": {
          "date": "12日夜间",
          "weather": "多云",
          "temp": "8",
          "tempUnit": "°C",
          "wind": {
            "direction": "无持续风向",
            "directionCode": "NNW",
            "level": "<3级"
          },
          "sunrise": "日落 19:35"
        },
        "night": {
          "date": "13日白天",
          "weather": "浮尘",
          "temp": "19",
          "tempUnit": "°C",
          "wind": {
            "direction": "无持续风向",
            "directionCode": "NNW",
            "level": "<3级"
          },
          "sunset": "日出 06:36"
        }
      }
    },
    {
      "id": "101170101",
      "province": "宁夏",
      "city": "银川",
      "realtime": {
        "nameen": "yinchuan",
        "cityname": "银川",
        "city": "101170101",
        "temp": "13",
        "tempf": "55",
        "WD": "北风",
        "wde": "N",
        "WS": "1级",
        "wse": "2km/h",
        "SD": "45%",
        "sd": "45%",
        "qy": "885",
        "njd": "6km",
        "time": "21:55",
        "rain": "0",
        "rain24h": "0",
        "aqi": "159",
        "aqi_pm25": "159",
        "weather": "多云",
        "weathere": "Cloudy",
        "weathercode": "d01",
        "limitnumber": "",
        "date": "04月12日(星期三)"
      },
      "weather": {
        "day": {
          "date": "12日夜间",
          "weather": "多云",
          "temp": "10",
          "tempUnit": "°C",
          "wind": {
            "direction": "西北风",
            "directionCode": "NW",
            "level": "3-4级"
          },
          "sunrise": "日落 19:28"
        },
        "night": {
          "date": "13日白天",
          "weather": "多云",
          "temp": "16",
          "tempUnit": "°C",
          "wind": {
            "direction": "西北风",
            "directionCode": "NW",
            "level": "4-5级"
          },
          "sunset": "日出 06:23"
        }
      }
    },
    {
      "id": "101180101",
      "province": "河南",
      "city": "郑州",
      "realtime": {
        "nameen": "zhengzhou",
        "cityname": "郑州",
        "city": "101180101",
        "temp": "19",
        "tempf": "66",
        "WD": "东风",
        "wde": "E",
        "WS": "2级",
        "wse": "6km/h",
        "SD": "59%",
        "sd": "59%",
        "qy": "999",
        "njd": "5km",
        "time": "21:50",
        "rain": "0",
        "rain24h": "0",
        "aqi": "428",
        "aqi_pm25": "428",
        "weather": "浮尘",
        "weathere": "Dust",
        "weathercode": "d29",
        "limitnumber": "单号限行",
        "date": "04月12日(星期三)"
      },
      "weather": {
        "day": {
          "date": "12日夜间",
          "weather": "多云",
          "temp": "14",
          "tempUnit": "°C",
          "wind": {
            "direction": "南风",
            "directionCode": "S",
            "level": "3-4级"
          },
          "sunrise": "日落 18:54"
        },
        "night": {
          "date": "13日白天",
          "weather": "小雨",
          "temp": "27",
          "tempUnit": "°C",
          "wind": {
            "direction": "南风",
            "directionCode": "S",
            "level": "3-4级"
          },
          "sunset": "日出 05:58"
        }
      }
    },
    {
      "id": "101190101",
      "province": "江苏",
      "city": "南京",
      "realtime": {
        "nameen": "nanjing",
        "cityname": "南京",
        "city": "101190101",
        "temp": "17",
        "tempf": "62",
        "WD": "东南风",
        "wde": "SE",
        "WS": "3级",
        "wse": "17km/h",
        "SD": "43%",
        "sd": "43%",
        "qy": "1012",
        "njd": "10km",
        "time": "21:55",
        "rain": "0",
        "rain24h": "0",
        "aqi": "197",
        "aqi_pm25": "197",
        "weather": "多云",
        "weathere": "Cloudy",
        "weathercode": "d01",
        "limitnumber": "",
        "date": "04月12日(星期三)"
      },
      "weather": {
        "day": {
          "date": "12日夜间",
          "weather": "多云",
          "temp": "14",
          "tempUnit": "°C",
          "wind": {
            "direction": "东南风",
            "directionCode": "SE",
            "level": "4-5级"
          },
          "sunrise": "日落 18:31"
        },
        "night": {
          "date": "13日白天",
          "weather": "多云",
          "temp": "25",
          "tempUnit": "°C",
          "wind": {
            "direction": "东南风",
            "directionCode": "SE",
            "level": "4-5级"
          },
          "sunset": "日出 05:40"
        }
      }
    },
    {
      "id": "101200101",
      "province": "湖北",
      "city": "武汉",
      "realtime": {
        "nameen": "wuhan",
        "cityname": "武汉",
        "city": "101200101",
        "temp": "23",
        "tempf": "73",
        "WD": "东风",
        "wde": "E",
        "WS": "1级",
        "wse": "5km/h",
        "SD": "68%",
        "sd": "68%",
        "qy": "1007",
        "njd": "14km",
        "time": "21:50",
        "rain": "0",
        "rain24h": "0",
        "aqi": "81",
        "aqi_pm25": "81",
        "weather": "多云",
        "weathere": "Cloudy",
        "weathercode": "d01",
        "limitnumber": "单号限行",
        "date": "04月12日(星期三)"
      },
      "weather": {
        "day": {
          "date": "12日夜间",
          "weather": "阵雨",
          "temp": "18",
          "tempUnit": "°C",
          "wind": {
            "direction": "无持续风向",
            "directionCode": "NNW",
            "level": "<3级"
          },
          "sunrise": "日落 18:48"
        },
        "night": {
          "date": "13日白天",
          "weather": "阵雨",
          "temp": "25",
          "tempUnit": "°C",
          "wind": {
            "direction": "无持续风向",
            "directionCode": "NNW",
            "level": "<3级"
          },
          "sunset": "日出 05:59"
        }
      }
    },
    {
      "id": "101210101",
      "province": "浙江",
      "city": "杭州",
      "realtime": {
        "nameen": "hangzhou",
        "cityname": "杭州",
        "city": "101210101",
        "temp": "16",
        "tempf": "60",
        "WD": "东风",
        "wde": "E",
        "WS": "1级",
        "wse": "2km/h",
        "SD": "46%",
        "sd": "46%",
        "qy": "1013",
        "njd": "8km",
        "time": "21:50",
        "rain": "0",
        "rain24h": "0",
        "aqi": "169",
        "aqi_pm25": "169",
        "weather": "多云",
        "weathere": "Cloudy",
        "weathercode": "d01",
        "limitnumber": "3和7",
        "date": "04月12日(星期三)"
      },
      "weather": {
        "day": {
          "date": "12日夜间",
          "weather": "阴",
          "temp": "12",
          "tempUnit": "°C",
          "wind": {
            "direction": "无持续风向",
            "directionCode": "NNW",
            "level": "<3级"
          },
          "sunrise": "日落 18:24"
        },
        "night": {
          "date": "13日白天",
          "weather": "小雨",
          "temp": "23",
          "tempUnit": "°C",
          "wind": {
            "direction": "东南风",
            "directionCode": "SE",
            "level": "3-4级"
          },
          "sunset": "日出 05:35"
        }
      }
    },
    {
      "id": "101220101",
      "province": "安徽",
      "city": "合肥",
      "realtime": {
        "nameen": "hefei",
        "cityname": "合肥",
        "city": "101220101",
        "temp": "19",
        "tempf": "66",
        "WD": "西南风",
        "wde": "SW",
        "WS": "3级",
        "wse": "12km/h",
        "SD": "35%",
        "sd": "35%",
        "qy": "1006",
        "njd": "10km",
        "time": "21:55",
        "rain": "0",
        "rain24h": "0",
        "aqi": "194",
        "aqi_pm25": "194",
        "weather": "多云",
        "weathere": "Cloudy",
        "weathercode": "d01",
        "limitnumber": "",
        "date": "04月12日(星期三)"
      },
      "weather": {
        "day": {
          "date": "12日夜间",
          "weather": "多云",
          "temp": "13",
          "tempUnit": "°C",
          "wind": {
            "direction": "东南风",
            "directionCode": "SE",
            "level": "3-4级"
          },
          "sunrise": "日落 18:37"
        },
        "night": {
          "date": "13日白天",
          "weather": "阴",
          "temp": "26",
          "tempUnit": "°C",
          "wind": {
            "direction": "东南风",
            "directionCode": "SE",
            "level": "3-4级"
          },
          "sunset": "日出 05:46"
        }
      }
    },
    {
      "id": "101230101",
      "province": "福建",
      "city": "福州",
      "realtime": {
        "nameen": "fuzhou",
        "cityname": "福州",
        "city": "101230101",
        "temp": "18",
        "tempf": "64",
        "WD": "东北风",
        "wde": "NE",
        "WS": "3级",
        "wse": "13km/h",
        "SD": "46%",
        "sd": "46%",
        "qy": "1008",
        "njd": "7km",
        "time": "21:50",
        "rain": "0",
        "rain24h": "0",
        "aqi": "124",
        "aqi_pm25": "124",
        "weather": "多云",
        "weathere": "Cloudy",
        "weathercode": "d01",
        "limitnumber": "",
        "date": "04月12日(星期三)"
      },
      "weather": {
        "day": {
          "date": "12日夜间",
          "weather": "阴",
          "temp": "16",
          "tempUnit": "°C",
          "wind": {
            "direction": "无持续风向",
            "directionCode": "NNW",
            "level": "<3级"
          },
          "sunrise": "日落 18:24"
        },
        "night": {
          "date": "13日白天",
          "weather": "阴",
          "temp": "22",
          "tempUnit": "°C",
          "wind": {
            "direction": "无持续风向",
            "directionCode": "NNW",
            "level": "<3级"
          },
          "sunset": "日出 05:42"
        }
      }
    },
    {
      "id": "101240101",
      "province": "江西",
      "city": "南昌",
      "realtime": {
        "nameen": "nanchang",
        "cityname": "南昌",
        "city": "101240101",
        "temp": "23",
        "tempf": "73",
        "WD": "东风",
        "wde": "E",
        "WS": "1级",
        "wse": "4km/h",
        "SD": "83%",
        "sd": "83%",
        "qy": "1007",
        "njd": "9km",
        "time": "21:50",
        "rain": "0",
        "rain24h": "0",
        "aqi": "62",
        "aqi_pm25": "62",
        "weather": "多云",
        "weathere": "Cloudy",
        "weathercode": "d01",
        "limitnumber": "",
        "date": "04月12日(星期三)"
      },
      "weather": {
        "day": {
          "date": "12日夜间",
          "weather": "中雨",
          "temp": "20",
          "tempUnit": "°C",
          "wind": {
            "direction": "东南风",
            "directionCode": "SE",
            "level": "<3级"
          },
          "sunrise": "日落 18:40"
        },
        "night": {
          "date": "13日白天",
          "weather": "大雨",
          "temp": "24",
          "tempUnit": "°C",
          "wind": {
            "direction": "东南风",
            "directionCode": "SE",
            "level": "<3级"
          },
          "sunset": "日出 05:54"
        }
      }
    },
    {
      "id": "101250101",
      "province": "湖南",
      "city": "长沙",
      "realtime": {
        "nameen": "changsha",
        "cityname": "长沙",
        "city": "101250101",
        "temp": "23",
        "tempf": "73",
        "WD": "北风",
        "wde": "N",
        "WS": "0级",
        "wse": "0km/h",
        "SD": "80%",
        "sd": "80%",
        "qy": "1006",
        "njd": "7km",
        "time": "21:50",
        "rain": "0",
        "rain24h": "0",
        "aqi": "60",
        "aqi_pm25": "60",
        "weather": "多云",
        "weathere": "Cloudy",
        "weathercode": "d01",
        "limitnumber": "",
        "date": "04月12日(星期三)"
      },
      "weather": {
        "day": {
          "date": "12日夜间",
          "weather": "小雨",
          "temp": "19",
          "tempUnit": "°C",
          "wind": {
            "direction": "东南风",
            "directionCode": "SE",
            "level": "<3级"
          },
          "sunrise": "日落 18:51"
        },
        "night": {
          "date": "13日白天",
          "weather": "中雨",
          "temp": "24",
          "tempUnit": "°C",
          "wind": {
            "direction": "北风",
            "directionCode": "N",
            "level": "<3级"
          },
          "sunset": "日出 06:06"
        }
      }
    },
    {
      "id": "101260101",
      "province": "贵州",
      "city": "贵阳",
      "realtime": {
        "nameen": "guiyang",
        "cityname": "贵阳",
        "city": "101260101",
        "temp": "19",
        "tempf": "66",
        "WD": "东南风",
        "wde": "SE",
        "WS": "2级",
        "wse": "10km/h",
        "SD": "79%",
        "sd": "79%",
        "qy": "874",
        "njd": "11km",
        "time": "21:50",
        "rain": "0",
        "rain24h": "0",
        "aqi": "59",
        "aqi_pm25": "59",
        "weather": "多云",
        "weathere": "Cloudy",
        "weathercode": "d01",
        "limitnumber": "3和8",
        "date": "04月12日(星期三)"
      },
      "weather": {
        "day": {
          "date": "12日夜间",
          "weather": "阵雨",
          "temp": "17",
          "tempUnit": "°C",
          "wind": {
            "direction": "南风",
            "directionCode": "S",
            "level": "<3级"
          },
          "sunrise": "日落 19:15"
        },
        "night": {
          "date": "13日白天",
          "weather": "多云",
          "temp": "28",
          "tempUnit": "°C",
          "wind": {
            "direction": "南风",
            "directionCode": "S",
            "level": "<3级"
          },
          "sunset": "日出 06:33"
        }
      }
    },
    {
      "id": "101270101",
      "province": "四川",
      "city": "成都",
      "realtime": {
        "nameen": "chengdu",
        "cityname": "成都",
        "city": "101270101",
        "temp": "23",
        "tempf": "73",
        "WD": "东北风",
        "wde": "NE",
        "WS": "2级",
        "wse": "6km/h",
        "SD": "63%",
        "sd": "63%",
        "qy": "950",
        "njd": "6km",
        "time": "21:50",
        "rain": "0",
        "rain24h": "0",
        "aqi": "62",
        "aqi_pm25": "62",
        "weather": "多云",
        "weathere": "Cloudy",
        "weathercode": "d01",
        "limitnumber": "3和8",
        "date": "04月12日(星期三)"
      },
      "weather": {
        "day": {
          "date": "12日夜间",
          "weather": "多云",
          "temp": "17",
          "tempUnit": "°C",
          "wind": {
            "direction": "无持续风向",
            "directionCode": "NNW",
            "level": "<3级"
          },
          "sunrise": "日落 19:29"
        },
        "night": {
          "date": "13日白天",
          "weather": "小雨",
          "temp": "24",
          "tempUnit": "°C",
          "wind": {
            "direction": "无持续风向",
            "directionCode": "NNW",
            "level": "<3级"
          },
          "sunset": "日出 06:40"
        }
      }
    },
    {
      "id": "101280101",
      "province": "广东",
      "city": "广州",
      "realtime": {
        "nameen": "guangzhou",
        "cityname": "广州",
        "city": "101280101",
        "temp": "25",
        "tempf": "77",
        "WD": "南风",
        "wde": "S",
        "WS": "1级",
        "wse": "2km/h",
        "SD": "73%",
        "sd": "73%",
        "qy": "1008",
        "njd": "13km",
        "time": "21:50",
        "rain": "0",
        "rain24h": "0",
        "aqi": "67",
        "aqi_pm25": "67",
        "weather": "多云",
        "weathere": "Cloudy",
        "weathercode": "d01",
        "limitnumber": "单号限行",
        "date": "04月12日(星期三)"
      },
      "weather": {
        "day": {
          "date": "12日夜间",
          "weather": "多云",
          "temp": "20",
          "tempUnit": "°C",
          "wind": {
            "direction": "无持续风向",
            "directionCode": "NNW",
            "level": "<3级"
          },
          "sunrise": "日落 18:46"
        },
        "night": {
          "date": "13日白天",
          "weather": "多云",
          "temp": "28",
          "tempUnit": "°C",
          "wind": {
            "direction": "南风",
            "directionCode": "S",
            "level": "3-4级"
          },
          "sunset": "日出 06:09"
        }
      }
    },
    {
      "id": "101290101",
      "province": "云南",
      "city": "昆明",
      "realtime": {
        "nameen": "kunming",
        "cityname": "昆明",
        "city": "101290101",
        "temp": "20",
        "tempf": "68",
        "WD": "西南风",
        "wde": "SW",
        "WS": "1级",
        "wse": "5km/h",
        "SD": "34%",
        "sd": "34%",
        "qy": "808",
        "njd": "20km",
        "time": "21:55",
        "rain": "0",
        "rain24h": "0",
        "aqi": "57",
        "aqi_pm25": "57",
        "weather": "晴",
        "weathere": "Sunny",
        "weathercode": "d00",
        "limitnumber": "",
        "date": "04月12日(星期三)"
      },
      "weather": {
        "day": {
          "date": "12日夜间",
          "weather": "晴",
          "temp": "13",
          "tempUnit": "°C",
          "wind": {
            "direction": "西南风",
            "directionCode": "SW",
            "level": "3-4级"
          },
          "sunrise": "日落 19:29"
        },
        "night": {
          "date": "13日白天",
          "weather": "晴",
          "temp": "28",
          "tempUnit": "°C",
          "wind": {
            "direction": "西南风",
            "directionCode": "SW",
            "level": "3-4级"
          },
          "sunset": "日出 06:49"
        }
      }
    },
    {
      "id": "101300101",
      "province": "广西",
      "city": "南宁",
      "realtime": {
        "nameen": "nanning",
        "cityname": "南宁",
        "city": "101300101",
        "temp": "23",
        "tempf": "73",
        "WD": "东南风",
        "wde": "SE",
        "WS": "2级",
        "wse": "11km/h",
        "SD": "93%",
        "sd": "93%",
        "qy": "988",
        "njd": "4km",
        "time": "21:50",
        "rain": "0",
        "rain24h": "0",
        "aqi": "57",
        "aqi_pm25": "57",
        "weather": "多云",
        "weathere": "Cloudy",
        "weathercode": "d01",
        "limitnumber": "",
        "date": "04月12日(星期三)"
      },
      "weather": {
        "day": {
          "date": "12日夜间",
          "weather": "小雨",
          "temp": "22",
          "tempUnit": "°C",
          "wind": {
            "direction": "南风",
            "directionCode": "S",
            "level": "<3级"
          },
          "sunrise": "日落 19:05"
        },
        "night": {
          "date": "13日白天",
          "weather": "小雨",
          "temp": "26",
          "tempUnit": "°C",
          "wind": {
            "direction": "南风",
            "directionCode": "S",
            "level": "<3级"
          },
          "sunset": "日出 06:29"
        }
      }
    },
    {
      "id": "101310101",
      "province": "海南",
      "city": "海口",
      "realtime": {
        "nameen": "haikou",
        "cityname": "海口",
        "city": "101310101",
        "temp": "24",
        "tempf": "75",
        "WD": "东南风",
        "wde": "SE",
        "WS": "2级",
        "wse": "10km/h",
        "SD": "84%",
        "sd": "84%",
        "qy": "1004",
        "njd": "16km",
        "time": "21:55",
        "rain": "0",
        "rain24h": "0",
        "aqi": "40",
        "aqi_pm25": "40",
        "weather": "多云",
        "weathere": "Cloudy",
        "weathercode": "d01",
        "limitnumber": "",
        "date": "04月12日(星期三)"
      },
      "weather": {
        "day": {
          "date": "12日夜间",
          "weather": "多云",
          "temp": "24",
          "tempUnit": "°C",
          "wind": {
            "direction": "东南风",
            "directionCode": "SE",
            "level": "3-4级"
          },
          "sunrise": "日落 18:55"
        },
        "night": {
          "date": "13日白天",
          "weather": "多云",
          "temp": "28",
          "tempUnit": "°C",
          "wind": {
            "direction": "无持续风向",
            "directionCode": "NNW",
            "level": "<3级"
          },
          "sunset": "日出 06:23"
        }
      }
    },
    {
      "id": "101320101",
      "province": "香港",
      "city": "香港",
      "realtime": {
        "nameen": "hongkong",
        "cityname": "香港",
        "city": "101320101",
        "temp": "24",
        "tempf": "75",
        "WD": "微风",
        "wde": "NWW",
        "WS": "1级",
        "wse": "1km/h",
        "SD": "81%",
        "sd": "81%",
        "qy": "998",
        "njd": "24km",
        "time": "21:30",
        "rain": "0",
        "rain24h": "0",
        "aqi": "40",
        "aqi_pm25": "40",
        "weather": "多云",
        "weathere": "Cloudy",
        "weathercode": "d01",
        "limitnumber": "",
        "date": "04月12日(星期三)"
      },
      "weather": {
        "day": {
          "date": "12日夜间",
          "weather": "阴",
          "temp": "22",
          "tempUnit": "°C",
          "wind": {
            "direction": "东风",
            "directionCode": "E",
            "level": "3-4级"
          },
          "sunrise": "日落 18:42"
        },
        "night": {
          "date": "13日白天",
          "weather": "阴",
          "temp": "26",
          "tempUnit": "°C",
          "wind": {
            "direction": "东风",
            "directionCode": "E",
            "level": "3-4级"
          },
          "sunset": "日出 06:06"
        }
      }
    },
    {
      "id": "101330101",
      "province": "澳门",
      "city": "澳门",
      "realtime": {
        "nameen": "macao",
        "cityname": "澳门",
        "city": "101330101",
        "temp": "24",
        "tempf": "75",
        "WD": "微风",
        "wde": "NWW",
        "WS": "1级",
        "wse": "1km/h",
        "SD": "87%",
        "sd": "87%",
        "qy": "1007",
        "njd": "21km",
        "time": "22:00",
        "rain": "0",
        "rain24h": "0",
        "aqi": "34",
        "aqi_pm25": "34",
        "weather": "晴",
        "weathere": "Sunny",
        "weathercode": "d00",
        "limitnumber": "",
        "date": "04月12日(星期三)"
      },
      "weather": {
        "day": {
          "date": "12日夜间",
          "weather": "多云",
          "temp": "22",
          "tempUnit": "°C",
          "wind": {
            "direction": "东风",
            "directionCode": "E",
            "level": "3-4级"
          },
          "sunrise": "日落 18:44"
        },
        "night": {
          "date": "13日白天",
          "weather": "多云",
          "temp": "24",
          "tempUnit": "°C",
          "wind": {
            "direction": "东南风",
            "directionCode": "SE",
            "level": "3-4级"
          },
          "sunset": "日出 06:08"
        }
      }
    },
    {
      "id": "101340101",
      "province": "台湾",
      "city": "台北",
      "realtime": {
        "nameen": "taibeixian",
        "cityname": "台北",
        "city": "101340101",
        "temp": "21",
        "tempf": "69",
        "WD": "微风",
        "wde": "NWW",
        "WS": "4级",
        "wse": "19km/h",
        "SD": "83%",
        "sd": "83%",
        "qy": "1007",
        "njd": "11km",
        "time": "22:00",
        "rain": "0",
        "rain24h": "0",
        "aqi": "28",
        "aqi_pm25": "28",
        "weather": "雾",
        "weathere": "Foggy",
        "weathercode": "d18",
        "limitnumber": "",
        "date": "04月12日(星期三)"
      },
      "weather": {
        "day": {
          "date": "12日夜间",
          "weather": "多云",
          "temp": "19",
          "tempUnit": "°C",
          "wind": {
            "direction": "无持续风向",
            "directionCode": "NNW",
            "level": "<3级"
          },
          "sunrise": "日落 18:14"
        },
        "night": {
          "date": "13日白天",
          "weather": "晴",
          "temp": "25",
          "tempUnit": "°C",
          "wind": {
            "direction": "无持续风向",
            "directionCode": "NNW",
            "level": "<3级"
          },
          "sunset": "日出 05:34"
        }
      }
    }
  ]
}
