{
  "timestamp": 1734595488855,
  "lastUpdate": "2024-12-19 16:04:48",
  "data": [
    {
      "id": "101010100",
      "province": "北京",
      "city": "北京",
      "realtime": {
        "nameen": "beijing",
        "cityname": "北京",
        "city": "101010100",
        "temp": "1.6",
        "tempf": "34.9",
        "WD": "东南风",
        "wde": "SE",
        "WS": "2级",
        "wse": "8km/h",
        "SD": "33%",
        "sd": "33%",
        "qy": "1023",
        "njd": "15km",
        "time": "15:50",
        "rain": "0",
        "rain24h": "0",
        "aqi": "56",
        "aqi_pm25": "56",
        "weather": "多云",
        "weathere": "Cloudy",
        "weathercode": "d01",
        "limitnumber": "1和6",
        "date": "12月19日(星期四)"
      },
      "weather": {
        "day": {
          "date": "19日白天",
          "weather": "多云",
          "temp": "3",
          "tempUnit": "°C",
          "wind": {
            "direction": "南风",
            "directionCode": "S",
            "level": "<3级"
          },
          "sunrise": "日出 07:31"
        },
        "night": {
          "date": "19日夜间",
          "weather": "多云",
          "temp": "-6",
          "tempUnit": "°C",
          "wind": {
            "direction": "北风",
            "directionCode": "N",
            "level": "<3级"
          },
          "sunset": "日落 16:51"
        }
      }
    },
    {
      "id": "101020100",
      "province": "上海",
      "city": "上海",
      "realtime": {
        "nameen": "shanghai",
        "cityname": "上海",
        "city": "101020100",
        "temp": "6.6",
        "tempf": "43.9",
        "WD": "东南风",
        "wde": "SE",
        "WS": "1级",
        "wse": "1km/h",
        "SD": "56%",
        "sd": "56%",
        "qy": "1029",
        "njd": "25km",
        "time": "15:55",
        "rain": "0",
        "rain24h": "0",
        "aqi": "28",
        "aqi_pm25": "28",
        "weather": "多云",
        "weathere": "Cloudy",
        "weathercode": "d01",
        "limitnumber": "",
        "date": "12月19日(星期四)"
      },
      "weather": {
        "day": {
          "date": "19日白天",
          "weather": "阴",
          "temp": "8",
          "tempUnit": "°C",
          "wind": {
            "direction": "无持续风向",
            "directionCode": "NNW",
            "level": "<3级"
          },
          "sunrise": "日出 06:47"
        },
        "night": {
          "date": "19日夜间",
          "weather": "晴",
          "temp": "3",
          "tempUnit": "°C",
          "wind": {
            "direction": "无持续风向",
            "directionCode": "NNW",
            "level": "<3级"
          },
          "sunset": "日落 16:54"
        }
      }
    },
    {
      "id": "101030100",
      "province": "天津",
      "city": "天津",
      "realtime": {
        "nameen": "tianjin",
        "cityname": "天津",
        "city": "101030100",
        "temp": "1.4",
        "tempf": "34.5",
        "WD": "西南风",
        "wde": "SW",
        "WS": "2级",
        "wse": "5km/h",
        "SD": "31%",
        "sd": "31%",
        "qy": "1028",
        "njd": "27km",
        "time": "15:55",
        "rain": "0",
        "rain24h": "0",
        "aqi": "40",
        "aqi_pm25": "40",
        "weather": "阴",
        "weathere": "Overcast",
        "weathercode": "d02",
        "limitnumber": "1和6",
        "date": "12月19日(星期四)"
      },
      "weather": {
        "day": {
          "date": "19日白天",
          "weather": "阴",
          "temp": "3",
          "tempUnit": "°C",
          "wind": {
            "direction": "西南风",
            "directionCode": "SW",
            "level": "<3级"
          },
          "sunrise": "日出 07:25"
        },
        "night": {
          "date": "19日夜间",
          "weather": "阴",
          "temp": "-3",
          "tempUnit": "°C",
          "wind": {
            "direction": "西南风",
            "directionCode": "SW",
            "level": "<3级"
          },
          "sunset": "日落 16:51"
        }
      }
    },
    {
      "id": "101040100",
      "province": "重庆",
      "city": "重庆",
      "realtime": {
        "nameen": "chongqing",
        "cityname": "重庆",
        "city": "101040100",
        "temp": "13.1",
        "tempf": "55.6",
        "WD": "东北风",
        "wde": "NE",
        "WS": "1级",
        "wse": "2km/h",
        "SD": "50%",
        "sd": "50%",
        "qy": "990",
        "njd": "5km",
        "time": "15:50",
        "rain": "0",
        "rain24h": "0",
        "aqi": "82",
        "aqi_pm25": "82",
        "weather": "晴",
        "weathere": "Sunny",
        "weathercode": "d00",
        "limitnumber": "4和9",
        "date": "12月19日(星期四)"
      },
      "weather": {
        "day": {
          "date": "19日白天",
          "weather": "多云",
          "temp": "12",
          "tempUnit": "°C",
          "wind": {
            "direction": "南风",
            "directionCode": "S",
            "level": "<3级"
          },
          "sunrise": "日出 07:43"
        },
        "night": {
          "date": "19日夜间",
          "weather": "多云",
          "temp": "8",
          "tempUnit": "°C",
          "wind": {
            "direction": "东北风",
            "directionCode": "NE",
            "level": "<3级"
          },
          "sunset": "日落 17:58"
        }
      }
    },
    {
      "id": "101050101",
      "province": "黑龙江",
      "city": "哈尔滨",
      "realtime": {
        "nameen": "haerbin",
        "cityname": "哈尔滨",
        "city": "101050101",
        "temp": "-12.2",
        "tempf": "10",
        "WD": "西风",
        "wde": "W",
        "WS": "1级",
        "wse": "3km/h",
        "SD": "68%",
        "sd": "68%",
        "qy": "1012",
        "njd": "8km",
        "time": "15:55",
        "rain": "0",
        "rain24h": "0",
        "aqi": "78",
        "aqi_pm25": "78",
        "weather": "多云",
        "weathere": "Cloudy",
        "weathercode": "d01",
        "limitnumber": "",
        "date": "12月19日(星期四)"
      },
      "weather": {
        "day": {
          "date": "19日白天",
          "weather": "多云",
          "temp": "-9",
          "tempUnit": "°C",
          "wind": {
            "direction": "西南风",
            "directionCode": "SW",
            "level": "<3级"
          },
          "sunrise": "日出 07:10"
        },
        "night": {
          "date": "19日夜间",
          "weather": "多云",
          "temp": "-19",
          "tempUnit": "°C",
          "wind": {
            "direction": "东北风",
            "directionCode": "NE",
            "level": "<3级"
          },
          "sunset": "日落 15:51"
        }
      }
    },
    {
      "id": "101060101",
      "province": "吉林",
      "city": "长春",
      "realtime": {
        "nameen": "changchun",
        "cityname": "长春",
        "city": "101060101",
        "temp": "-7.1",
        "tempf": "19.2",
        "WD": "西风",
        "wde": "W",
        "WS": "1级",
        "wse": "5km/h",
        "SD": "54%",
        "sd": "54%",
        "qy": "997",
        "njd": "13km",
        "time": "15:55",
        "rain": "0",
        "rain24h": "0",
        "aqi": "41",
        "aqi_pm25": "41",
        "weather": "多云",
        "weathere": "Cloudy",
        "weathercode": "d01",
        "limitnumber": "",
        "date": "12月19日(星期四)"
      },
      "weather": {
        "day": {
          "date": "19日白天",
          "weather": "阴",
          "temp": "-6",
          "tempUnit": "°C",
          "wind": {
            "direction": "西南风",
            "directionCode": "SW",
            "level": "<3级"
          },
          "sunrise": "日出 07:08"
        },
        "night": {
          "date": "19日夜间",
          "weather": "多云",
          "temp": "-14",
          "tempUnit": "°C",
          "wind": {
            "direction": "东南风",
            "directionCode": "SE",
            "level": "<3级"
          },
          "sunset": "日落 16:03"
        }
      }
    },
    {
      "id": "101070101",
      "province": "辽宁",
      "city": "沈阳",
      "realtime": {
        "nameen": "shenyang",
        "cityname": "沈阳",
        "city": "101070101",
        "temp": "-4.6",
        "tempf": "23.7",
        "WD": "西南风",
        "wde": "SW",
        "WS": "1级",
        "wse": "4km/h",
        "SD": "39%",
        "sd": "39%",
        "qy": "1021",
        "njd": "30km",
        "time": "15:55",
        "rain": "0",
        "rain24h": "0",
        "aqi": "49",
        "aqi_pm25": "49",
        "weather": "阴",
        "weathere": "Overcast",
        "weathercode": "d02",
        "limitnumber": "",
        "date": "12月19日(星期四)"
      },
      "weather": {
        "day": {
          "date": "19日白天",
          "weather": "晴",
          "temp": "-3",
          "tempUnit": "°C",
          "wind": {
            "direction": "南风",
            "directionCode": "S",
            "level": "<3级"
          },
          "sunrise": "日出 07:08"
        },
        "night": {
          "date": "19日夜间",
          "weather": "多云",
          "temp": "-15",
          "tempUnit": "°C",
          "wind": {
            "direction": "南风",
            "directionCode": "S",
            "level": "<3级"
          },
          "sunset": "日落 16:17"
        }
      }
    },
    {
      "id": "101080101",
      "province": "内蒙古",
      "city": "呼和浩特",
      "realtime": {
        "nameen": "huhehaote",
        "cityname": "呼和浩特",
        "city": "101080101",
        "temp": "-5.2",
        "tempf": "22.6",
        "WD": "西风",
        "wde": "W",
        "WS": "2级",
        "wse": "8km/h",
        "SD": "75%",
        "sd": "75%",
        "qy": "900",
        "njd": "6km",
        "time": "15:55",
        "rain": "0",
        "rain24h": "0",
        "aqi": "68",
        "aqi_pm25": "68",
        "weather": "阴",
        "weathere": "Overcast",
        "weathercode": "d02",
        "limitnumber": "",
        "date": "12月19日(星期四)"
      },
      "weather": {
        "day": {
          "date": "19日白天",
          "weather": "小雪",
          "temp": "-2",
          "tempUnit": "°C",
          "wind": {
            "direction": "西南风",
            "directionCode": "SW",
            "level": "<3级"
          },
          "sunrise": "日出 07:52"
        },
        "night": {
          "date": "19日夜间",
          "weather": "晴",
          "temp": "-14",
          "tempUnit": "°C",
          "wind": {
            "direction": "西北风",
            "directionCode": "NW",
            "level": "<3级"
          },
          "sunset": "日落 17:07"
        }
      }
    },
    {
      "id": "101090101",
      "province": "河北",
      "city": "石家庄",
      "realtime": {
        "nameen": "shijiazhuang",
        "cityname": "石家庄",
        "city": "101090101",
        "temp": "2.1",
        "tempf": "35.8",
        "WD": "东南风",
        "wde": "SE",
        "WS": "2级",
        "wse": "11km/h",
        "SD": "35%",
        "sd": "35%",
        "qy": "1015",
        "njd": "19km",
        "time": "15:55",
        "rain": "0",
        "rain24h": "0",
        "aqi": "55",
        "aqi_pm25": "55",
        "weather": "阴",
        "weathere": "Overcast",
        "weathercode": "d02",
        "limitnumber": "",
        "date": "12月19日(星期四)"
      },
      "weather": {
        "day": {
          "date": "19日白天",
          "weather": "阴",
          "temp": "3",
          "tempUnit": "°C",
          "wind": {
            "direction": "东南风",
            "directionCode": "SE",
            "level": "<3级"
          },
          "sunrise": "日出 07:33"
        },
        "night": {
          "date": "19日夜间",
          "weather": "阴",
          "temp": "-3",
          "tempUnit": "°C",
          "wind": {
            "direction": "西风",
            "directionCode": "W",
            "level": "<3级"
          },
          "sunset": "日落 17:04"
        }
      }
    },
    {
      "id": "101100101",
      "province": "山西",
      "city": "太原",
      "realtime": {
        "nameen": "taiyuan",
        "cityname": "太原",
        "city": "101100101",
        "temp": "-1",
        "tempf": "30.2",
        "WD": "南风",
        "wde": "S",
        "WS": "3级",
        "wse": "13km/h",
        "SD": "39%",
        "sd": "39%",
        "qy": "932",
        "njd": "14km",
        "time": "15:55",
        "rain": "0",
        "rain24h": "0",
        "aqi": "83",
        "aqi_pm25": "83",
        "weather": "多云",
        "weathere": "Cloudy",
        "weathercode": "d01",
        "limitnumber": "",
        "date": "12月19日(星期四)"
      },
      "weather": {
        "day": {
          "date": "19日白天",
          "weather": "多云",
          "temp": "1",
          "tempUnit": "°C",
          "wind": {
            "direction": "南风",
            "directionCode": "S",
            "level": "<3级"
          },
          "sunrise": "日出 07:40"
        },
        "night": {
          "date": "19日夜间",
          "weather": "晴",
          "temp": "-11",
          "tempUnit": "°C",
          "wind": {
            "direction": "西北风",
            "directionCode": "NW",
            "level": "<3级"
          },
          "sunset": "日落 17:13"
        }
      }
    },
    {
      "id": "101110101",
      "province": "陕西",
      "city": "西安",
      "realtime": {
        "nameen": "xian",
        "cityname": "西安",
        "city": "101110101",
        "temp": "6.8",
        "tempf": "44.2",
        "WD": "西南风",
        "wde": "SW",
        "WS": "1级",
        "wse": "3km/h",
        "SD": "40%",
        "sd": "40%",
        "qy": "977",
        "njd": "16km",
        "time": "15:50",
        "rain": "0",
        "rain24h": "0",
        "aqi": "103",
        "aqi_pm25": "103",
        "weather": "晴",
        "weathere": "Sunny",
        "weathercode": "d00",
        "limitnumber": "4和9",
        "date": "12月19日(星期四)"
      },
      "weather": {
        "day": {
          "date": "19日白天",
          "weather": "晴",
          "temp": "6",
          "tempUnit": "°C",
          "wind": {
            "direction": "无持续风向",
            "directionCode": "NNW",
            "level": "<3级"
          },
          "sunrise": "日出 07:45"
        },
        "night": {
          "date": "19日夜间",
          "weather": "阴",
          "temp": "0",
          "tempUnit": "°C",
          "wind": {
            "direction": "无持续风向",
            "directionCode": "NNW",
            "level": "<3级"
          },
          "sunset": "日落 17:37"
        }
      }
    },
    {
      "id": "101120101",
      "province": "山东",
      "city": "济南",
      "realtime": {
        "nameen": "jinan",
        "cityname": "济南",
        "city": "101120101",
        "temp": "1.5",
        "tempf": "34.7",
        "WD": "东南风",
        "wde": "SE",
        "WS": "2级",
        "wse": "10km/h",
        "SD": "38%",
        "sd": "38%",
        "qy": "1007",
        "njd": "18km",
        "time": "15:55",
        "rain": "0",
        "rain24h": "0",
        "aqi": "58",
        "aqi_pm25": "58",
        "weather": "阴",
        "weathere": "Overcast",
        "weathercode": "d02",
        "limitnumber": "",
        "date": "12月19日(星期四)"
      },
      "weather": {
        "day": {
          "date": "19日白天",
          "weather": "多云",
          "temp": "3",
          "tempUnit": "°C",
          "wind": {
            "direction": "无持续风向",
            "directionCode": "NNW",
            "level": "<3级"
          },
          "sunrise": "日出 07:18"
        },
        "night": {
          "date": "19日夜间",
          "weather": "晴",
          "temp": "-3",
          "tempUnit": "°C",
          "wind": {
            "direction": "无持续风向",
            "directionCode": "NNW",
            "level": "<3级"
          },
          "sunset": "日落 16:58"
        }
      }
    },
    {
      "id": "101130101",
      "province": "新疆",
      "city": "乌鲁木齐",
      "realtime": {
        "nameen": "wulumuqi",
        "cityname": "乌鲁木齐",
        "city": "101130101",
        "temp": "-8.7",
        "tempf": "16.3",
        "WD": "东北风",
        "wde": "NE",
        "WS": "2级",
        "wse": "9km/h",
        "SD": "59%",
        "sd": "59%",
        "qy": "914",
        "njd": "14km",
        "time": "15:55",
        "rain": "0",
        "rain24h": "0",
        "aqi": "69",
        "aqi_pm25": "69",
        "weather": "晴",
        "weathere": "Sunny",
        "weathercode": "d00",
        "limitnumber": "",
        "date": "12月19日(星期四)"
      },
      "weather": {
        "day": {
          "date": "19日白天",
          "weather": "晴",
          "temp": "-10",
          "tempUnit": "°C",
          "wind": {
            "direction": "无持续风向",
            "directionCode": "NNW",
            "level": "<3级"
          },
          "sunrise": "日出 09:39"
        },
        "night": {
          "date": "19日夜间",
          "weather": "晴",
          "temp": "-19",
          "tempUnit": "°C",
          "wind": {
            "direction": "无持续风向",
            "directionCode": "NNW",
            "level": "<3级"
          },
          "sunset": "日落 18:34"
        }
      }
    },
    {
      "id": "101140101",
      "province": "西藏",
      "city": "拉萨",
      "realtime": {
        "nameen": "lasa",
        "cityname": "拉萨",
        "city": "101140101",
        "temp": "9.5",
        "tempf": "49.1",
        "WD": "东风",
        "wde": "E",
        "WS": "1级",
        "wse": "4km/h",
        "SD": "6%",
        "sd": "6%",
        "qy": "652",
        "njd": "30km",
        "time": "15:55",
        "rain": "0",
        "rain24h": "0",
        "aqi": "28",
        "aqi_pm25": "28",
        "weather": "晴",
        "weathere": "Sunny",
        "weathercode": "d00",
        "limitnumber": "",
        "date": "12月19日(星期四)"
      },
      "weather": {
        "day": {
          "date": "19日白天",
          "weather": "晴",
          "temp": "14",
          "tempUnit": "°C",
          "wind": {
            "direction": "南风",
            "directionCode": "S",
            "level": "3-4级"
          },
          "sunrise": "日出 08:45"
        },
        "night": {
          "date": "19日夜间",
          "weather": "晴",
          "temp": "-6",
          "tempUnit": "°C",
          "wind": {
            "direction": "无持续风向",
            "directionCode": "NNW",
            "level": "<3级"
          },
          "sunset": "日落 19:00"
        }
      }
    },
    {
      "id": "101150101",
      "province": "青海",
      "city": "西宁",
      "realtime": {
        "nameen": "xining",
        "cityname": "西宁",
        "city": "101150101",
        "temp": "2.6",
        "tempf": "36.7",
        "WD": "东风",
        "wde": "E",
        "WS": "2级",
        "wse": "7km/h",
        "SD": "35%",
        "sd": "35%",
        "qy": "756",
        "njd": "11km",
        "time": "15:55",
        "rain": "0",
        "rain24h": "0",
        "aqi": "107",
        "aqi_pm25": "107",
        "weather": "晴",
        "weathere": "Sunny",
        "weathercode": "d00",
        "limitnumber": "",
        "date": "12月19日(星期四)"
      },
      "weather": {
        "day": {
          "date": "19日白天",
          "weather": "晴",
          "temp": "2",
          "tempUnit": "°C",
          "wind": {
            "direction": "无持续风向",
            "directionCode": "NNW",
            "level": "<3级"
          },
          "sunrise": "日出 08:20"
        },
        "night": {
          "date": "19日夜间",
          "weather": "晴",
          "temp": "-12",
          "tempUnit": "°C",
          "wind": {
            "direction": "无持续风向",
            "directionCode": "NNW",
            "level": "<3级"
          },
          "sunset": "日落 17:59"
        }
      }
    },
    {
      "id": "101160101",
      "province": "甘肃",
      "city": "兰州",
      "realtime": {
        "nameen": "lanzhou",
        "cityname": "兰州",
        "city": "101160101",
        "temp": "3.5",
        "tempf": "38.3",
        "WD": "东风",
        "wde": "E",
        "WS": "1级",
        "wse": "4km/h",
        "SD": "31%",
        "sd": "31%",
        "qy": "850",
        "njd": "12km",
        "time": "15:50",
        "rain": "0",
        "rain24h": "0",
        "aqi": "74",
        "aqi_pm25": "74",
        "weather": "晴",
        "weathere": "Sunny",
        "weathercode": "d00",
        "limitnumber": "4和9",
        "date": "12月19日(星期四)"
      },
      "weather": {
        "day": {
          "date": "19日白天",
          "weather": "晴",
          "temp": "1",
          "tempUnit": "°C",
          "wind": {
            "direction": "无持续风向",
            "directionCode": "NNW",
            "level": "<3级"
          },
          "sunrise": "日出 08:10"
        },
        "night": {
          "date": "19日夜间",
          "weather": "晴",
          "temp": "-8",
          "tempUnit": "°C",
          "wind": {
            "direction": "无持续风向",
            "directionCode": "NNW",
            "level": "<3级"
          },
          "sunset": "日落 17:53"
        }
      }
    },
    {
      "id": "101170101",
      "province": "宁夏",
      "city": "银川",
      "realtime": {
        "nameen": "yinchuan",
        "cityname": "银川",
        "city": "101170101",
        "temp": "-0.7",
        "tempf": "30.7",
        "WD": "东北风",
        "wde": "NE",
        "WS": "1级",
        "wse": "4km/h",
        "SD": "49%",
        "sd": "49%",
        "qy": "893",
        "njd": "10km",
        "time": "15:55",
        "rain": "0",
        "rain24h": "0",
        "aqi": "72",
        "aqi_pm25": "72",
        "weather": "晴",
        "weathere": "Sunny",
        "weathercode": "d00",
        "limitnumber": "",
        "date": "12月19日(星期四)"
      },
      "weather": {
        "day": {
          "date": "19日白天",
          "weather": "晴",
          "temp": "0",
          "tempUnit": "°C",
          "wind": {
            "direction": "无持续风向",
            "directionCode": "NNW",
            "level": "<3级"
          },
          "sunrise": "日出 08:07"
        },
        "night": {
          "date": "19日夜间",
          "weather": "晴",
          "temp": "-12",
          "tempUnit": "°C",
          "wind": {
            "direction": "无持续风向",
            "directionCode": "NNW",
            "level": "<3级"
          },
          "sunset": "日落 17:36"
        }
      }
    },
    {
      "id": "101180101",
      "province": "河南",
      "city": "郑州",
      "realtime": {
        "nameen": "zhengzhou",
        "cityname": "郑州",
        "city": "101180101",
        "temp": "3.5",
        "tempf": "38.3",
        "WD": "西南风",
        "wde": "SW",
        "WS": "2级",
        "wse": "11km/h",
        "SD": "32%",
        "sd": "32%",
        "qy": "1015",
        "njd": "25km",
        "time": "15:55",
        "rain": "0",
        "rain24h": "0",
        "aqi": "54",
        "aqi_pm25": "54",
        "weather": "多云",
        "weathere": "Cloudy",
        "weathercode": "d01",
        "limitnumber": "4和9",
        "date": "12月19日(星期四)"
      },
      "weather": {
        "day": {
          "date": "19日白天",
          "weather": "阴",
          "temp": "4",
          "tempUnit": "°C",
          "wind": {
            "direction": "南风",
            "directionCode": "S",
            "level": "<3级"
          },
          "sunrise": "日出 07:27"
        },
        "night": {
          "date": "19日夜间",
          "weather": "晴",
          "temp": "-2",
          "tempUnit": "°C",
          "wind": {
            "direction": "西风",
            "directionCode": "W",
            "level": "<3级"
          },
          "sunset": "日落 17:17"
        }
      }
    },
    {
      "id": "101190101",
      "province": "江苏",
      "city": "南京",
      "realtime": {
        "nameen": "nanjing",
        "cityname": "南京",
        "city": "101190101",
        "temp": "5.8",
        "tempf": "42.4",
        "WD": "东风",
        "wde": "E",
        "WS": "2级",
        "wse": "5km/h",
        "SD": "42%",
        "sd": "42%",
        "qy": "1026",
        "njd": "27km",
        "time": "15:55",
        "rain": "0",
        "rain24h": "0",
        "aqi": "33",
        "aqi_pm25": "33",
        "weather": "多云",
        "weathere": "Cloudy",
        "weathercode": "d01",
        "limitnumber": "",
        "date": "12月19日(星期四)"
      },
      "weather": {
        "day": {
          "date": "19日白天",
          "weather": "阴",
          "temp": "7",
          "tempUnit": "°C",
          "wind": {
            "direction": "东风",
            "directionCode": "E",
            "level": "<3级"
          },
          "sunrise": "日出 07:00"
        },
        "night": {
          "date": "19日夜间",
          "weather": "多云",
          "temp": "0",
          "tempUnit": "°C",
          "wind": {
            "direction": "东风",
            "directionCode": "E",
            "level": "<3级"
          },
          "sunset": "日落 17:03"
        }
      }
    },
    {
      "id": "101200101",
      "province": "湖北",
      "city": "武汉",
      "realtime": {
        "nameen": "wuhan",
        "cityname": "武汉",
        "city": "101200101",
        "temp": "7.1",
        "tempf": "44.8",
        "WD": "北风",
        "wde": "N",
        "WS": "0级",
        "wse": "0km/h",
        "SD": "41%",
        "sd": "41%",
        "qy": "1026",
        "njd": "8km",
        "time": "15:55",
        "rain": "0",
        "rain24h": "0",
        "aqi": "89",
        "aqi_pm25": "89",
        "weather": "多云",
        "weathere": "Cloudy",
        "weathercode": "d01",
        "limitnumber": "双号限行",
        "date": "12月19日(星期四)"
      },
      "weather": {
        "day": {
          "date": "19日白天",
          "weather": "多云",
          "temp": "7",
          "tempUnit": "°C",
          "wind": {
            "direction": "无持续风向",
            "directionCode": "NNW",
            "level": "<3级"
          },
          "sunrise": "日出 07:14"
        },
        "night": {
          "date": "19日夜间",
          "weather": "晴",
          "temp": "-3",
          "tempUnit": "°C",
          "wind": {
            "direction": "无持续风向",
            "directionCode": "NNW",
            "level": "<3级"
          },
          "sunset": "日落 17:25"
        }
      }
    },
    {
      "id": "101210101",
      "province": "浙江",
      "city": "杭州",
      "realtime": {
        "nameen": "hangzhou",
        "cityname": "杭州",
        "city": "101210101",
        "temp": "7.3",
        "tempf": "45.1",
        "WD": "东南风",
        "wde": "SE",
        "WS": "1级",
        "wse": "1km/h",
        "SD": "46%",
        "sd": "46%",
        "qy": "1024",
        "njd": "21km",
        "time": "15:55",
        "rain": "0",
        "rain24h": "0",
        "aqi": "39",
        "aqi_pm25": "39",
        "weather": "多云",
        "weathere": "Cloudy",
        "weathercode": "d01",
        "limitnumber": "4和6",
        "date": "12月19日(星期四)"
      },
      "weather": {
        "day": {
          "date": "19日白天",
          "weather": "阴",
          "temp": "10",
          "tempUnit": "°C",
          "wind": {
            "direction": "东北风",
            "directionCode": "NE",
            "level": "3-4级"
          },
          "sunrise": "日出 06:50"
        },
        "night": {
          "date": "19日夜间",
          "weather": "多云",
          "temp": "2",
          "tempUnit": "°C",
          "wind": {
            "direction": "西南风",
            "directionCode": "SW",
            "level": "3-4级"
          },
          "sunset": "日落 17:02"
        }
      }
    },
    {
      "id": "101220101",
      "province": "安徽",
      "city": "合肥",
      "realtime": {
        "nameen": "hefei",
        "cityname": "合肥",
        "city": "101220101",
        "temp": "5.5",
        "tempf": "41.9",
        "WD": "东风",
        "wde": "E",
        "WS": "2级",
        "wse": "7km/h",
        "SD": "40%",
        "sd": "40%",
        "qy": "1023",
        "njd": "15km",
        "time": "15:55",
        "rain": "0",
        "rain24h": "0",
        "aqi": "54",
        "aqi_pm25": "54",
        "weather": "晴",
        "weathere": "Sunny",
        "weathercode": "d00",
        "limitnumber": "",
        "date": "12月19日(星期四)"
      },
      "weather": {
        "day": {
          "date": "19日白天",
          "weather": "阴",
          "temp": "4",
          "tempUnit": "°C",
          "wind": {
            "direction": "东北风",
            "directionCode": "NE",
            "level": "<3级"
          },
          "sunrise": "日出 07:06"
        },
        "night": {
          "date": "19日夜间",
          "weather": "多云",
          "temp": "-3",
          "tempUnit": "°C",
          "wind": {
            "direction": "西南风",
            "directionCode": "SW",
            "level": "<3级"
          },
          "sunset": "日落 17:10"
        }
      }
    },
    {
      "id": "101230101",
      "province": "福建",
      "city": "福州",
      "realtime": {
        "nameen": "fuzhou",
        "cityname": "福州",
        "city": "101230101",
        "temp": "10.9",
        "tempf": "51.6",
        "WD": "东北风",
        "wde": "NE",
        "WS": "2级",
        "wse": "11km/h",
        "SD": "48%",
        "sd": "48%",
        "qy": "1014",
        "njd": "28km",
        "time": "15:55",
        "rain": "0",
        "rain24h": "0",
        "aqi": "25",
        "aqi_pm25": "25",
        "weather": "晴",
        "weathere": "Sunny",
        "weathercode": "d00",
        "limitnumber": "",
        "date": "12月19日(星期四)"
      },
      "weather": {
        "day": {
          "date": "19日白天",
          "weather": "多云",
          "temp": "13",
          "tempUnit": "°C",
          "wind": {
            "direction": "无持续风向",
            "directionCode": "NNW",
            "level": "<3级"
          },
          "sunrise": "日出 06:44"
        },
        "night": {
          "date": "19日夜间",
          "weather": "多云",
          "temp": "7",
          "tempUnit": "°C",
          "wind": {
            "direction": "无持续风向",
            "directionCode": "NNW",
            "level": "<3级"
          },
          "sunset": "日落 17:15"
        }
      }
    },
    {
      "id": "101240101",
      "province": "江西",
      "city": "南昌",
      "realtime": {
        "nameen": "nanchang",
        "cityname": "南昌",
        "city": "101240101",
        "temp": "8.1",
        "tempf": "46.6",
        "WD": "东风",
        "wde": "E",
        "WS": "2级",
        "wse": "7km/h",
        "SD": "42%",
        "sd": "42%",
        "qy": "1022",
        "njd": "14km",
        "time": "15:55",
        "rain": "0",
        "rain24h": "0",
        "aqi": "54",
        "aqi_pm25": "54",
        "weather": "晴",
        "weathere": "Sunny",
        "weathercode": "d00",
        "limitnumber": "",
        "date": "12月19日(星期四)"
      },
      "weather": {
        "day": {
          "date": "19日白天",
          "weather": "晴",
          "temp": "9",
          "tempUnit": "°C",
          "wind": {
            "direction": "东北风",
            "directionCode": "NE",
            "level": "<3级"
          },
          "sunrise": "日出 07:04"
        },
        "night": {
          "date": "19日夜间",
          "weather": "晴",
          "temp": "1",
          "tempUnit": "°C",
          "wind": {
            "direction": "东北风",
            "directionCode": "NE",
            "level": "<3级"
          },
          "sunset": "日落 17:23"
        }
      }
    },
    {
      "id": "101250101",
      "province": "湖南",
      "city": "长沙",
      "realtime": {
        "nameen": "changsha",
        "cityname": "长沙",
        "city": "101250101",
        "temp": "6.5",
        "tempf": "43.7",
        "WD": "北风",
        "wde": "N",
        "WS": "2级",
        "wse": "5km/h",
        "SD": "51%",
        "sd": "51%",
        "qy": "1013",
        "njd": "6km",
        "time": "15:55",
        "rain": "0",
        "rain24h": "0",
        "aqi": "90",
        "aqi_pm25": "90",
        "weather": "晴",
        "weathere": "Sunny",
        "weathercode": "d00",
        "limitnumber": "",
        "date": "12月19日(星期四)"
      },
      "weather": {
        "day": {
          "date": "19日白天",
          "weather": "多云",
          "temp": "8",
          "tempUnit": "°C",
          "wind": {
            "direction": "北风",
            "directionCode": "N",
            "level": "<3级"
          },
          "sunrise": "日出 07:14"
        },
        "night": {
          "date": "19日夜间",
          "weather": "晴",
          "temp": "0",
          "tempUnit": "°C",
          "wind": {
            "direction": "北风",
            "directionCode": "N",
            "level": "<3级"
          },
          "sunset": "日落 17:35"
        }
      }
    },
    {
      "id": "101260101",
      "province": "贵州",
      "city": "贵阳",
      "realtime": {
        "nameen": "guiyang",
        "cityname": "贵阳",
        "city": "101260101",
        "temp": "5.9",
        "tempf": "42.6",
        "WD": "西北风",
        "wde": "NW",
        "WS": "1级",
        "wse": "3km/h",
        "SD": "52%",
        "sd": "52%",
        "qy": "882",
        "njd": "9km",
        "time": "15:55",
        "rain": "0",
        "rain24h": "0",
        "aqi": "67",
        "aqi_pm25": "67",
        "weather": "阴",
        "weathere": "Overcast",
        "weathercode": "d02",
        "limitnumber": null,
        "date": "12月19日(星期四)"
      },
      "weather": {
        "day": {
          "date": "19日白天",
          "weather": "多云",
          "temp": "11",
          "tempUnit": "°C",
          "wind": {
            "direction": "东南风",
            "directionCode": "SE",
            "level": "<3级"
          },
          "sunrise": "日出 07:36"
        },
        "night": {
          "date": "19日夜间",
          "weather": "多云",
          "temp": "2",
          "tempUnit": "°C",
          "wind": {
            "direction": "东南风",
            "directionCode": "SE",
            "level": "<3级"
          },
          "sunset": "日落 18:04"
        }
      }
    },
    {
      "id": "101270101",
      "province": "四川",
      "city": "成都",
      "realtime": {
        "nameen": "chengdu",
        "cityname": "成都",
        "city": "101270101",
        "temp": "10.7",
        "tempf": "51.3",
        "WD": "西南风",
        "wde": "SW",
        "WS": "1级",
        "wse": "3km/h",
        "SD": "56%",
        "sd": "56%",
        "qy": "962",
        "njd": "5km",
        "time": "15:55",
        "rain": "0",
        "rain24h": "0",
        "aqi": "85",
        "aqi_pm25": "85",
        "weather": "阴",
        "weathere": "Overcast",
        "weathercode": "d02",
        "limitnumber": "4和9",
        "date": "12月19日(星期四)"
      },
      "weather": {
        "day": {
          "date": "19日白天",
          "weather": "多云",
          "temp": "10",
          "tempUnit": "°C",
          "wind": {
            "direction": "北风",
            "directionCode": "N",
            "level": "<3级"
          },
          "sunrise": "日出 07:55"
        },
        "night": {
          "date": "19日夜间",
          "weather": "阴",
          "temp": "5",
          "tempUnit": "°C",
          "wind": {
            "direction": "北风",
            "directionCode": "N",
            "level": "<3级"
          },
          "sunset": "日落 18:05"
        }
      }
    },
    {
      "id": "101280101",
      "province": "广东",
      "city": "广州",
      "realtime": {
        "nameen": "guangzhou",
        "cityname": "广州",
        "city": "101280101",
        "temp": "17.3",
        "tempf": "63.1",
        "WD": "东北风",
        "wde": "NE",
        "WS": "1级",
        "wse": "4km/h",
        "SD": "30%",
        "sd": "30%",
        "qy": "1017",
        "njd": "16km",
        "time": "15:55",
        "rain": "0",
        "rain24h": "0",
        "aqi": "59",
        "aqi_pm25": "59",
        "weather": "晴",
        "weathere": "Sunny",
        "weathercode": "d00",
        "limitnumber": "双号限行",
        "date": "12月19日(星期四)"
      },
      "weather": {
        "day": {
          "date": "19日白天",
          "weather": "晴",
          "temp": "19",
          "tempUnit": "°C",
          "wind": {
            "direction": "无持续风向",
            "directionCode": "NNW",
            "level": "<3级"
          },
          "sunrise": "日出 07:02"
        },
        "night": {
          "date": "19日夜间",
          "weather": "晴",
          "temp": "7",
          "tempUnit": "°C",
          "wind": {
            "direction": "无持续风向",
            "directionCode": "NNW",
            "level": "<3级"
          },
          "sunset": "日落 17:45"
        }
      }
    },
    {
      "id": "101290101",
      "province": "云南",
      "city": "昆明",
      "realtime": {
        "nameen": "kunming",
        "cityname": "昆明",
        "city": "101290101",
        "temp": "12.8",
        "tempf": "55",
        "WD": "南风",
        "wde": "S",
        "WS": "3级",
        "wse": "13km/h",
        "SD": "64%",
        "sd": "64%",
        "qy": "811",
        "njd": "25km",
        "time": "15:50",
        "rain": "0",
        "rain24h": "0",
        "aqi": "22",
        "aqi_pm25": "22",
        "weather": "阴",
        "weathere": "Overcast",
        "weathercode": "d02",
        "limitnumber": "",
        "date": "12月19日(星期四)"
      },
      "weather": {
        "day": {
          "date": "19日白天",
          "weather": "多云",
          "temp": "16",
          "tempUnit": "°C",
          "wind": {
            "direction": "无持续风向",
            "directionCode": "NNW",
            "level": "<3级"
          },
          "sunrise": "日出 07:47"
        },
        "night": {
          "date": "19日夜间",
          "weather": "晴",
          "temp": "5",
          "tempUnit": "°C",
          "wind": {
            "direction": "无持续风向",
            "directionCode": "NNW",
            "level": "<3级"
          },
          "sunset": "日落 18:23"
        }
      }
    },
    {
      "id": "101300101",
      "province": "广西",
      "city": "南宁",
      "realtime": {
        "nameen": "nanning",
        "cityname": "南宁",
        "city": "101300101",
        "temp": "17.6",
        "tempf": "63.7",
        "WD": "东风",
        "wde": "E",
        "WS": "2级",
        "wse": "10km/h",
        "SD": "29%",
        "sd": "29%",
        "qy": "1003",
        "njd": "16km",
        "time": "15:55",
        "rain": "0",
        "rain24h": "0",
        "aqi": "58",
        "aqi_pm25": "58",
        "weather": "晴",
        "weathere": "Sunny",
        "weathercode": "d00",
        "limitnumber": "",
        "date": "12月19日(星期四)"
      },
      "weather": {
        "day": {
          "date": "19日白天",
          "weather": "晴",
          "temp": "20",
          "tempUnit": "°C",
          "wind": {
            "direction": "东北风",
            "directionCode": "NE",
            "level": "<3级"
          },
          "sunrise": "日出 07:21"
        },
        "night": {
          "date": "19日夜间",
          "weather": "晴",
          "temp": "10",
          "tempUnit": "°C",
          "wind": {
            "direction": "东北风",
            "directionCode": "NE",
            "level": "<3级"
          },
          "sunset": "日落 18:05"
        }
      }
    },
    {
      "id": "101310101",
      "province": "海南",
      "city": "海口",
      "realtime": {
        "nameen": "haikou",
        "cityname": "海口",
        "city": "101310101",
        "temp": "18.7",
        "tempf": "65.7",
        "WD": "东北风",
        "wde": "NE",
        "WS": "3级",
        "wse": "18km/h",
        "SD": "65%",
        "sd": "65%",
        "qy": "1011",
        "njd": "20km",
        "time": "15:55",
        "rain": "0",
        "rain24h": "0",
        "aqi": "50",
        "aqi_pm25": "50",
        "weather": "晴",
        "weathere": "Sunny",
        "weathercode": "d00",
        "limitnumber": "",
        "date": "12月19日(星期四)"
      },
      "weather": {
        "day": {
          "date": "19日白天",
          "weather": "多云",
          "temp": "21",
          "tempUnit": "°C",
          "wind": {
            "direction": "无持续风向",
            "directionCode": "NNW",
            "level": "<3级"
          },
          "sunrise": "日出 07:08"
        },
        "night": {
          "date": "19日夜间",
          "weather": "多云",
          "temp": "15",
          "tempUnit": "°C",
          "wind": {
            "direction": "无持续风向",
            "directionCode": "NNW",
            "level": "<3级"
          },
          "sunset": "日落 18:03"
        }
      }
    },
    {
      "id": "101320101",
      "province": "香港",
      "city": "香港",
      "realtime": {
        "nameen": "hongkong",
        "cityname": "香港",
        "city": "101320101",
        "temp": "16.4",
        "tempf": "61.5",
        "WD": "微风",
        "wde": "NWW",
        "WS": "1级",
        "wse": "1km/h",
        "SD": "53%",
        "sd": "53%",
        "qy": "999",
        "njd": "14km",
        "time": "16:00",
        "rain": "0",
        "rain24h": "0",
        "aqi": "60",
        "aqi_pm25": "60",
        "weather": "晴",
        "weathere": "Sunny",
        "weathercode": "d00",
        "limitnumber": "",
        "date": "12月19日(星期四)"
      },
      "weather": {
        "day": {
          "date": "19日白天",
          "weather": "晴",
          "temp": "19",
          "tempUnit": "°C",
          "wind": {
            "direction": "北风",
            "directionCode": "N",
            "level": "4-5级"
          },
          "sunrise": "日出 06:57"
        },
        "night": {
          "date": "19日夜间",
          "weather": "晴",
          "temp": "14",
          "tempUnit": "°C",
          "wind": {
            "direction": "北风",
            "directionCode": "N",
            "level": "4-5级"
          },
          "sunset": "日落 17:43"
        }
      }
    },
    {
      "id": "101330101",
      "province": "澳门",
      "city": "澳门",
      "realtime": {
        "nameen": "macao",
        "cityname": "澳门",
        "city": "101330101",
        "temp": "15",
        "tempf": "59",
        "WD": "微风",
        "wde": "NWW",
        "WS": "1级",
        "wse": "1km/h",
        "SD": "47%",
        "sd": "47%",
        "qy": "1006",
        "njd": "17km",
        "time": "16:00",
        "rain": "0",
        "rain24h": "0",
        "aqi": "60",
        "aqi_pm25": "60",
        "weather": "晴",
        "weathere": "Sunny",
        "weathercode": "d00",
        "limitnumber": "",
        "date": "12月19日(星期四)"
      },
      "weather": {
        "day": {
          "date": "19日白天",
          "weather": "多云",
          "temp": "19",
          "tempUnit": "°C",
          "wind": {
            "direction": "北风",
            "directionCode": "N",
            "level": "3-4级"
          },
          "sunrise": "日出 06:59"
        },
        "night": {
          "date": "19日夜间",
          "weather": "多云",
          "temp": "11",
          "tempUnit": "°C",
          "wind": {
            "direction": "北风",
            "directionCode": "N",
            "level": "3-4级"
          },
          "sunset": "日落 17:46"
        }
      }
    },
    {
      "id": "101340101",
      "province": "台湾",
      "city": "台北",
      "realtime": {
        "nameen": "taibeixian",
        "cityname": "台北",
        "city": "101340101",
        "temp": "13",
        "tempf": "55.4",
        "WD": "微风",
        "wde": "NWW",
        "WS": "1级",
        "wse": "1km/h",
        "SD": "77%",
        "sd": "77%",
        "qy": "1007",
        "njd": "3km",
        "time": "15:20",
        "rain": "0",
        "rain24h": "0",
        "aqi": "70",
        "aqi_pm25": "70",
        "weather": "阴",
        "weathere": "Overcast",
        "weathercode": "d02",
        "limitnumber": "",
        "date": "12月19日(星期四)"
      },
      "weather": {
        "day": {
          "date": "19日白天",
          "weather": "小雨",
          "temp": "14",
          "tempUnit": "°C",
          "wind": {
            "direction": "无持续风向",
            "directionCode": "NNW",
            "level": "<3级"
          },
          "sunrise": "日出 06:33"
        },
        "night": {
          "date": "19日夜间",
          "weather": "小雨",
          "temp": "12",
          "tempUnit": "°C",
          "wind": {
            "direction": "无持续风向",
            "directionCode": "NNW",
            "level": "<3级"
          },
          "sunset": "日落 17:08"
        }
      }
    }
  ]
}
