{
  "timestamp": 1708833824580,
  "lastUpdate": "2024-02-25 12:03:44",
  "data": [
    {
      "id": "101010100",
      "province": "北京",
      "city": "北京",
      "realtime": {
        "nameen": "beijing",
        "cityname": "北京",
        "city": "101010100",
        "temp": "7.2",
        "tempf": "45",
        "WD": "东北风",
        "wde": "NE",
        "WS": "2级",
        "wse": "10km/h",
        "SD": "19%",
        "sd": "19%",
        "qy": "1026",
        "njd": "30km",
        "time": "11:50",
        "rain": "0",
        "rain24h": "0",
        "aqi": "39",
        "aqi_pm25": "39",
        "weather": "晴",
        "weathere": "Sunny",
        "weathercode": "d00",
        "limitnumber": "不限行",
        "date": "02月25日(星期日)"
      },
      "weather": {
        "day": {
          "date": "25日白天",
          "weather": "晴",
          "temp": "8",
          "tempUnit": "°C",
          "wind": {
            "direction": "东北风",
            "directionCode": "NE",
            "level": "<3级"
          },
          "sunrise": "日出 06:54"
        },
        "night": {
          "date": "25日夜间",
          "weather": "多云",
          "temp": "-3",
          "tempUnit": "°C",
          "wind": {
            "direction": "东风",
            "directionCode": "E",
            "level": "<3级"
          },
          "sunset": "日落 18:00"
        }
      }
    },
    {
      "id": "101020100",
      "province": "上海",
      "city": "上海",
      "realtime": {
        "nameen": "shanghai",
        "cityname": "上海",
        "city": "101020100",
        "temp": "1.2",
        "tempf": "34.2",
        "WD": "南风",
        "wde": "S",
        "WS": "1级",
        "wse": "3km/h",
        "SD": "80%",
        "sd": "80%",
        "qy": "1029",
        "njd": "4km",
        "time": "11:50",
        "rain": "0.2",
        "rain24h": "0.2",
        "aqi": "77",
        "aqi_pm25": "77",
        "weather": "阴",
        "weathere": "Overcast",
        "weathercode": "d02",
        "limitnumber": "",
        "date": "02月25日(星期日)"
      },
      "weather": {
        "day": {
          "date": "25日白天",
          "weather": "阴",
          "temp": "3",
          "tempUnit": "°C",
          "wind": {
            "direction": "西北风",
            "directionCode": "NW",
            "level": "3-4级"
          },
          "sunrise": "日出 06:25"
        },
        "night": {
          "date": "25日夜间",
          "weather": "阴",
          "temp": "0",
          "tempUnit": "°C",
          "wind": {
            "direction": "无持续风向",
            "directionCode": "NNW",
            "level": "<3级"
          },
          "sunset": "日落 17:48"
        }
      }
    },
    {
      "id": "101030100",
      "province": "天津",
      "city": "天津",
      "realtime": {
        "nameen": "tianjin",
        "cityname": "天津",
        "city": "101030100",
        "temp": "6.1",
        "tempf": "43",
        "WD": "西北风",
        "wde": "NW",
        "WS": "2级",
        "wse": "8km/h",
        "SD": "22%",
        "sd": "22%",
        "qy": "1030",
        "njd": "29km",
        "time": "11:50",
        "rain": "0",
        "rain24h": "0",
        "aqi": "56",
        "aqi_pm25": "56",
        "weather": "晴",
        "weathere": "Sunny",
        "weathercode": "d00",
        "limitnumber": "不限行",
        "date": "02月25日(星期日)"
      },
      "weather": {
        "day": {
          "date": "25日白天",
          "weather": "晴",
          "temp": "6",
          "tempUnit": "°C",
          "wind": {
            "direction": "北风",
            "directionCode": "N",
            "level": "<3级"
          },
          "sunrise": "日出 06:50"
        },
        "night": {
          "date": "25日夜间",
          "weather": "晴",
          "temp": "-2",
          "tempUnit": "°C",
          "wind": {
            "direction": "东风",
            "directionCode": "E",
            "level": "<3级"
          },
          "sunset": "日落 17:58"
        }
      }
    },
    {
      "id": "101040100",
      "province": "重庆",
      "city": "重庆",
      "realtime": {
        "nameen": "chongqing",
        "cityname": "重庆",
        "city": "101040100",
        "temp": "7.1",
        "tempf": "44.8",
        "WD": "东风",
        "wde": "E",
        "WS": "1级",
        "wse": "4km/h",
        "SD": "80%",
        "sd": "80%",
        "qy": "995",
        "njd": "5km",
        "time": "11:45",
        "rain": "0",
        "rain24h": "0",
        "aqi": "52",
        "aqi_pm25": "52",
        "weather": "多云",
        "weathere": "Cloudy",
        "weathercode": "d01",
        "limitnumber": "不限行",
        "date": "02月25日(星期日)"
      },
      "weather": {
        "day": {
          "date": "25日白天",
          "weather": "小雨",
          "temp": "9",
          "tempUnit": "°C",
          "wind": {
            "direction": "东风",
            "directionCode": "E",
            "level": "<3级"
          },
          "sunrise": "日出 07:24"
        },
        "night": {
          "date": "25日夜间",
          "weather": "阴",
          "temp": "6",
          "tempUnit": "°C",
          "wind": {
            "direction": "东北风",
            "directionCode": "NE",
            "level": "<3级"
          },
          "sunset": "日落 18:49"
        }
      }
    },
    {
      "id": "101050101",
      "province": "黑龙江",
      "city": "哈尔滨",
      "realtime": {
        "nameen": "haerbin",
        "cityname": "哈尔滨",
        "city": "101050101",
        "temp": "-3.5",
        "tempf": "25.7",
        "WD": "西风",
        "wde": "W",
        "WS": "2级",
        "wse": "9km/h",
        "SD": "45%",
        "sd": "45%",
        "qy": "1013",
        "njd": "5km",
        "time": "11:50",
        "rain": "0",
        "rain24h": "0",
        "aqi": "117",
        "aqi_pm25": "117",
        "weather": "霾",
        "weathere": "haze",
        "weathercode": "d53",
        "limitnumber": "",
        "date": "02月25日(星期日)"
      },
      "weather": {
        "day": {
          "date": "25日白天",
          "weather": "晴",
          "temp": "-2",
          "tempUnit": "°C",
          "wind": {
            "direction": "北风",
            "directionCode": "N",
            "level": "<3级"
          },
          "sunrise": "日出 06:20"
        },
        "night": {
          "date": "25日夜间",
          "weather": "晴",
          "temp": "-15",
          "tempUnit": "°C",
          "wind": {
            "direction": "西北风",
            "directionCode": "NW",
            "level": "<3级"
          },
          "sunset": "日落 17:13"
        }
      }
    },
    {
      "id": "101060101",
      "province": "吉林",
      "city": "长春",
      "realtime": {
        "nameen": "changchun",
        "cityname": "长春",
        "city": "101060101",
        "temp": "-4.4",
        "tempf": "24.1",
        "WD": "北风",
        "wde": "N",
        "WS": "3级",
        "wse": "12km/h",
        "SD": "39%",
        "sd": "39%",
        "qy": "999",
        "njd": "8km",
        "time": "11:50",
        "rain": "0",
        "rain24h": "0",
        "aqi": "115",
        "aqi_pm25": "115",
        "weather": "霾",
        "weathere": "haze",
        "weathercode": "d53",
        "limitnumber": "",
        "date": "02月25日(星期日)"
      },
      "weather": {
        "day": {
          "date": "25日白天",
          "weather": "晴",
          "temp": "0",
          "tempUnit": "°C",
          "wind": {
            "direction": "西北风",
            "directionCode": "NW",
            "level": "<3级"
          },
          "sunrise": "日出 06:23"
        },
        "night": {
          "date": "25日夜间",
          "weather": "晴",
          "temp": "-15",
          "tempUnit": "°C",
          "wind": {
            "direction": "西北风",
            "directionCode": "NW",
            "level": "<3级"
          },
          "sunset": "日落 17:20"
        }
      }
    },
    {
      "id": "101070101",
      "province": "辽宁",
      "city": "沈阳",
      "realtime": {
        "nameen": "shenyang",
        "cityname": "沈阳",
        "city": "101070101",
        "temp": "-0.6",
        "tempf": "30.9",
        "WD": "北风",
        "wde": "N",
        "WS": "2级",
        "wse": "11km/h",
        "SD": "35%",
        "sd": "35%",
        "qy": "1023",
        "njd": "30km",
        "time": "11:50",
        "rain": "0",
        "rain24h": "0",
        "aqi": "72",
        "aqi_pm25": "72",
        "weather": "晴",
        "weathere": "Sunny",
        "weathercode": "d00",
        "limitnumber": "",
        "date": "02月25日(星期日)"
      },
      "weather": {
        "day": {
          "date": "25日白天",
          "weather": "晴",
          "temp": "1",
          "tempUnit": "°C",
          "wind": {
            "direction": "北风",
            "directionCode": "N",
            "level": "3-4级"
          },
          "sunrise": "日出 06:28"
        },
        "night": {
          "date": "25日夜间",
          "weather": "晴",
          "temp": "-12",
          "tempUnit": "°C",
          "wind": {
            "direction": "北风",
            "directionCode": "N",
            "level": "3-4级"
          },
          "sunset": "日落 17:30"
        }
      }
    },
    {
      "id": "101080101",
      "province": "内蒙古",
      "city": "呼和浩特",
      "realtime": {
        "nameen": "huhehaote",
        "cityname": "呼和浩特",
        "city": "101080101",
        "temp": "-2.6",
        "tempf": "27.3",
        "WD": "东南风",
        "wde": "SE",
        "WS": "2级",
        "wse": "9km/h",
        "SD": "39%",
        "sd": "39%",
        "qy": "895",
        "njd": "24km",
        "time": "11:50",
        "rain": "0",
        "rain24h": "0",
        "aqi": "63",
        "aqi_pm25": "63",
        "weather": "晴",
        "weathere": "Sunny",
        "weathercode": "d00",
        "limitnumber": "",
        "date": "02月25日(星期日)"
      },
      "weather": {
        "day": {
          "date": "25日白天",
          "weather": "晴",
          "temp": "1",
          "tempUnit": "°C",
          "wind": {
            "direction": "东南风",
            "directionCode": "SE",
            "level": "<3级"
          },
          "sunrise": "日出 07:14"
        },
        "night": {
          "date": "25日夜间",
          "weather": "多云",
          "temp": "-11",
          "tempUnit": "°C",
          "wind": {
            "direction": "西南风",
            "directionCode": "SW",
            "level": "<3级"
          },
          "sunset": "日落 18:18"
        }
      }
    },
    {
      "id": "101090101",
      "province": "河北",
      "city": "石家庄",
      "realtime": {
        "nameen": "shijiazhuang",
        "cityname": "石家庄",
        "city": "101090101",
        "temp": "7",
        "tempf": "44.6",
        "WD": "北风",
        "wde": "N",
        "WS": "2级",
        "wse": "7km/h",
        "SD": "31%",
        "sd": "31%",
        "qy": "1020",
        "njd": "10km",
        "time": "11:45",
        "rain": "0",
        "rain24h": "0",
        "aqi": "89",
        "aqi_pm25": "89",
        "weather": "晴",
        "weathere": "Sunny",
        "weathercode": "d00",
        "limitnumber": "",
        "date": "02月25日(星期日)"
      },
      "weather": {
        "day": {
          "date": "25日白天",
          "weather": "晴",
          "temp": "7",
          "tempUnit": "°C",
          "wind": {
            "direction": "南风",
            "directionCode": "S",
            "level": "<3级"
          },
          "sunrise": "日出 07:00"
        },
        "night": {
          "date": "25日夜间",
          "weather": "多云",
          "temp": "-3",
          "tempUnit": "°C",
          "wind": {
            "direction": "北风",
            "directionCode": "N",
            "level": "<3级"
          },
          "sunset": "日落 18:10"
        }
      }
    },
    {
      "id": "101100101",
      "province": "山西",
      "city": "太原",
      "realtime": {
        "nameen": "taiyuan",
        "cityname": "太原",
        "city": "101100101",
        "temp": "2.6",
        "tempf": "36.7",
        "WD": "西北风",
        "wde": "NW",
        "WS": "2级",
        "wse": "10km/h",
        "SD": "38%",
        "sd": "38%",
        "qy": "937",
        "njd": "7km",
        "time": "11:50",
        "rain": "0",
        "rain24h": "0",
        "aqi": "122",
        "aqi_pm25": "122",
        "weather": "霾",
        "weathere": "haze",
        "weathercode": "d53",
        "limitnumber": "",
        "date": "02月25日(星期日)"
      },
      "weather": {
        "day": {
          "date": "25日白天",
          "weather": "晴",
          "temp": "3",
          "tempUnit": "°C",
          "wind": {
            "direction": "北风",
            "directionCode": "N",
            "level": "<3级"
          },
          "sunrise": "日出 07:07"
        },
        "night": {
          "date": "25日夜间",
          "weather": "多云",
          "temp": "-6",
          "tempUnit": "°C",
          "wind": {
            "direction": "北风",
            "directionCode": "N",
            "level": "<3级"
          },
          "sunset": "日落 18:18"
        }
      }
    },
    {
      "id": "101110101",
      "province": "陕西",
      "city": "西安",
      "realtime": {
        "nameen": "xian",
        "cityname": "西安",
        "city": "101110101",
        "temp": "5",
        "tempf": "41",
        "WD": "北风",
        "wde": "N",
        "WS": "1级",
        "wse": "2km/h",
        "SD": "65%",
        "sd": "65%",
        "qy": "981",
        "njd": "5km",
        "time": "11:50",
        "rain": "0",
        "rain24h": "0",
        "aqi": "122",
        "aqi_pm25": "122",
        "weather": "霾",
        "weathere": "haze",
        "weathercode": "d53",
        "limitnumber": "不限行",
        "date": "02月25日(星期日)"
      },
      "weather": {
        "day": {
          "date": "25日白天",
          "weather": "多云",
          "temp": "9",
          "tempUnit": "°C",
          "wind": {
            "direction": "东北风",
            "directionCode": "NE",
            "level": "<3级"
          },
          "sunrise": "日出 07:18"
        },
        "night": {
          "date": "25日夜间",
          "weather": "阴",
          "temp": "-3",
          "tempUnit": "°C",
          "wind": {
            "direction": "东北风",
            "directionCode": "NE",
            "level": "<3级"
          },
          "sunset": "日落 18:35"
        }
      }
    },
    {
      "id": "101120101",
      "province": "山东",
      "city": "济南",
      "realtime": {
        "nameen": "jinan",
        "cityname": "济南",
        "city": "101120101",
        "temp": "4.7",
        "tempf": "40.5",
        "WD": "西北风",
        "wde": "NW",
        "WS": "2级",
        "wse": "6km/h",
        "SD": "38%",
        "sd": "38%",
        "qy": "1010",
        "njd": "26km",
        "time": "11:50",
        "rain": "0",
        "rain24h": "0",
        "aqi": "60",
        "aqi_pm25": "60",
        "weather": "晴",
        "weathere": "Sunny",
        "weathercode": "d00",
        "limitnumber": "",
        "date": "02月25日(星期日)"
      },
      "weather": {
        "day": {
          "date": "25日白天",
          "weather": "晴",
          "temp": "6",
          "tempUnit": "°C",
          "wind": {
            "direction": "无持续风向",
            "directionCode": "NNW",
            "level": "<3级"
          },
          "sunrise": "日出 06:48"
        },
        "night": {
          "date": "25日夜间",
          "weather": "多云",
          "temp": "-2",
          "tempUnit": "°C",
          "wind": {
            "direction": "无持续风向",
            "directionCode": "NNW",
            "level": "<3级"
          },
          "sunset": "日落 18:01"
        }
      }
    },
    {
      "id": "101130101",
      "province": "新疆",
      "city": "乌鲁木齐",
      "realtime": {
        "nameen": "wulumuqi",
        "cityname": "乌鲁木齐",
        "city": "101130101",
        "temp": "-7.9",
        "tempf": "17.8",
        "WD": "微风",
        "wde": "NWW",
        "WS": "1级",
        "wse": "1km/h",
        "SD": "62%",
        "sd": "62%",
        "qy": "906",
        "njd": "8km",
        "time": "11:20",
        "rain": "0",
        "rain24h": "0",
        "aqi": "97",
        "aqi_pm25": "97",
        "weather": "阴",
        "weathere": "Overcast",
        "weathercode": "d02",
        "limitnumber": "",
        "date": "02月25日(星期日)"
      },
      "weather": {
        "day": {
          "date": "25日白天",
          "weather": "多云",
          "temp": "-6",
          "tempUnit": "°C",
          "wind": {
            "direction": "北风",
            "directionCode": "N",
            "level": "<3级"
          },
          "sunrise": "日出 08:53"
        },
        "night": {
          "date": "25日夜间",
          "weather": "多云",
          "temp": "-12",
          "tempUnit": "°C",
          "wind": {
            "direction": "北风",
            "directionCode": "N",
            "level": "<3级"
          },
          "sunset": "日落 19:51"
        }
      }
    },
    {
      "id": "101140101",
      "province": "西藏",
      "city": "拉萨",
      "realtime": {
        "nameen": "lasa",
        "cityname": "拉萨",
        "city": "101140101",
        "temp": "2.5",
        "tempf": "36.5",
        "WD": "微风",
        "wde": "NWW",
        "WS": "2级",
        "wse": "5km/h",
        "SD": "11%",
        "sd": "11%",
        "qy": "652",
        "njd": "25km",
        "time": "12:00",
        "rain": "0",
        "rain24h": "0",
        "aqi": "33",
        "aqi_pm25": "33",
        "weather": "晴",
        "weathere": "Sunny",
        "weathercode": "d00",
        "limitnumber": "",
        "date": "02月25日(星期日)"
      },
      "weather": {
        "day": {
          "date": "25日白天",
          "weather": "多云",
          "temp": "7",
          "tempUnit": "°C",
          "wind": {
            "direction": "南风",
            "directionCode": "S",
            "level": "4-5级"
          },
          "sunrise": "日出 08:25"
        },
        "night": {
          "date": "25日夜间",
          "weather": "多云",
          "temp": "-5",
          "tempUnit": "°C",
          "wind": {
            "direction": "无持续风向",
            "directionCode": "NNW",
            "level": "<3级"
          },
          "sunset": "日落 19:51"
        }
      }
    },
    {
      "id": "101150101",
      "province": "青海",
      "city": "西宁",
      "realtime": {
        "nameen": "xining",
        "cityname": "西宁",
        "city": "101150101",
        "temp": "-2.8",
        "tempf": "27",
        "WD": "东北风",
        "wde": "NE",
        "WS": "2级",
        "wse": "6km/h",
        "SD": "60%",
        "sd": "60%",
        "qy": "756",
        "njd": "5km",
        "time": "11:50",
        "rain": "0",
        "rain24h": "0",
        "aqi": "142",
        "aqi_pm25": "142",
        "weather": "霾",
        "weathere": "haze",
        "weathercode": "d53",
        "limitnumber": "",
        "date": "02月25日(星期日)"
      },
      "weather": {
        "day": {
          "date": "25日白天",
          "weather": "小雪",
          "temp": "0",
          "tempUnit": "°C",
          "wind": {
            "direction": "无持续风向",
            "directionCode": "NNW",
            "level": "<3级"
          },
          "sunrise": "日出 07:49"
        },
        "night": {
          "date": "25日夜间",
          "weather": "小雪",
          "temp": "-9",
          "tempUnit": "°C",
          "wind": {
            "direction": "无持续风向",
            "directionCode": "NNW",
            "level": "<3级"
          },
          "sunset": "日落 19:02"
        }
      }
    },
    {
      "id": "101160101",
      "province": "甘肃",
      "city": "兰州",
      "realtime": {
        "nameen": "lanzhou",
        "cityname": "兰州",
        "city": "101160101",
        "temp": "-2.8",
        "tempf": "27",
        "WD": "南风",
        "wde": "S",
        "WS": "1级",
        "wse": "3km/h",
        "SD": "65%",
        "sd": "65%",
        "qy": "811",
        "njd": "6km",
        "time": "11:50",
        "rain": "0",
        "rain24h": "0",
        "aqi": "152",
        "aqi_pm25": "152",
        "weather": "阴",
        "weathere": "Overcast",
        "weathercode": "d02",
        "limitnumber": "不限行",
        "date": "02月25日(星期日)"
      },
      "weather": {
        "day": {
          "date": "25日白天",
          "weather": "多云",
          "temp": "4",
          "tempUnit": "°C",
          "wind": {
            "direction": "无持续风向",
            "directionCode": "NNW",
            "level": "<3级"
          },
          "sunrise": "日出 07:40"
        },
        "night": {
          "date": "25日夜间",
          "weather": "小雪",
          "temp": "-5",
          "tempUnit": "°C",
          "wind": {
            "direction": "无持续风向",
            "directionCode": "NNW",
            "level": "<3级"
          },
          "sunset": "日落 18:54"
        }
      }
    },
    {
      "id": "101170101",
      "province": "宁夏",
      "city": "银川",
      "realtime": {
        "nameen": "yinchuan",
        "cityname": "银川",
        "city": "101170101",
        "temp": "-3.9",
        "tempf": "25",
        "WD": "东北风",
        "wde": "NE",
        "WS": "3级",
        "wse": "12km/h",
        "SD": "64%",
        "sd": "64%",
        "qy": "898",
        "njd": "2km",
        "time": "11:50",
        "rain": "0",
        "rain24h": "0",
        "aqi": "169",
        "aqi_pm25": "169",
        "weather": "霾",
        "weathere": "haze",
        "weathercode": "d53",
        "limitnumber": "",
        "date": "02月25日(星期日)"
      },
      "weather": {
        "day": {
          "date": "25日白天",
          "weather": "多云",
          "temp": "1",
          "tempUnit": "°C",
          "wind": {
            "direction": "无持续风向",
            "directionCode": "NNW",
            "level": "<3级"
          },
          "sunrise": "日出 07:33"
        },
        "night": {
          "date": "25日夜间",
          "weather": "阴",
          "temp": "-8",
          "tempUnit": "°C",
          "wind": {
            "direction": "无持续风向",
            "directionCode": "NNW",
            "level": "<3级"
          },
          "sunset": "日落 18:42"
        }
      }
    },
    {
      "id": "101180101",
      "province": "河南",
      "city": "郑州",
      "realtime": {
        "nameen": "zhengzhou",
        "cityname": "郑州",
        "city": "101180101",
        "temp": "7.4",
        "tempf": "45.3",
        "WD": "西北风",
        "wde": "NW",
        "WS": "2级",
        "wse": "7km/h",
        "SD": "48%",
        "sd": "48%",
        "qy": "1017",
        "njd": "6km",
        "time": "11:50",
        "rain": "0",
        "rain24h": "0",
        "aqi": "159",
        "aqi_pm25": "159",
        "weather": "霾",
        "weathere": "haze",
        "weathercode": "d53",
        "limitnumber": "不限行",
        "date": "02月25日(星期日)"
      },
      "weather": {
        "day": {
          "date": "25日白天",
          "weather": "多云",
          "temp": "8",
          "tempUnit": "°C",
          "wind": {
            "direction": "东风",
            "directionCode": "E",
            "level": "<3级"
          },
          "sunrise": "日出 07:00"
        },
        "night": {
          "date": "25日夜间",
          "weather": "阴",
          "temp": "-1",
          "tempUnit": "°C",
          "wind": {
            "direction": "东南风",
            "directionCode": "SE",
            "level": "<3级"
          },
          "sunset": "日落 18:16"
        }
      }
    },
    {
      "id": "101190101",
      "province": "江苏",
      "city": "南京",
      "realtime": {
        "nameen": "nanjing",
        "cityname": "南京",
        "city": "101190101",
        "temp": "2.7",
        "tempf": "36.9",
        "WD": "西北风",
        "wde": "NW",
        "WS": "2级",
        "wse": "7km/h",
        "SD": "62%",
        "sd": "62%",
        "qy": "1026",
        "njd": "8km",
        "time": "11:50",
        "rain": "0",
        "rain24h": "0",
        "aqi": "80",
        "aqi_pm25": "80",
        "weather": "多云",
        "weathere": "Cloudy",
        "weathercode": "d01",
        "limitnumber": "",
        "date": "02月25日(星期日)"
      },
      "weather": {
        "day": {
          "date": "25日白天",
          "weather": "多云",
          "temp": "5",
          "tempUnit": "°C",
          "wind": {
            "direction": "西北风",
            "directionCode": "NW",
            "level": "3-4级"
          },
          "sunrise": "日出 06:37"
        },
        "night": {
          "date": "25日夜间",
          "weather": "多云",
          "temp": "-1",
          "tempUnit": "°C",
          "wind": {
            "direction": "东北风",
            "directionCode": "NE",
            "level": "<3级"
          },
          "sunset": "日落 17:58"
        }
      }
    },
    {
      "id": "101200101",
      "province": "湖北",
      "city": "武汉",
      "realtime": {
        "nameen": "wuhan",
        "cityname": "武汉",
        "city": "101200101",
        "temp": "2.7",
        "tempf": "36.9",
        "WD": "西风",
        "wde": "W",
        "WS": "2级",
        "wse": "5km/h",
        "SD": "61%",
        "sd": "61%",
        "qy": "1029",
        "njd": "8km",
        "time": "11:50",
        "rain": "0",
        "rain24h": "0",
        "aqi": "74",
        "aqi_pm25": "74",
        "weather": "阴",
        "weathere": "Overcast",
        "weathercode": "d02",
        "limitnumber": "不限行",
        "date": "02月25日(星期日)"
      },
      "weather": {
        "day": {
          "date": "25日白天",
          "weather": "晴",
          "temp": "5",
          "tempUnit": "°C",
          "wind": {
            "direction": "无持续风向",
            "directionCode": "NNW",
            "level": "<3级"
          },
          "sunrise": "日出 06:54"
        },
        "night": {
          "date": "25日夜间",
          "weather": "雨夹雪",
          "temp": "-2",
          "tempUnit": "°C",
          "wind": {
            "direction": "无持续风向",
            "directionCode": "NNW",
            "level": "<3级"
          },
          "sunset": "日落 18:17"
        }
      }
    },
    {
      "id": "101210101",
      "province": "浙江",
      "city": "杭州",
      "realtime": {
        "nameen": "hangzhou",
        "cityname": "杭州",
        "city": "101210101",
        "temp": "2.1",
        "tempf": "35.8",
        "WD": "北风",
        "wde": "N",
        "WS": "3级",
        "wse": "16km/h",
        "SD": "61%",
        "sd": "61%",
        "qy": "1025",
        "njd": "8km",
        "time": "11:45",
        "rain": "0",
        "rain24h": "0",
        "aqi": "67",
        "aqi_pm25": "67",
        "weather": "阴",
        "weathere": "Overcast",
        "weathercode": "d02",
        "limitnumber": "不限行",
        "date": "02月25日(星期日)"
      },
      "weather": {
        "day": {
          "date": "25日白天",
          "weather": "多云",
          "temp": "6",
          "tempUnit": "°C",
          "wind": {
            "direction": "西北风",
            "directionCode": "NW",
            "level": "4-5级"
          },
          "sunrise": "日出 06:30"
        },
        "night": {
          "date": "25日夜间",
          "weather": "小雨",
          "temp": "0",
          "tempUnit": "°C",
          "wind": {
            "direction": "无持续风向",
            "directionCode": "NNW",
            "level": "<3级"
          },
          "sunset": "日落 17:54"
        }
      }
    },
    {
      "id": "101220101",
      "province": "安徽",
      "city": "合肥",
      "realtime": {
        "nameen": "hefei",
        "cityname": "合肥",
        "city": "101220101",
        "temp": "2",
        "tempf": "35.6",
        "WD": "西风",
        "wde": "W",
        "WS": "2级",
        "wse": "8km/h",
        "SD": "58%",
        "sd": "58%",
        "qy": "1025",
        "njd": "10km",
        "time": "11:50",
        "rain": "0",
        "rain24h": "0",
        "aqi": "72",
        "aqi_pm25": "72",
        "weather": "多云",
        "weathere": "Cloudy",
        "weathercode": "d01",
        "limitnumber": "",
        "date": "02月25日(星期日)"
      },
      "weather": {
        "day": {
          "date": "25日白天",
          "weather": "雨夹雪",
          "temp": "5",
          "tempUnit": "°C",
          "wind": {
            "direction": "北风",
            "directionCode": "N",
            "level": "<3级"
          },
          "sunrise": "日出 06:43"
        },
        "night": {
          "date": "25日夜间",
          "weather": "阴",
          "temp": "-1",
          "tempUnit": "°C",
          "wind": {
            "direction": "东北风",
            "directionCode": "NE",
            "level": "<3级"
          },
          "sunset": "日落 18:05"
        }
      }
    },
    {
      "id": "101230101",
      "province": "福建",
      "city": "福州",
      "realtime": {
        "nameen": "fuzhou",
        "cityname": "福州",
        "city": "101230101",
        "temp": "9.9",
        "tempf": "49.8",
        "WD": "南风",
        "wde": "S",
        "WS": "2级",
        "wse": "7km/h",
        "SD": "98%",
        "sd": "98%",
        "qy": "1014",
        "njd": "7km",
        "time": "11:50",
        "rain": "0",
        "rain24h": "0",
        "aqi": "18",
        "aqi_pm25": "18",
        "weather": "多云",
        "weathere": "Cloudy",
        "weathercode": "d01",
        "limitnumber": "",
        "date": "02月25日(星期日)"
      },
      "weather": {
        "day": {
          "date": "25日白天",
          "weather": "阴",
          "temp": "13",
          "tempUnit": "°C",
          "wind": {
            "direction": "东风",
            "directionCode": "E",
            "level": "<3级"
          },
          "sunrise": "日出 06:30"
        },
        "night": {
          "date": "25日夜间",
          "weather": "小雨",
          "temp": "9",
          "tempUnit": "°C",
          "wind": {
            "direction": "东北风",
            "directionCode": "NE",
            "level": "<3级"
          },
          "sunset": "日落 18:01"
        }
      }
    },
    {
      "id": "101240101",
      "province": "江西",
      "city": "南昌",
      "realtime": {
        "nameen": "nanchang",
        "cityname": "南昌",
        "city": "101240101",
        "temp": "2.5",
        "tempf": "36.5",
        "WD": "东风",
        "wde": "E",
        "WS": "2级",
        "wse": "5km/h",
        "SD": "79%",
        "sd": "79%",
        "qy": "1025",
        "njd": "6km",
        "time": "11:45",
        "rain": "0",
        "rain24h": "0",
        "aqi": "73",
        "aqi_pm25": "73",
        "weather": "阴",
        "weathere": "Overcast",
        "weathercode": "d02",
        "limitnumber": "",
        "date": "02月25日(星期日)"
      },
      "weather": {
        "day": {
          "date": "25日白天",
          "weather": "多云",
          "temp": "5",
          "tempUnit": "°C",
          "wind": {
            "direction": "东北风",
            "directionCode": "NE",
            "level": "<3级"
          },
          "sunrise": "日出 06:46"
        },
        "night": {
          "date": "25日夜间",
          "weather": "小雨",
          "temp": "1",
          "tempUnit": "°C",
          "wind": {
            "direction": "东北风",
            "directionCode": "NE",
            "level": "<3级"
          },
          "sunset": "日落 18:13"
        }
      }
    },
    {
      "id": "101250101",
      "province": "湖南",
      "city": "长沙",
      "realtime": {
        "nameen": "changsha",
        "cityname": "长沙",
        "city": "101250101",
        "temp": "2.4",
        "tempf": "36.3",
        "WD": "西北风",
        "wde": "NW",
        "WS": "1级",
        "wse": "3km/h",
        "SD": "75%",
        "sd": "75%",
        "qy": "1027",
        "njd": "5km",
        "time": "11:50",
        "rain": "0",
        "rain24h": "0",
        "aqi": "67",
        "aqi_pm25": "67",
        "weather": "多云",
        "weathere": "Cloudy",
        "weathercode": "d01",
        "limitnumber": "",
        "date": "02月25日(星期日)"
      },
      "weather": {
        "day": {
          "date": "25日白天",
          "weather": "雨夹雪",
          "temp": "3",
          "tempUnit": "°C",
          "wind": {
            "direction": "北风",
            "directionCode": "N",
            "level": "<3级"
          },
          "sunrise": "日出 06:57"
        },
        "night": {
          "date": "25日夜间",
          "weather": "小雨",
          "temp": "0",
          "tempUnit": "°C",
          "wind": {
            "direction": "西北风",
            "directionCode": "NW",
            "level": "<3级"
          },
          "sunset": "日落 18:25"
        }
      }
    },
    {
      "id": "101260101",
      "province": "贵州",
      "city": "贵阳",
      "realtime": {
        "nameen": "guiyang",
        "cityname": "贵阳",
        "city": "101260101",
        "temp": "0.4",
        "tempf": "32.7",
        "WD": "北风",
        "wde": "N",
        "WS": "1级",
        "wse": "3km/h",
        "SD": "96%",
        "sd": "96%",
        "qy": "883",
        "njd": "29km",
        "time": "11:50",
        "rain": "0",
        "rain24h": "0",
        "aqi": "16",
        "aqi_pm25": "16",
        "weather": "阴",
        "weathere": "Overcast",
        "weathercode": "d02",
        "limitnumber": null,
        "date": "02月25日(星期日)"
      },
      "weather": {
        "day": {
          "date": "25日白天",
          "weather": "阴",
          "temp": "5",
          "tempUnit": "°C",
          "wind": {
            "direction": "东风",
            "directionCode": "E",
            "level": "<3级"
          },
          "sunrise": "日出 07:21"
        },
        "night": {
          "date": "25日夜间",
          "weather": "小雨",
          "temp": "-1",
          "tempUnit": "°C",
          "wind": {
            "direction": "东北风",
            "directionCode": "NE",
            "level": "<3级"
          },
          "sunset": "日落 18:51"
        }
      }
    },
    {
      "id": "101270101",
      "province": "四川",
      "city": "成都",
      "realtime": {
        "nameen": "chengdu",
        "cityname": "成都",
        "city": "101270101",
        "temp": "7.2",
        "tempf": "45",
        "WD": "北风",
        "wde": "N",
        "WS": "1级",
        "wse": "3km/h",
        "SD": "62%",
        "sd": "62%",
        "qy": "966",
        "njd": "3km",
        "time": "11:50",
        "rain": "0",
        "rain24h": "0",
        "aqi": "55",
        "aqi_pm25": "55",
        "weather": "多云",
        "weathere": "Cloudy",
        "weathercode": "d01",
        "limitnumber": "不限行",
        "date": "02月25日(星期日)"
      },
      "weather": {
        "day": {
          "date": "25日白天",
          "weather": "阴",
          "temp": "10",
          "tempUnit": "°C",
          "wind": {
            "direction": "南风",
            "directionCode": "S",
            "level": "<3级"
          },
          "sunrise": "日出 07:35"
        },
        "night": {
          "date": "25日夜间",
          "weather": "小雨",
          "temp": "3",
          "tempUnit": "°C",
          "wind": {
            "direction": "南风",
            "directionCode": "S",
            "level": "<3级"
          },
          "sunset": "日落 18:58"
        }
      }
    },
    {
      "id": "101280101",
      "province": "广东",
      "city": "广州",
      "realtime": {
        "nameen": "guangzhou",
        "cityname": "广州",
        "city": "101280101",
        "temp": "9.7",
        "tempf": "49.5",
        "WD": "东风",
        "wde": "E",
        "WS": "1级",
        "wse": "3km/h",
        "SD": "75%",
        "sd": "75%",
        "qy": "1020",
        "njd": "27km",
        "time": "11:45",
        "rain": "0",
        "rain24h": "0",
        "aqi": "13",
        "aqi_pm25": "13",
        "weather": "阴",
        "weathere": "Overcast",
        "weathercode": "d02",
        "limitnumber": "不限行",
        "date": "02月25日(星期日)"
      },
      "weather": {
        "day": {
          "date": "25日白天",
          "weather": "阴",
          "temp": "12",
          "tempUnit": "°C",
          "wind": {
            "direction": "无持续风向",
            "directionCode": "NNW",
            "level": "<3级"
          },
          "sunrise": "日出 06:52"
        },
        "night": {
          "date": "25日夜间",
          "weather": "多云",
          "temp": "7",
          "tempUnit": "°C",
          "wind": {
            "direction": "无持续风向",
            "directionCode": "NNW",
            "level": "<3级"
          },
          "sunset": "日落 18:27"
        }
      }
    },
    {
      "id": "101290101",
      "province": "云南",
      "city": "昆明",
      "realtime": {
        "nameen": "kunming",
        "cityname": "昆明",
        "city": "101290101",
        "temp": "19.2",
        "tempf": "66.6",
        "WD": "西南风",
        "wde": "SW",
        "WS": "4级",
        "wse": "20km/h",
        "SD": "36%",
        "sd": "36%",
        "qy": "813",
        "njd": "19km",
        "time": "11:40",
        "rain": "0",
        "rain24h": "0",
        "aqi": "51",
        "aqi_pm25": "51",
        "weather": "晴",
        "weathere": "Sunny",
        "weathercode": "d00",
        "limitnumber": "",
        "date": "02月25日(星期日)"
      },
      "weather": {
        "day": {
          "date": "25日白天",
          "weather": "晴",
          "temp": "22",
          "tempUnit": "°C",
          "wind": {
            "direction": "西南风",
            "directionCode": "SW",
            "level": "3-4级"
          },
          "sunrise": "日出 07:35"
        },
        "night": {
          "date": "25日夜间",
          "weather": "晴",
          "temp": "8",
          "tempUnit": "°C",
          "wind": {
            "direction": "无持续风向",
            "directionCode": "NNW",
            "level": "<3级"
          },
          "sunset": "日落 19:08"
        }
      }
    },
    {
      "id": "101300101",
      "province": "广西",
      "city": "南宁",
      "realtime": {
        "nameen": "nanning",
        "cityname": "南宁",
        "city": "101300101",
        "temp": "6.5",
        "tempf": "43.7",
        "WD": "东北风",
        "wde": "NE",
        "WS": "2级",
        "wse": "5km/h",
        "SD": "92%",
        "sd": "92%",
        "qy": "1002",
        "njd": "18km",
        "time": "11:50",
        "rain": "0",
        "rain24h": "0",
        "aqi": "11",
        "aqi_pm25": "11",
        "weather": "阴",
        "weathere": "Overcast",
        "weathercode": "d02",
        "limitnumber": "",
        "date": "02月25日(星期日)"
      },
      "weather": {
        "day": {
          "date": "25日白天",
          "weather": "小雨",
          "temp": "8",
          "tempUnit": "°C",
          "wind": {
            "direction": "东北风",
            "directionCode": "NE",
            "level": "<3级"
          },
          "sunrise": "日出 07:11"
        },
        "night": {
          "date": "25日夜间",
          "weather": "阴",
          "temp": "5",
          "tempUnit": "°C",
          "wind": {
            "direction": "东北风",
            "directionCode": "NE",
            "level": "<3级"
          },
          "sunset": "日落 18:47"
        }
      }
    },
    {
      "id": "101310101",
      "province": "海南",
      "city": "海口",
      "realtime": {
        "nameen": "haikou",
        "cityname": "海口",
        "city": "101310101",
        "temp": "17.8",
        "tempf": "64",
        "WD": "东北风",
        "wde": "NE",
        "WS": "2级",
        "wse": "11km/h",
        "SD": "91%",
        "sd": "91%",
        "qy": "1013",
        "njd": "5km",
        "time": "11:50",
        "rain": "0",
        "rain24h": "0",
        "aqi": "39",
        "aqi_pm25": "39",
        "weather": "雾",
        "weathere": "Foggy",
        "weathercode": "d18",
        "limitnumber": "",
        "date": "02月25日(星期日)"
      },
      "weather": {
        "day": {
          "date": "25日白天",
          "weather": "小雨",
          "temp": "21",
          "tempUnit": "°C",
          "wind": {
            "direction": "东风",
            "directionCode": "E",
            "level": "3-4级"
          },
          "sunrise": "日出 07:01"
        },
        "night": {
          "date": "25日夜间",
          "weather": "小雨",
          "temp": "16",
          "tempUnit": "°C",
          "wind": {
            "direction": "东风",
            "directionCode": "E",
            "level": "3-4级"
          },
          "sunset": "日落 18:41"
        }
      }
    },
    {
      "id": "101320101",
      "province": "香港",
      "city": "香港",
      "realtime": {
        "nameen": "hongkong",
        "cityname": "香港",
        "city": "101320101",
        "temp": "15.1",
        "tempf": "59.2",
        "WD": "微风",
        "wde": "NWW",
        "WS": "2级",
        "wse": "5km/h",
        "SD": "78%",
        "sd": "78%",
        "qy": "998",
        "njd": "26km",
        "time": "12:00",
        "rain": "0",
        "rain24h": "0",
        "aqi": "18",
        "aqi_pm25": "18",
        "weather": "阴",
        "weathere": "Overcast",
        "weathercode": "d02",
        "limitnumber": "",
        "date": "02月25日(星期日)"
      },
      "weather": {
        "day": {
          "date": "25日白天",
          "weather": "多云",
          "temp": "21",
          "tempUnit": "°C",
          "wind": {
            "direction": "北风",
            "directionCode": "N",
            "level": "3-4级"
          },
          "sunrise": "日出 06:48"
        },
        "night": {
          "date": "25日夜间",
          "weather": "多云",
          "temp": "15",
          "tempUnit": "°C",
          "wind": {
            "direction": "北风",
            "directionCode": "N",
            "level": "3-4级"
          },
          "sunset": "日落 18:24"
        }
      }
    },
    {
      "id": "101330101",
      "province": "澳门",
      "city": "澳门",
      "realtime": {
        "nameen": "macao",
        "cityname": "澳门",
        "city": "101330101",
        "temp": "13.2",
        "tempf": "55.8",
        "WD": "微风",
        "wde": "NWW",
        "WS": "3级",
        "wse": "12km/h",
        "SD": "81%",
        "sd": "81%",
        "qy": "1007",
        "njd": "20km",
        "time": "12:00",
        "rain": "0",
        "rain24h": "0",
        "aqi": "22",
        "aqi_pm25": "22",
        "weather": "多云",
        "weathere": "Cloudy",
        "weathercode": "d01",
        "limitnumber": "",
        "date": "02月25日(星期日)"
      },
      "weather": {
        "day": {
          "date": "25日白天",
          "weather": "多云",
          "temp": "19",
          "tempUnit": "°C",
          "wind": {
            "direction": "无持续风向",
            "directionCode": "NNW",
            "level": "<3级"
          },
          "sunrise": "日出 06:50"
        },
        "night": {
          "date": "25日夜间",
          "weather": "多云",
          "temp": "11",
          "tempUnit": "°C",
          "wind": {
            "direction": "无持续风向",
            "directionCode": "NNW",
            "level": "<3级"
          },
          "sunset": "日落 18:27"
        }
      }
    },
    {
      "id": "101340101",
      "province": "台湾",
      "city": "台北",
      "realtime": {
        "nameen": "taibeixian",
        "cityname": "台北",
        "city": "101340101",
        "temp": "13.6",
        "tempf": "56.5",
        "WD": "微风",
        "wde": "NWW",
        "WS": "3级",
        "wse": "12km/h",
        "SD": "85%",
        "sd": "85%",
        "qy": "1007",
        "njd": "13km",
        "time": "11:30",
        "rain": "0",
        "rain24h": "0",
        "aqi": "74",
        "aqi_pm25": "74",
        "weather": "阴",
        "weathere": "Overcast",
        "weathercode": "d02",
        "limitnumber": "",
        "date": "02月25日(星期日)"
      },
      "weather": {
        "day": {
          "date": "25日白天",
          "weather": "小雨",
          "temp": "13",
          "tempUnit": "°C",
          "wind": {
            "direction": "无持续风向",
            "directionCode": "NNW",
            "level": "<3级"
          },
          "sunrise": "日出 06:20"
        },
        "night": {
          "date": "25日夜间",
          "weather": "小雨",
          "temp": "11",
          "tempUnit": "°C",
          "wind": {
            "direction": "无持续风向",
            "directionCode": "NNW",
            "level": "<3级"
          },
          "sunset": "日落 17:53"
        }
      }
    }
  ]
}
