{
  "timestamp": 1713215015183,
  "lastUpdate": "2024-04-16 05:03:35",
  "data": [
    {
      "id": "101010100",
      "province": "北京",
      "city": "北京",
      "realtime": {
        "nameen": "beijing",
        "cityname": "北京",
        "city": "101010100",
        "temp": "8.2",
        "tempf": "46.8",
        "WD": "西南风",
        "wde": "SW",
        "WS": "1级",
        "wse": "3km/h",
        "SD": "45%",
        "sd": "45%",
        "qy": "1010",
        "njd": "19km",
        "time": "04:45",
        "rain": "0",
        "rain24h": "0",
        "aqi": "59",
        "aqi_pm25": "59",
        "weather": "多云",
        "weathere": "Cloudy",
        "weathercode": "d01",
        "limitnumber": "1和6",
        "date": "04月16日(星期二)"
      },
      "weather": {
        "day": {
          "date": "15日夜间",
          "weather": "晴",
          "temp": "11",
          "tempUnit": "°C",
          "wind": {
            "direction": "北风",
            "directionCode": "N",
            "level": "<3级"
          },
          "sunrise": "日落 18:52"
        },
        "night": {
          "date": "16日白天",
          "weather": "晴",
          "temp": "26",
          "tempUnit": "°C",
          "wind": {
            "direction": "西南风",
            "directionCode": "SW",
            "level": "<3级"
          },
          "sunset": "日出 05:36"
        }
      }
    },
    {
      "id": "101020100",
      "province": "上海",
      "city": "上海",
      "realtime": {
        "nameen": "shanghai",
        "cityname": "上海",
        "city": "101020100",
        "temp": "17.4",
        "tempf": "63.3",
        "WD": "北风",
        "wde": "N",
        "WS": "2级",
        "wse": "11km/h",
        "SD": "83%",
        "sd": "83%",
        "qy": "1012",
        "njd": "5km",
        "time": "04:45",
        "rain": "0",
        "rain24h": "0",
        "aqi": "52",
        "aqi_pm25": "52",
        "weather": "雾",
        "weathere": "Foggy",
        "weathercode": "d18",
        "limitnumber": "",
        "date": "04月16日(星期二)"
      },
      "weather": {
        "day": {
          "date": "15日夜间",
          "weather": "阴",
          "temp": "16",
          "tempUnit": "°C",
          "wind": {
            "direction": "无持续风向",
            "directionCode": "NNW",
            "level": "<3级"
          },
          "sunrise": "日落 18:22"
        },
        "night": {
          "date": "16日白天",
          "weather": "小雨",
          "temp": "23",
          "tempUnit": "°C",
          "wind": {
            "direction": "无持续风向",
            "directionCode": "NNW",
            "level": "<3级"
          },
          "sunset": "日出 05:25"
        }
      }
    },
    {
      "id": "101030100",
      "province": "天津",
      "city": "天津",
      "realtime": {
        "nameen": "tianjin",
        "cityname": "天津",
        "city": "101030100",
        "temp": "12.5",
        "tempf": "54.5",
        "WD": "西南风",
        "wde": "SW",
        "WS": "1级",
        "wse": "1km/h",
        "SD": "32%",
        "sd": "32%",
        "qy": "1014",
        "njd": "30km",
        "time": "04:45",
        "rain": "0",
        "rain24h": "0",
        "aqi": "65",
        "aqi_pm25": "65",
        "weather": "晴",
        "weathere": "Sunny",
        "weathercode": "d00",
        "limitnumber": "1和6",
        "date": "04月16日(星期二)"
      },
      "weather": {
        "day": {
          "date": "15日夜间",
          "weather": "晴",
          "temp": "13",
          "tempUnit": "°C",
          "wind": {
            "direction": "西北风",
            "directionCode": "NW",
            "level": "4-5级"
          },
          "sunrise": "日落 18:48"
        },
        "night": {
          "date": "16日白天",
          "weather": "晴",
          "temp": "25",
          "tempUnit": "°C",
          "wind": {
            "direction": "北风",
            "directionCode": "N",
            "level": "<3级"
          },
          "sunset": "日出 05:33"
        }
      }
    },
    {
      "id": "101040100",
      "province": "重庆",
      "city": "重庆",
      "realtime": {
        "nameen": "chongqing",
        "cityname": "重庆",
        "city": "101040100",
        "temp": "20.7",
        "tempf": "69.3",
        "WD": "西风",
        "wde": "W",
        "WS": "2级",
        "wse": "10km/h",
        "SD": "89%",
        "sd": "89%",
        "qy": "976",
        "njd": "12km",
        "time": "04:45",
        "rain": "2.1",
        "rain24h": "2.1",
        "aqi": "43",
        "aqi_pm25": "43",
        "weather": "小雨",
        "weathere": "Light rain",
        "weathercode": "d07",
        "limitnumber": "2和7",
        "date": "04月16日(星期二)"
      },
      "weather": {
        "day": {
          "date": "15日夜间",
          "weather": "中雨",
          "temp": "20",
          "tempUnit": "°C",
          "wind": {
            "direction": "东风",
            "directionCode": "E",
            "level": "<3级"
          },
          "sunrise": "日落 19:20"
        },
        "night": {
          "date": "16日白天",
          "weather": "小雨",
          "temp": "29",
          "tempUnit": "°C",
          "wind": {
            "direction": "东南风",
            "directionCode": "SE",
            "level": "<3级"
          },
          "sunset": "日出 06:26"
        }
      }
    },
    {
      "id": "101050101",
      "province": "黑龙江",
      "city": "哈尔滨",
      "realtime": {
        "nameen": "haerbin",
        "cityname": "哈尔滨",
        "city": "101050101",
        "temp": "9",
        "tempf": "48.2",
        "WD": "西风",
        "wde": "W",
        "WS": "2级",
        "wse": "7km/h",
        "SD": "87%",
        "sd": "87%",
        "qy": "989",
        "njd": "10km",
        "time": "04:45",
        "rain": "0",
        "rain24h": "0",
        "aqi": "94",
        "aqi_pm25": "94",
        "weather": "多云",
        "weathere": "Cloudy",
        "weathercode": "d01",
        "limitnumber": "",
        "date": "04月16日(星期二)"
      },
      "weather": {
        "day": {
          "date": "15日夜间",
          "weather": "小雨",
          "temp": "7",
          "tempUnit": "°C",
          "wind": {
            "direction": "西南风",
            "directionCode": "SW",
            "level": "<3级"
          },
          "sunrise": "日落 18:20"
        },
        "night": {
          "date": "16日白天",
          "weather": "多云",
          "temp": "17",
          "tempUnit": "°C",
          "wind": {
            "direction": "西北风",
            "directionCode": "NW",
            "level": "<3级"
          },
          "sunset": "日出 04:47"
        }
      }
    },
    {
      "id": "101060101",
      "province": "吉林",
      "city": "长春",
      "realtime": {
        "nameen": "changchun",
        "cityname": "长春",
        "city": "101060101",
        "temp": "6.8",
        "tempf": "44.2",
        "WD": "西风",
        "wde": "W",
        "WS": "2级",
        "wse": "6km/h",
        "SD": "81%",
        "sd": "81%",
        "qy": "978",
        "njd": "10km",
        "time": "04:45",
        "rain": "0",
        "rain24h": "0",
        "aqi": "152",
        "aqi_pm25": "152",
        "weather": "晴",
        "weathere": "Sunny",
        "weathercode": "d00",
        "limitnumber": "",
        "date": "04月16日(星期二)"
      },
      "weather": {
        "day": {
          "date": "15日夜间",
          "weather": "多云",
          "temp": "6",
          "tempUnit": "°C",
          "wind": {
            "direction": "西北风",
            "directionCode": "NW",
            "level": "<3级"
          },
          "sunrise": "日落 18:22"
        },
        "night": {
          "date": "16日白天",
          "weather": "晴",
          "temp": "17",
          "tempUnit": "°C",
          "wind": {
            "direction": "西北风",
            "directionCode": "NW",
            "level": "<3级"
          },
          "sunset": "日出 04:55"
        }
      }
    },
    {
      "id": "101070101",
      "province": "辽宁",
      "city": "沈阳",
      "realtime": {
        "nameen": "shenyang",
        "cityname": "沈阳",
        "city": "101070101",
        "temp": "7.7",
        "tempf": "45.9",
        "WD": "西南风",
        "wde": "SW",
        "WS": "1级",
        "wse": "4km/h",
        "SD": "82%",
        "sd": "82%",
        "qy": "1003",
        "njd": "30km",
        "time": "04:45",
        "rain": "0",
        "rain24h": "0",
        "aqi": "117",
        "aqi_pm25": "117",
        "weather": "晴",
        "weathere": "Sunny",
        "weathercode": "d00",
        "limitnumber": "",
        "date": "04月16日(星期二)"
      },
      "weather": {
        "day": {
          "date": "15日夜间",
          "weather": "晴",
          "temp": "7",
          "tempUnit": "°C",
          "wind": {
            "direction": "西北风",
            "directionCode": "NW",
            "level": "<3级"
          },
          "sunrise": "日落 18:26"
        },
        "night": {
          "date": "16日白天",
          "weather": "晴",
          "temp": "19",
          "tempUnit": "°C",
          "wind": {
            "direction": "西北风",
            "directionCode": "NW",
            "level": "3-4级"
          },
          "sunset": "日出 05:05"
        }
      }
    },
    {
      "id": "101080101",
      "province": "内蒙古",
      "city": "呼和浩特",
      "realtime": {
        "nameen": "huhehaote",
        "cityname": "呼和浩特",
        "city": "101080101",
        "temp": "3.8",
        "tempf": "38.8",
        "WD": "西北风",
        "wde": "NW",
        "WS": "3级",
        "wse": "14km/h",
        "SD": "33%",
        "sd": "33%",
        "qy": "888",
        "njd": "30km",
        "time": "04:45",
        "rain": "0",
        "rain24h": "0",
        "aqi": "33",
        "aqi_pm25": "33",
        "weather": "多云",
        "weathere": "Cloudy",
        "weathercode": "d01",
        "limitnumber": "",
        "date": "04月16日(星期二)"
      },
      "weather": {
        "day": {
          "date": "15日夜间",
          "weather": "阴",
          "temp": "0",
          "tempUnit": "°C",
          "wind": {
            "direction": "无持续风向",
            "directionCode": "NNW",
            "level": "<3级"
          },
          "sunrise": "日落 19:12"
        },
        "night": {
          "date": "16日白天",
          "weather": "多云",
          "temp": "18",
          "tempUnit": "°C",
          "wind": {
            "direction": "无持续风向",
            "directionCode": "NNW",
            "level": "<3级"
          },
          "sunset": "日出 05:53"
        }
      }
    },
    {
      "id": "101090101",
      "province": "河北",
      "city": "石家庄",
      "realtime": {
        "nameen": "shijiazhuang",
        "cityname": "石家庄",
        "city": "101090101",
        "temp": "13.6",
        "tempf": "56.5",
        "WD": "北风",
        "wde": "N",
        "WS": "2级",
        "wse": "7km/h",
        "SD": "42%",
        "sd": "42%",
        "qy": "1004",
        "njd": "22km",
        "time": "04:45",
        "rain": "0",
        "rain24h": "0",
        "aqi": "83",
        "aqi_pm25": "83",
        "weather": "晴",
        "weathere": "Sunny",
        "weathercode": "d00",
        "limitnumber": "",
        "date": "04月16日(星期二)"
      },
      "weather": {
        "day": {
          "date": "15日夜间",
          "weather": "晴",
          "temp": "10",
          "tempUnit": "°C",
          "wind": {
            "direction": "西风",
            "directionCode": "W",
            "level": "<3级"
          },
          "sunrise": "日落 18:57"
        },
        "night": {
          "date": "16日白天",
          "weather": "晴",
          "temp": "22",
          "tempUnit": "°C",
          "wind": {
            "direction": "东南风",
            "directionCode": "SE",
            "level": "<3级"
          },
          "sunset": "日出 05:46"
        }
      }
    },
    {
      "id": "101100101",
      "province": "山西",
      "city": "太原",
      "realtime": {
        "nameen": "taiyuan",
        "cityname": "太原",
        "city": "101100101",
        "temp": "4.7",
        "tempf": "40.5",
        "WD": "西风",
        "wde": "W",
        "WS": "1级",
        "wse": "3km/h",
        "SD": "55%",
        "sd": "55%",
        "qy": "927",
        "njd": "19km",
        "time": "04:45",
        "rain": "0",
        "rain24h": "0",
        "aqi": "54",
        "aqi_pm25": "54",
        "weather": "多云",
        "weathere": "Cloudy",
        "weathercode": "d01",
        "limitnumber": "",
        "date": "04月16日(星期二)"
      },
      "weather": {
        "day": {
          "date": "15日夜间",
          "weather": "晴",
          "temp": "5",
          "tempUnit": "°C",
          "wind": {
            "direction": "西北风",
            "directionCode": "NW",
            "level": "<3级"
          },
          "sunrise": "日落 19:05"
        },
        "night": {
          "date": "16日白天",
          "weather": "多云",
          "temp": "23",
          "tempUnit": "°C",
          "wind": {
            "direction": "西南风",
            "directionCode": "SW",
            "level": "<3级"
          },
          "sunset": "日出 05:54"
        }
      }
    },
    {
      "id": "101110101",
      "province": "陕西",
      "city": "西安",
      "realtime": {
        "nameen": "xian",
        "cityname": "西安",
        "city": "101110101",
        "temp": "18.3",
        "tempf": "64.9",
        "WD": "北风",
        "wde": "N",
        "WS": "0级",
        "wse": "0km/h",
        "SD": "71%",
        "sd": "71%",
        "qy": "967",
        "njd": "16km",
        "time": "04:45",
        "rain": "0",
        "rain24h": "0",
        "aqi": "98",
        "aqi_pm25": "98",
        "weather": "晴",
        "weathere": "Sunny",
        "weathercode": "d00",
        "limitnumber": "2和7",
        "date": "04月16日(星期二)"
      },
      "weather": {
        "day": {
          "date": "15日夜间",
          "weather": "阴",
          "temp": "13",
          "tempUnit": "°C",
          "wind": {
            "direction": "无持续风向",
            "directionCode": "NNW",
            "level": "<3级"
          },
          "sunrise": "日落 19:15"
        },
        "night": {
          "date": "16日白天",
          "weather": "小雨",
          "temp": "24",
          "tempUnit": "°C",
          "wind": {
            "direction": "无持续风向",
            "directionCode": "NNW",
            "level": "<3级"
          },
          "sunset": "日出 06:12"
        }
      }
    },
    {
      "id": "101120101",
      "province": "山东",
      "city": "济南",
      "realtime": {
        "nameen": "jinan",
        "cityname": "济南",
        "city": "101120101",
        "temp": "13",
        "tempf": "55.4",
        "WD": "东南风",
        "wde": "SE",
        "WS": "2级",
        "wse": "9km/h",
        "SD": "73%",
        "sd": "73%",
        "qy": "994",
        "njd": "11km",
        "time": "04:45",
        "rain": "0",
        "rain24h": "0",
        "aqi": "91",
        "aqi_pm25": "91",
        "weather": "晴",
        "weathere": "Sunny",
        "weathercode": "d00",
        "limitnumber": "",
        "date": "04月16日(星期二)"
      },
      "weather": {
        "day": {
          "date": "15日夜间",
          "weather": "晴",
          "temp": "13",
          "tempUnit": "°C",
          "wind": {
            "direction": "无持续风向",
            "directionCode": "NNW",
            "level": "<3级"
          },
          "sunrise": "日落 18:45"
        },
        "night": {
          "date": "16日白天",
          "weather": "晴",
          "temp": "24",
          "tempUnit": "°C",
          "wind": {
            "direction": "无持续风向",
            "directionCode": "NNW",
            "level": "<3级"
          },
          "sunset": "日出 05:37"
        }
      }
    },
    {
      "id": "101130101",
      "province": "新疆",
      "city": "乌鲁木齐",
      "realtime": {
        "nameen": "wulumuqi",
        "cityname": "乌鲁木齐",
        "city": "101130101",
        "temp": "6.1",
        "tempf": "43",
        "WD": "微风",
        "wde": "NWW",
        "WS": "2级",
        "wse": "5km/h",
        "SD": "54%",
        "sd": "54%",
        "qy": "818",
        "njd": "18km",
        "time": "05:00",
        "rain": "0",
        "rain24h": "0",
        "aqi": "87",
        "aqi_pm25": "87",
        "weather": "多云",
        "weathere": "Cloudy",
        "weathercode": "d01",
        "limitnumber": "",
        "date": "04月16日(星期二)"
      },
      "weather": {
        "day": {
          "date": "15日夜间",
          "weather": "晴",
          "temp": "9",
          "tempUnit": "°C",
          "wind": {
            "direction": "无持续风向",
            "directionCode": "NNW",
            "level": "<3级"
          },
          "sunrise": "日落 20:53"
        },
        "night": {
          "date": "16日白天",
          "weather": "晴",
          "temp": "21",
          "tempUnit": "°C",
          "wind": {
            "direction": "无持续风向",
            "directionCode": "NNW",
            "level": "<3级"
          },
          "sunset": "日出 07:25"
        }
      }
    },
    {
      "id": "101140101",
      "province": "西藏",
      "city": "拉萨",
      "realtime": {
        "nameen": "lasa",
        "cityname": "拉萨",
        "city": "101140101",
        "temp": "3",
        "tempf": "37.4",
        "WD": "微风",
        "wde": "NWW",
        "WS": "1级",
        "wse": "1km/h",
        "SD": "65%",
        "sd": "65%",
        "qy": "581",
        "njd": "27km",
        "time": "04:10",
        "rain": "0",
        "rain24h": "0",
        "aqi": "39",
        "aqi_pm25": "39",
        "weather": "多云",
        "weathere": "Cloudy",
        "weathercode": "d01",
        "limitnumber": "",
        "date": "04月16日(星期二)"
      },
      "weather": {
        "day": {
          "date": "15日夜间",
          "weather": "多云",
          "temp": "5",
          "tempUnit": "°C",
          "wind": {
            "direction": "无持续风向",
            "directionCode": "NNW",
            "level": "<3级"
          },
          "sunrise": "日落 20:22"
        },
        "night": {
          "date": "16日白天",
          "weather": "阴",
          "temp": "18",
          "tempUnit": "°C",
          "wind": {
            "direction": "西风",
            "directionCode": "W",
            "level": "3-4级"
          },
          "sunset": "日出 07:28"
        }
      }
    },
    {
      "id": "101150101",
      "province": "青海",
      "city": "西宁",
      "realtime": {
        "nameen": "xining",
        "cityname": "西宁",
        "city": "101150101",
        "temp": "8.9",
        "tempf": "48",
        "WD": "北风",
        "wde": "N",
        "WS": "0级",
        "wse": "0km/h",
        "SD": "27%",
        "sd": "27%",
        "qy": "758",
        "njd": "15km",
        "time": "04:45",
        "rain": "0",
        "rain24h": "0",
        "aqi": "92",
        "aqi_pm25": "92",
        "weather": "阴",
        "weathere": "Overcast",
        "weathercode": "d02",
        "limitnumber": "",
        "date": "04月16日(星期二)"
      },
      "weather": {
        "day": {
          "date": "15日夜间",
          "weather": "阴",
          "temp": "5",
          "tempUnit": "°C",
          "wind": {
            "direction": "无持续风向",
            "directionCode": "NNW",
            "level": "<3级"
          },
          "sunrise": "日落 19:47"
        },
        "night": {
          "date": "16日白天",
          "weather": "阴",
          "temp": "20",
          "tempUnit": "°C",
          "wind": {
            "direction": "无持续风向",
            "directionCode": "NNW",
            "level": "<3级"
          },
          "sunset": "日出 06:38"
        }
      }
    },
    {
      "id": "101160101",
      "province": "甘肃",
      "city": "兰州",
      "realtime": {
        "nameen": "lanzhou",
        "cityname": "兰州",
        "city": "101160101",
        "temp": "9",
        "tempf": "48.2",
        "WD": "西北风",
        "wde": "NW",
        "WS": "1级",
        "wse": "4km/h",
        "SD": "59%",
        "sd": "59%",
        "qy": "809",
        "njd": "17km",
        "time": "04:45",
        "rain": "0",
        "rain24h": "0",
        "aqi": "110",
        "aqi_pm25": "110",
        "weather": "多云",
        "weathere": "Cloudy",
        "weathercode": "d01",
        "limitnumber": "2和7",
        "date": "04月16日(星期二)"
      },
      "weather": {
        "day": {
          "date": "15日夜间",
          "weather": "多云",
          "temp": "10",
          "tempUnit": "°C",
          "wind": {
            "direction": "无持续风向",
            "directionCode": "NNW",
            "level": "<3级"
          },
          "sunrise": "日落 19:38"
        },
        "night": {
          "date": "16日白天",
          "weather": "多云",
          "temp": "26",
          "tempUnit": "°C",
          "wind": {
            "direction": "无持续风向",
            "directionCode": "NNW",
            "level": "<3级"
          },
          "sunset": "日出 06:31"
        }
      }
    },
    {
      "id": "101170101",
      "province": "宁夏",
      "city": "银川",
      "realtime": {
        "nameen": "yinchuan",
        "cityname": "银川",
        "city": "101170101",
        "temp": "8.4",
        "tempf": "47.1",
        "WD": "东北风",
        "wde": "NE",
        "WS": "1级",
        "wse": "4km/h",
        "SD": "38%",
        "sd": "38%",
        "qy": "889",
        "njd": "21km",
        "time": "04:45",
        "rain": "0",
        "rain24h": "0",
        "aqi": "80",
        "aqi_pm25": "80",
        "weather": "多云",
        "weathere": "Cloudy",
        "weathercode": "d01",
        "limitnumber": "",
        "date": "04月16日(星期二)"
      },
      "weather": {
        "day": {
          "date": "15日夜间",
          "weather": "多云",
          "temp": "6",
          "tempUnit": "°C",
          "wind": {
            "direction": "无持续风向",
            "directionCode": "NNW",
            "level": "<3级"
          },
          "sunrise": "日落 19:31"
        },
        "night": {
          "date": "16日白天",
          "weather": "多云",
          "temp": "25",
          "tempUnit": "°C",
          "wind": {
            "direction": "无持续风向",
            "directionCode": "NNW",
            "level": "<3级"
          },
          "sunset": "日出 06:18"
        }
      }
    },
    {
      "id": "101180101",
      "province": "河南",
      "city": "郑州",
      "realtime": {
        "nameen": "zhengzhou",
        "cityname": "郑州",
        "city": "101180101",
        "temp": "19.9",
        "tempf": "67.8",
        "WD": "东北风",
        "wde": "NE",
        "WS": "1级",
        "wse": "4km/h",
        "SD": "96%",
        "sd": "96%",
        "qy": "1000",
        "njd": "2km",
        "time": "04:45",
        "rain": "0",
        "rain24h": "0",
        "aqi": "72",
        "aqi_pm25": "72",
        "weather": "雾",
        "weathere": "Foggy",
        "weathercode": "d18",
        "limitnumber": "2和7",
        "date": "04月16日(星期二)"
      },
      "weather": {
        "day": {
          "date": "15日夜间",
          "weather": "晴",
          "temp": "14",
          "tempUnit": "°C",
          "wind": {
            "direction": "东北风",
            "directionCode": "NE",
            "level": "<3级"
          },
          "sunrise": "日落 18:57"
        },
        "night": {
          "date": "16日白天",
          "weather": "多云",
          "temp": "25",
          "tempUnit": "°C",
          "wind": {
            "direction": "东北风",
            "directionCode": "NE",
            "level": "<3级"
          },
          "sunset": "日出 05:53"
        }
      }
    },
    {
      "id": "101190101",
      "province": "江苏",
      "city": "南京",
      "realtime": {
        "nameen": "nanjing",
        "cityname": "南京",
        "city": "101190101",
        "temp": "20.1",
        "tempf": "68.2",
        "WD": "西北风",
        "wde": "NW",
        "WS": "1级",
        "wse": "4km/h",
        "SD": "88%",
        "sd": "88%",
        "qy": "1008",
        "njd": "4km",
        "time": "04:45",
        "rain": "0",
        "rain24h": "0",
        "aqi": "55",
        "aqi_pm25": "55",
        "weather": "阴",
        "weathere": "Overcast",
        "weathercode": "d02",
        "limitnumber": "",
        "date": "04月16日(星期二)"
      },
      "weather": {
        "day": {
          "date": "15日夜间",
          "weather": "阴",
          "temp": "18",
          "tempUnit": "°C",
          "wind": {
            "direction": "东南风",
            "directionCode": "SE",
            "level": "<3级"
          },
          "sunrise": "日落 18:34"
        },
        "night": {
          "date": "16日白天",
          "weather": "雷阵雨",
          "temp": "25",
          "tempUnit": "°C",
          "wind": {
            "direction": "东北风",
            "directionCode": "NE",
            "level": "4-5级"
          },
          "sunset": "日出 05:35"
        }
      }
    },
    {
      "id": "101200101",
      "province": "湖北",
      "city": "武汉",
      "realtime": {
        "nameen": "wuhan",
        "cityname": "武汉",
        "city": "101200101",
        "temp": "21.5",
        "tempf": "70.7",
        "WD": "东北风",
        "wde": "NE",
        "WS": "2级",
        "wse": "10km/h",
        "SD": "81%",
        "sd": "81%",
        "qy": "1006",
        "njd": "17km",
        "time": "04:45",
        "rain": "0",
        "rain24h": "0",
        "aqi": "32",
        "aqi_pm25": "32",
        "weather": "阴",
        "weathere": "Overcast",
        "weathercode": "d02",
        "limitnumber": "单号限行",
        "date": "04月16日(星期二)"
      },
      "weather": {
        "day": {
          "date": "15日夜间",
          "weather": "小雨",
          "temp": "20",
          "tempUnit": "°C",
          "wind": {
            "direction": "无持续风向",
            "directionCode": "NNW",
            "level": "<3级"
          },
          "sunrise": "日落 18:50"
        },
        "night": {
          "date": "16日白天",
          "weather": "中雨",
          "temp": "24",
          "tempUnit": "°C",
          "wind": {
            "direction": "无持续风向",
            "directionCode": "NNW",
            "level": "<3级"
          },
          "sunset": "日出 05:54"
        }
      }
    },
    {
      "id": "101210101",
      "province": "浙江",
      "city": "杭州",
      "realtime": {
        "nameen": "hangzhou",
        "cityname": "杭州",
        "city": "101210101",
        "temp": "20.1",
        "tempf": "68.2",
        "WD": "西北风",
        "wde": "NW",
        "WS": "1级",
        "wse": "3km/h",
        "SD": "96%",
        "sd": "96%",
        "qy": "1006",
        "njd": "1km",
        "time": "04:45",
        "rain": "0",
        "rain24h": "0",
        "aqi": "87",
        "aqi_pm25": "87",
        "weather": "阴",
        "weathere": "Overcast",
        "weathercode": "d02",
        "limitnumber": "2和8",
        "date": "04月16日(星期二)"
      },
      "weather": {
        "day": {
          "date": "15日夜间",
          "weather": "小雨",
          "temp": "17",
          "tempUnit": "°C",
          "wind": {
            "direction": "东风",
            "directionCode": "E",
            "level": "3-4级"
          },
          "sunrise": "日落 18:26"
        },
        "night": {
          "date": "16日白天",
          "weather": "小雨",
          "temp": "24",
          "tempUnit": "°C",
          "wind": {
            "direction": "东风",
            "directionCode": "E",
            "level": "4-5级"
          },
          "sunset": "日出 05:31"
        }
      }
    },
    {
      "id": "101220101",
      "province": "安徽",
      "city": "合肥",
      "realtime": {
        "nameen": "hefei",
        "cityname": "合肥",
        "city": "101220101",
        "temp": "20",
        "tempf": "68",
        "WD": "东北风",
        "wde": "NE",
        "WS": "2级",
        "wse": "8km/h",
        "SD": "93%",
        "sd": "93%",
        "qy": "1005",
        "njd": "2km",
        "time": "04:45",
        "rain": "0",
        "rain24h": "0",
        "aqi": "48",
        "aqi_pm25": "48",
        "weather": "阴",
        "weathere": "Overcast",
        "weathercode": "d02",
        "limitnumber": "",
        "date": "04月16日(星期二)"
      },
      "weather": {
        "day": {
          "date": "15日夜间",
          "weather": "小雨",
          "temp": "18",
          "tempUnit": "°C",
          "wind": {
            "direction": "东风",
            "directionCode": "E",
            "level": "<3级"
          },
          "sunrise": "日落 18:40"
        },
        "night": {
          "date": "16日白天",
          "weather": "阴",
          "temp": "25",
          "tempUnit": "°C",
          "wind": {
            "direction": "东风",
            "directionCode": "E",
            "level": "4-5级"
          },
          "sunset": "日出 05:42"
        }
      }
    },
    {
      "id": "101230101",
      "province": "福建",
      "city": "福州",
      "realtime": {
        "nameen": "fuzhou",
        "cityname": "福州",
        "city": "101230101",
        "temp": "22.8",
        "tempf": "73",
        "WD": "东南风",
        "wde": "SE",
        "WS": "2级",
        "wse": "6km/h",
        "SD": "100%",
        "sd": "100%",
        "qy": "1002",
        "njd": "4km",
        "time": "04:45",
        "rain": "0",
        "rain24h": "0",
        "aqi": "77",
        "aqi_pm25": "77",
        "weather": "雾",
        "weathere": "Foggy",
        "weathercode": "d18",
        "limitnumber": "",
        "date": "04月16日(星期二)"
      },
      "weather": {
        "day": {
          "date": "15日夜间",
          "weather": "中雨",
          "temp": "21",
          "tempUnit": "°C",
          "wind": {
            "direction": "东北风",
            "directionCode": "NE",
            "level": "<3级"
          },
          "sunrise": "日落 18:26"
        },
        "night": {
          "date": "16日白天",
          "weather": "小雨",
          "temp": "29",
          "tempUnit": "°C",
          "wind": {
            "direction": "北风",
            "directionCode": "N",
            "level": "<3级"
          },
          "sunset": "日出 05:39"
        }
      }
    },
    {
      "id": "101240101",
      "province": "江西",
      "city": "南昌",
      "realtime": {
        "nameen": "nanchang",
        "cityname": "南昌",
        "city": "101240101",
        "temp": "23.9",
        "tempf": "75",
        "WD": "东北风",
        "wde": "NE",
        "WS": "1级",
        "wse": "4km/h",
        "SD": "91%",
        "sd": "91%",
        "qy": "1002",
        "njd": "5km",
        "time": "04:45",
        "rain": "0",
        "rain24h": "0",
        "aqi": "58",
        "aqi_pm25": "58",
        "weather": "霾",
        "weathere": "haze",
        "weathercode": "d53",
        "limitnumber": "",
        "date": "04月16日(星期二)"
      },
      "weather": {
        "day": {
          "date": "15日夜间",
          "weather": "中雨",
          "temp": "22",
          "tempUnit": "°C",
          "wind": {
            "direction": "西南风",
            "directionCode": "SW",
            "level": "<3级"
          },
          "sunrise": "日落 18:42"
        },
        "night": {
          "date": "16日白天",
          "weather": "中雨",
          "temp": "25",
          "tempUnit": "°C",
          "wind": {
            "direction": "西南风",
            "directionCode": "SW",
            "level": "<3级"
          },
          "sunset": "日出 05:50"
        }
      }
    },
    {
      "id": "101250101",
      "province": "湖南",
      "city": "长沙",
      "realtime": {
        "nameen": "changsha",
        "cityname": "长沙",
        "city": "101250101",
        "temp": "23.6",
        "tempf": "74.5",
        "WD": "西北风",
        "wde": "NW",
        "WS": "1级",
        "wse": "2km/h",
        "SD": "77%",
        "sd": "77%",
        "qy": "1002",
        "njd": "3km",
        "time": "04:45",
        "rain": "0",
        "rain24h": "0",
        "aqi": "42",
        "aqi_pm25": "42",
        "weather": "阴",
        "weathere": "Overcast",
        "weathercode": "d02",
        "limitnumber": "",
        "date": "04月16日(星期二)"
      },
      "weather": {
        "day": {
          "date": "15日夜间",
          "weather": "大雨",
          "temp": "20",
          "tempUnit": "°C",
          "wind": {
            "direction": "东南风",
            "directionCode": "SE",
            "level": "<3级"
          },
          "sunrise": "日落 18:53"
        },
        "night": {
          "date": "16日白天",
          "weather": "中雨",
          "temp": "25",
          "tempUnit": "°C",
          "wind": {
            "direction": "东南风",
            "directionCode": "SE",
            "level": "<3级"
          },
          "sunset": "日出 06:02"
        }
      }
    },
    {
      "id": "101260101",
      "province": "贵州",
      "city": "贵阳",
      "realtime": {
        "nameen": "guiyang",
        "cityname": "贵阳",
        "city": "101260101",
        "temp": "21.8",
        "tempf": "71.2",
        "WD": "南风",
        "wde": "S",
        "WS": "3级",
        "wse": "18km/h",
        "SD": "81%",
        "sd": "81%",
        "qy": "872",
        "njd": "10km",
        "time": "04:45",
        "rain": "0",
        "rain24h": "0",
        "aqi": "70",
        "aqi_pm25": "70",
        "weather": "多云",
        "weathere": "Cloudy",
        "weathercode": "d01",
        "limitnumber": null,
        "date": "04月16日(星期二)"
      },
      "weather": {
        "day": {
          "date": "15日夜间",
          "weather": "多云",
          "temp": "18",
          "tempUnit": "°C",
          "wind": {
            "direction": "南风",
            "directionCode": "S",
            "level": "<3级"
          },
          "sunrise": "日落 19:17"
        },
        "night": {
          "date": "16日白天",
          "weather": "阵雨",
          "temp": "27",
          "tempUnit": "°C",
          "wind": {
            "direction": "南风",
            "directionCode": "S",
            "level": "<3级"
          },
          "sunset": "日出 06:29"
        }
      }
    },
    {
      "id": "101270101",
      "province": "四川",
      "city": "成都",
      "realtime": {
        "nameen": "chengdu",
        "cityname": "成都",
        "city": "101270101",
        "temp": "23.4",
        "tempf": "74.1",
        "WD": "西风",
        "wde": "W",
        "WS": "1级",
        "wse": "1km/h",
        "SD": "65%",
        "sd": "65%",
        "qy": "948",
        "njd": "4km",
        "time": "04:45",
        "rain": "0",
        "rain24h": "0",
        "aqi": "67",
        "aqi_pm25": "67",
        "weather": "阴",
        "weathere": "Overcast",
        "weathercode": "d02",
        "limitnumber": "2和7",
        "date": "04月16日(星期二)"
      },
      "weather": {
        "day": {
          "date": "15日夜间",
          "weather": "中雨",
          "temp": "18",
          "tempUnit": "°C",
          "wind": {
            "direction": "无持续风向",
            "directionCode": "NNW",
            "level": "<3级"
          },
          "sunrise": "日落 19:31"
        },
        "night": {
          "date": "16日白天",
          "weather": "多云",
          "temp": "27",
          "tempUnit": "°C",
          "wind": {
            "direction": "无持续风向",
            "directionCode": "NNW",
            "level": "<3级"
          },
          "sunset": "日出 06:35"
        }
      }
    },
    {
      "id": "101280101",
      "province": "广东",
      "city": "广州",
      "realtime": {
        "nameen": "guangzhou",
        "cityname": "广州",
        "city": "101280101",
        "temp": "24.9",
        "tempf": "76.8",
        "WD": "西南风",
        "wde": "SW",
        "WS": "1级",
        "wse": "2km/h",
        "SD": "96%",
        "sd": "96%",
        "qy": "1006",
        "njd": "7km",
        "time": "04:45",
        "rain": "0",
        "rain24h": "0",
        "aqi": "55",
        "aqi_pm25": "55",
        "weather": "多云",
        "weathere": "Cloudy",
        "weathercode": "d01",
        "limitnumber": "单号限行",
        "date": "04月16日(星期二)"
      },
      "weather": {
        "day": {
          "date": "15日夜间",
          "weather": "多云",
          "temp": "23",
          "tempUnit": "°C",
          "wind": {
            "direction": "无持续风向",
            "directionCode": "NNW",
            "level": "<3级"
          },
          "sunrise": "日落 18:47"
        },
        "night": {
          "date": "16日白天",
          "weather": "多云",
          "temp": "31",
          "tempUnit": "°C",
          "wind": {
            "direction": "南风",
            "directionCode": "S",
            "level": "3-4级"
          },
          "sunset": "日出 06:06"
        }
      }
    },
    {
      "id": "101290101",
      "province": "云南",
      "city": "昆明",
      "realtime": {
        "nameen": "kunming",
        "cityname": "昆明",
        "city": "101290101",
        "temp": "18.6",
        "tempf": "65.5",
        "WD": "西南风",
        "wde": "SW",
        "WS": "2级",
        "wse": "11km/h",
        "SD": "43%",
        "sd": "43%",
        "qy": "808",
        "njd": "14km",
        "time": "04:45",
        "rain": "0",
        "rain24h": "0",
        "aqi": "65",
        "aqi_pm25": "65",
        "weather": "晴",
        "weathere": "Sunny",
        "weathercode": "d00",
        "limitnumber": "",
        "date": "04月16日(星期二)"
      },
      "weather": {
        "day": {
          "date": "15日夜间",
          "weather": "晴",
          "temp": "14",
          "tempUnit": "°C",
          "wind": {
            "direction": "无持续风向",
            "directionCode": "NNW",
            "level": "<3级"
          },
          "sunrise": "日落 19:31"
        },
        "night": {
          "date": "16日白天",
          "weather": "多云",
          "temp": "27",
          "tempUnit": "°C",
          "wind": {
            "direction": "西南风",
            "directionCode": "SW",
            "level": "4-5级"
          },
          "sunset": "日出 06:46"
        }
      }
    },
    {
      "id": "101300101",
      "province": "广西",
      "city": "南宁",
      "realtime": {
        "nameen": "nanning",
        "cityname": "南宁",
        "city": "101300101",
        "temp": "24",
        "tempf": "75.2",
        "WD": "东北风",
        "wde": "NE",
        "WS": "2级",
        "wse": "8km/h",
        "SD": "85%",
        "sd": "85%",
        "qy": "986",
        "njd": "25km",
        "time": "04:45",
        "rain": "0",
        "rain24h": "0",
        "aqi": "38",
        "aqi_pm25": "38",
        "weather": "阴",
        "weathere": "Overcast",
        "weathercode": "d02",
        "limitnumber": "",
        "date": "04月16日(星期二)"
      },
      "weather": {
        "day": {
          "date": "15日夜间",
          "weather": "阴",
          "temp": "22",
          "tempUnit": "°C",
          "wind": {
            "direction": "无持续风向",
            "directionCode": "NNW",
            "level": "<3级"
          },
          "sunrise": "日落 19:07"
        },
        "night": {
          "date": "16日白天",
          "weather": "小雨",
          "temp": "31",
          "tempUnit": "°C",
          "wind": {
            "direction": "南风",
            "directionCode": "S",
            "level": "3-4级"
          },
          "sunset": "日出 06:25"
        }
      }
    },
    {
      "id": "101310101",
      "province": "海南",
      "city": "海口",
      "realtime": {
        "nameen": "haikou",
        "cityname": "海口",
        "city": "101310101",
        "temp": "25.5",
        "tempf": "77.9",
        "WD": "南风",
        "wde": "S",
        "WS": "3级",
        "wse": "19km/h",
        "SD": "87%",
        "sd": "87%",
        "qy": "1001",
        "njd": "23km",
        "time": "04:45",
        "rain": "0",
        "rain24h": "0",
        "aqi": "21",
        "aqi_pm25": "21",
        "weather": "阴",
        "weathere": "Overcast",
        "weathercode": "d02",
        "limitnumber": "",
        "date": "04月16日(星期二)"
      },
      "weather": {
        "day": {
          "date": "15日夜间",
          "weather": "多云",
          "temp": "24",
          "tempUnit": "°C",
          "wind": {
            "direction": "南风",
            "directionCode": "S",
            "level": "3-4级"
          },
          "sunrise": "日落 18:57"
        },
        "night": {
          "date": "16日白天",
          "weather": "多云",
          "temp": "35",
          "tempUnit": "°C",
          "wind": {
            "direction": "南风",
            "directionCode": "S",
            "level": "3-4级"
          },
          "sunset": "日出 06:20"
        }
      }
    },
    {
      "id": "101320101",
      "province": "香港",
      "city": "香港",
      "realtime": {
        "nameen": "hongkong",
        "cityname": "香港",
        "city": "101320101",
        "temp": "24.9",
        "tempf": "76.8",
        "WD": "微风",
        "wde": "NWW",
        "WS": "1级",
        "wse": "1km/h",
        "SD": "94%",
        "sd": "94%",
        "qy": "999",
        "njd": "5km",
        "time": "04:10",
        "rain": "0",
        "rain24h": "0",
        "aqi": "45",
        "aqi_pm25": "45",
        "weather": "多云",
        "weathere": "Cloudy",
        "weathercode": "d01",
        "limitnumber": "",
        "date": "04月16日(星期二)"
      },
      "weather": {
        "day": {
          "date": "15日夜间",
          "weather": "多云",
          "temp": "25",
          "tempUnit": "°C",
          "wind": {
            "direction": "无持续风向",
            "directionCode": "NNW",
            "level": "<3级"
          },
          "sunrise": "日落 18:43"
        },
        "night": {
          "date": "16日白天",
          "weather": "多云",
          "temp": "32",
          "tempUnit": "°C",
          "wind": {
            "direction": "无持续风向",
            "directionCode": "NNW",
            "level": "<3级"
          },
          "sunset": "日出 06:03"
        }
      }
    },
    {
      "id": "101330101",
      "province": "澳门",
      "city": "澳门",
      "realtime": {
        "nameen": "macao",
        "cityname": "澳门",
        "city": "101330101",
        "temp": "25.3",
        "tempf": "77.5",
        "WD": "微风",
        "wde": "NWW",
        "WS": "1级",
        "wse": "1km/h",
        "SD": "93%",
        "sd": "93%",
        "qy": "1006",
        "njd": "11km",
        "time": "05:00",
        "rain": "0",
        "rain24h": "0",
        "aqi": "35",
        "aqi_pm25": "35",
        "weather": "多云",
        "weathere": "Cloudy",
        "weathercode": "d01",
        "limitnumber": "",
        "date": "04月16日(星期二)"
      },
      "weather": {
        "day": {
          "date": "15日夜间",
          "weather": "多云",
          "temp": "24",
          "tempUnit": "°C",
          "wind": {
            "direction": "无持续风向",
            "directionCode": "NNW",
            "level": "<3级"
          },
          "sunrise": "日落 18:45"
        },
        "night": {
          "date": "16日白天",
          "weather": "多云",
          "temp": "30",
          "tempUnit": "°C",
          "wind": {
            "direction": "无持续风向",
            "directionCode": "NNW",
            "level": "<3级"
          },
          "sunset": "日出 06:05"
        }
      }
    },
    {
      "id": "101340101",
      "province": "台湾",
      "city": "台北",
      "realtime": {
        "nameen": "taibeixian",
        "cityname": "台北",
        "city": "101340101",
        "temp": "23.7",
        "tempf": "74.7",
        "WD": "微风",
        "wde": "NWW",
        "WS": "1级",
        "wse": "1km/h",
        "SD": "93%",
        "sd": "93%",
        "qy": "1007",
        "njd": "0km",
        "time": "05:00",
        "rain": "0",
        "rain24h": "0",
        "aqi": "26",
        "aqi_pm25": "26",
        "weather": "多云",
        "weathere": "Cloudy",
        "weathercode": "d01",
        "limitnumber": "",
        "date": "04月16日(星期二)"
      },
      "weather": {
        "day": {
          "date": "15日夜间",
          "weather": "小雨",
          "temp": "22",
          "tempUnit": "°C",
          "wind": {
            "direction": "无持续风向",
            "directionCode": "NNW",
            "level": "<3级"
          },
          "sunrise": "日落 18:16"
        },
        "night": {
          "date": "16日白天",
          "weather": "多云",
          "temp": "27",
          "tempUnit": "°C",
          "wind": {
            "direction": "无持续风向",
            "directionCode": "NNW",
            "level": "<3级"
          },
          "sunset": "日出 05:31"
        }
      }
    }
  ]
}
