{
  "timestamp": 1745870668242,
  "lastUpdate": "2025-04-29 04:04:28",
  "data": [
    {
      "id": "101010100",
      "province": "北京",
      "city": "北京",
      "realtime": {
        "nameen": "beijing",
        "cityname": "北京",
        "city": "101010100",
        "temp": "10.6",
        "tempf": "51.1",
        "WD": "东北风",
        "wde": "NE",
        "WS": "1级",
        "wse": "2km/h",
        "SD": "53%",
        "sd": "53%",
        "qy": "1004",
        "njd": "17km",
        "time": "03:50",
        "rain": "0",
        "rain24h": "0",
        "aqi": "53",
        "aqi_pm25": "53",
        "weather": "多云",
        "weathere": "Cloudy",
        "weathercode": "d01",
        "limitnumber": "1和6",
        "date": "04月29日(星期二)"
      },
      "weather": {
        "day": {
          "date": "28日夜间",
          "weather": "晴",
          "temp": "11",
          "tempUnit": "°C",
          "wind": {
            "direction": "东南风",
            "directionCode": "SE",
            "level": "<3级"
          },
          "sunrise": "日落 19:05"
        },
        "night": {
          "date": "29日白天",
          "weather": "多云",
          "temp": "32",
          "tempUnit": "°C",
          "wind": {
            "direction": "西风",
            "directionCode": "W",
            "level": "<3级"
          },
          "sunset": "日出 05:18"
        }
      }
    },
    {
      "id": "101020100",
      "province": "上海",
      "city": "上海",
      "realtime": {
        "nameen": "shanghai",
        "cityname": "上海",
        "city": "101020100",
        "temp": "15",
        "tempf": "59",
        "WD": "北风",
        "wde": "N",
        "WS": "0级",
        "wse": "0km/h",
        "SD": "76%",
        "sd": "76%",
        "qy": "1015",
        "njd": "9km",
        "time": "03:50",
        "rain": "0",
        "rain24h": "0",
        "aqi": "50",
        "aqi_pm25": "50",
        "weather": "晴",
        "weathere": "Sunny",
        "weathercode": "d00",
        "limitnumber": "",
        "date": "04月29日(星期二)"
      },
      "weather": {
        "day": {
          "date": "28日夜间",
          "weather": "多云",
          "temp": "13",
          "tempUnit": "°C",
          "wind": {
            "direction": "东北风",
            "directionCode": "NE",
            "level": "<3级"
          },
          "sunrise": "日落 18:31"
        },
        "night": {
          "date": "29日白天",
          "weather": "阴",
          "temp": "26",
          "tempUnit": "°C",
          "wind": {
            "direction": "南风",
            "directionCode": "S",
            "level": "3-4级"
          },
          "sunset": "日出 05:12"
        }
      }
    },
    {
      "id": "101030100",
      "province": "天津",
      "city": "天津",
      "realtime": {
        "nameen": "tianjin",
        "cityname": "天津",
        "city": "101030100",
        "temp": "12.7",
        "tempf": "54.9",
        "WD": "北风",
        "wde": "N",
        "WS": "1级",
        "wse": "4km/h",
        "SD": "76%",
        "sd": "76%",
        "qy": "1007",
        "njd": "7km",
        "time": "03:50",
        "rain": "0",
        "rain24h": "0",
        "aqi": "59",
        "aqi_pm25": "59",
        "weather": "晴",
        "weathere": "Sunny",
        "weathercode": "d00",
        "limitnumber": "1和6",
        "date": "04月29日(星期二)"
      },
      "weather": {
        "day": {
          "date": "28日夜间",
          "weather": "晴",
          "temp": "15",
          "tempUnit": "°C",
          "wind": {
            "direction": "东南风",
            "directionCode": "SE",
            "level": "<3级"
          },
          "sunrise": "日落 19:00"
        },
        "night": {
          "date": "29日白天",
          "weather": "晴",
          "temp": "31",
          "tempUnit": "°C",
          "wind": {
            "direction": "西南风",
            "directionCode": "SW",
            "level": "3-4级"
          },
          "sunset": "日出 05:16"
        }
      }
    },
    {
      "id": "101040100",
      "province": "重庆",
      "city": "重庆",
      "realtime": {
        "nameen": "chongqing",
        "cityname": "重庆",
        "city": "101040100",
        "temp": "21.6",
        "tempf": "70.9",
        "WD": "西北风",
        "wde": "NW",
        "WS": "2级",
        "wse": "5km/h",
        "SD": "80%",
        "sd": "80%",
        "qy": "982",
        "njd": "12km",
        "time": "03:50",
        "rain": "0",
        "rain24h": "0",
        "aqi": "51",
        "aqi_pm25": "51",
        "weather": "阴",
        "weathere": "Overcast",
        "weathercode": "d02",
        "limitnumber": "1和6",
        "date": "04月29日(星期二)"
      },
      "weather": {
        "day": {
          "date": "28日夜间",
          "weather": "中雨",
          "temp": "19",
          "tempUnit": "°C",
          "wind": {
            "direction": "东北风",
            "directionCode": "NE",
            "level": "<3级"
          },
          "sunrise": "日落 19:28"
        },
        "night": {
          "date": "29日白天",
          "weather": "小雨",
          "temp": "23",
          "tempUnit": "°C",
          "wind": {
            "direction": "北风",
            "directionCode": "N",
            "level": "<3级"
          },
          "sunset": "日出 06:14"
        }
      }
    },
    {
      "id": "101050101",
      "province": "黑龙江",
      "city": "哈尔滨",
      "realtime": {
        "nameen": "haerbin",
        "cityname": "哈尔滨",
        "city": "101050101",
        "temp": "6.7",
        "tempf": "44.1",
        "WD": "东南风",
        "wde": "SE",
        "WS": "1级",
        "wse": "5km/h",
        "SD": "71%",
        "sd": "71%",
        "qy": "992",
        "njd": "16km",
        "time": "03:50",
        "rain": "0",
        "rain24h": "0",
        "aqi": "67",
        "aqi_pm25": "67",
        "weather": "多云",
        "weathere": "Cloudy",
        "weathercode": "d01",
        "limitnumber": "",
        "date": "04月29日(星期二)"
      },
      "weather": {
        "day": {
          "date": "28日夜间",
          "weather": "多云",
          "temp": "4",
          "tempUnit": "°C",
          "wind": {
            "direction": "东南风",
            "directionCode": "SE",
            "level": "3-4级"
          },
          "sunrise": "日落 18:36"
        },
        "night": {
          "date": "29日白天",
          "weather": "多云",
          "temp": "20",
          "tempUnit": "°C",
          "wind": {
            "direction": "东南风",
            "directionCode": "SE",
            "level": "4-5级"
          },
          "sunset": "日出 04:25"
        }
      }
    },
    {
      "id": "101060101",
      "province": "吉林",
      "city": "长春",
      "realtime": {
        "nameen": "changchun",
        "cityname": "长春",
        "city": "101060101",
        "temp": "7.1",
        "tempf": "44.8",
        "WD": "东南风",
        "wde": "SE",
        "WS": "1级",
        "wse": "3km/h",
        "SD": "43%",
        "sd": "43%",
        "qy": "979",
        "njd": "11km",
        "time": "03:50",
        "rain": "0",
        "rain24h": "0",
        "aqi": "65",
        "aqi_pm25": "65",
        "weather": "晴",
        "weathere": "Sunny",
        "weathercode": "d00",
        "limitnumber": "",
        "date": "04月29日(星期二)"
      },
      "weather": {
        "day": {
          "date": "28日夜间",
          "weather": "晴",
          "temp": "6",
          "tempUnit": "°C",
          "wind": {
            "direction": "南风",
            "directionCode": "S",
            "level": "3-4级"
          },
          "sunrise": "日落 18:37"
        },
        "night": {
          "date": "29日白天",
          "weather": "多云",
          "temp": "22",
          "tempUnit": "°C",
          "wind": {
            "direction": "南风",
            "directionCode": "S",
            "level": "4-5级"
          },
          "sunset": "日出 04:34"
        }
      }
    },
    {
      "id": "101070101",
      "province": "辽宁",
      "city": "沈阳",
      "realtime": {
        "nameen": "shenyang",
        "cityname": "沈阳",
        "city": "101070101",
        "temp": "3.5",
        "tempf": "38.3",
        "WD": "南风",
        "wde": "S",
        "WS": "1级",
        "wse": "2km/h",
        "SD": "67%",
        "sd": "67%",
        "qy": "1003",
        "njd": "17km",
        "time": "03:50",
        "rain": "0",
        "rain24h": "0",
        "aqi": "74",
        "aqi_pm25": "74",
        "weather": "晴",
        "weathere": "Sunny",
        "weathercode": "d00",
        "limitnumber": "",
        "date": "04月29日(星期二)"
      },
      "weather": {
        "day": {
          "date": "28日夜间",
          "weather": "晴",
          "temp": "6",
          "tempUnit": "°C",
          "wind": {
            "direction": "南风",
            "directionCode": "S",
            "level": "3-4级"
          },
          "sunrise": "日落 18:40"
        },
        "night": {
          "date": "29日白天",
          "weather": "晴",
          "temp": "25",
          "tempUnit": "°C",
          "wind": {
            "direction": "西南风",
            "directionCode": "SW",
            "level": "5-6级"
          },
          "sunset": "日出 04:46"
        }
      }
    },
    {
      "id": "101080101",
      "province": "内蒙古",
      "city": "呼和浩特",
      "realtime": {
        "nameen": "huhehaote",
        "cityname": "呼和浩特",
        "city": "101080101",
        "temp": "5.3",
        "tempf": "41.5",
        "WD": "北风",
        "wde": "N",
        "WS": "0级",
        "wse": "0km/h",
        "SD": "54%",
        "sd": "54%",
        "qy": "892",
        "njd": "28km",
        "time": "03:50",
        "rain": "0",
        "rain24h": "0",
        "aqi": "63",
        "aqi_pm25": "63",
        "weather": "多云",
        "weathere": "Cloudy",
        "weathercode": "d01",
        "limitnumber": "",
        "date": "04月29日(星期二)"
      },
      "weather": {
        "day": {
          "date": "28日夜间",
          "weather": "晴",
          "temp": "4",
          "tempUnit": "°C",
          "wind": {
            "direction": "西风",
            "directionCode": "W",
            "level": "3-4级"
          },
          "sunrise": "日落 19:25"
        },
        "night": {
          "date": "29日白天",
          "weather": "晴",
          "temp": "24",
          "tempUnit": "°C",
          "wind": {
            "direction": "西风",
            "directionCode": "W",
            "level": "3-4级"
          },
          "sunset": "日出 05:35"
        }
      }
    },
    {
      "id": "101090101",
      "province": "河北",
      "city": "石家庄",
      "realtime": {
        "nameen": "shijiazhuang",
        "cityname": "石家庄",
        "city": "101090101",
        "temp": "19.4",
        "tempf": "66.9",
        "WD": "东北风",
        "wde": "NE",
        "WS": "1级",
        "wse": "3km/h",
        "SD": "27%",
        "sd": "27%",
        "qy": "996",
        "njd": "30km",
        "time": "03:55",
        "rain": "0",
        "rain24h": "0",
        "aqi": "59",
        "aqi_pm25": "59",
        "weather": "晴",
        "weathere": "Sunny",
        "weathercode": "d00",
        "limitnumber": "",
        "date": "04月29日(星期二)"
      },
      "weather": {
        "day": {
          "date": "28日夜间",
          "weather": "晴",
          "temp": "17",
          "tempUnit": "°C",
          "wind": {
            "direction": "南风",
            "directionCode": "S",
            "level": "3-4级"
          },
          "sunrise": "日落 19:09"
        },
        "night": {
          "date": "29日白天",
          "weather": "晴",
          "temp": "33",
          "tempUnit": "°C",
          "wind": {
            "direction": "西北风",
            "directionCode": "NW",
            "level": "3-4级"
          },
          "sunset": "日出 05:29"
        }
      }
    },
    {
      "id": "101100101",
      "province": "山西",
      "city": "太原",
      "realtime": {
        "nameen": "taiyuan",
        "cityname": "太原",
        "city": "101100101",
        "temp": "5.1",
        "tempf": "41.2",
        "WD": "西北风",
        "wde": "NW",
        "WS": "1级",
        "wse": "2km/h",
        "SD": "65%",
        "sd": "65%",
        "qy": "923",
        "njd": "11km",
        "time": "03:50",
        "rain": "0",
        "rain24h": "0",
        "aqi": "51",
        "aqi_pm25": "51",
        "weather": "晴",
        "weathere": "Sunny",
        "weathercode": "d00",
        "limitnumber": "",
        "date": "04月29日(星期二)"
      },
      "weather": {
        "day": {
          "date": "28日夜间",
          "weather": "多云",
          "temp": "7",
          "tempUnit": "°C",
          "wind": {
            "direction": "西北风",
            "directionCode": "NW",
            "level": "<3级"
          },
          "sunrise": "日落 19:17"
        },
        "night": {
          "date": "29日白天",
          "weather": "晴",
          "temp": "28",
          "tempUnit": "°C",
          "wind": {
            "direction": "西北风",
            "directionCode": "NW",
            "level": "3-4级"
          },
          "sunset": "日出 05:37"
        }
      }
    },
    {
      "id": "101110101",
      "province": "陕西",
      "city": "西安",
      "realtime": {
        "nameen": "xian",
        "cityname": "西安",
        "city": "101110101",
        "temp": "14.5",
        "tempf": "58.1",
        "WD": "北风",
        "wde": "N",
        "WS": "1级",
        "wse": "1km/h",
        "SD": "43%",
        "sd": "43%",
        "qy": "967",
        "njd": "21km",
        "time": "03:50",
        "rain": "0",
        "rain24h": "0",
        "aqi": "50",
        "aqi_pm25": "50",
        "weather": "多云",
        "weathere": "Cloudy",
        "weathercode": "d01",
        "limitnumber": "1和6",
        "date": "04月29日(星期二)"
      },
      "weather": {
        "day": {
          "date": "28日夜间",
          "weather": "阴",
          "temp": "13",
          "tempUnit": "°C",
          "wind": {
            "direction": "无持续风向",
            "directionCode": "NNW",
            "level": "<3级"
          },
          "sunrise": "日落 19:25"
        },
        "night": {
          "date": "29日白天",
          "weather": "阴",
          "temp": "30",
          "tempUnit": "°C",
          "wind": {
            "direction": "无持续风向",
            "directionCode": "NNW",
            "level": "<3级"
          },
          "sunset": "日出 05:57"
        }
      }
    },
    {
      "id": "101120101",
      "province": "山东",
      "city": "济南",
      "realtime": {
        "nameen": "jinan",
        "cityname": "济南",
        "city": "101120101",
        "temp": "21.4",
        "tempf": "70.5",
        "WD": "西南风",
        "wde": "SW",
        "WS": "3级",
        "wse": "18km/h",
        "SD": "29%",
        "sd": "29%",
        "qy": "990",
        "njd": "30km",
        "time": "03:55",
        "rain": "0",
        "rain24h": "0",
        "aqi": "53",
        "aqi_pm25": "53",
        "weather": "晴",
        "weathere": "Sunny",
        "weathercode": "d00",
        "limitnumber": "",
        "date": "04月29日(星期二)"
      },
      "weather": {
        "day": {
          "date": "28日夜间",
          "weather": "晴",
          "temp": "18",
          "tempUnit": "°C",
          "wind": {
            "direction": "南风",
            "directionCode": "S",
            "level": "3-4级"
          },
          "sunrise": "日落 18:56"
        },
        "night": {
          "date": "29日白天",
          "weather": "晴",
          "temp": "31",
          "tempUnit": "°C",
          "wind": {
            "direction": "南风",
            "directionCode": "S",
            "level": "3-4级"
          },
          "sunset": "日出 05:21"
        }
      }
    },
    {
      "id": "101130101",
      "province": "新疆",
      "city": "乌鲁木齐",
      "realtime": {
        "nameen": "wulumuqi",
        "cityname": "乌鲁木齐",
        "city": "101130101",
        "temp": "18.4",
        "tempf": "65.1",
        "WD": "南风",
        "wde": "S",
        "WS": "2级",
        "wse": "5km/h",
        "SD": "30%",
        "sd": "30%",
        "qy": "910",
        "njd": "40km",
        "time": "03:50",
        "rain": "0",
        "rain24h": "0",
        "aqi": "51",
        "aqi_pm25": "51",
        "weather": "多云",
        "weathere": "Cloudy",
        "weathercode": "d01",
        "limitnumber": "",
        "date": "04月29日(星期二)"
      },
      "weather": {
        "day": {
          "date": "28日夜间",
          "weather": "晴",
          "temp": "17",
          "tempUnit": "°C",
          "wind": {
            "direction": "南风",
            "directionCode": "S",
            "level": "<3级"
          },
          "sunrise": "日落 21:08"
        },
        "night": {
          "date": "29日白天",
          "weather": "晴",
          "temp": "29",
          "tempUnit": "°C",
          "wind": {
            "direction": "南风",
            "directionCode": "S",
            "level": "<3级"
          },
          "sunset": "日出 07:05"
        }
      }
    },
    {
      "id": "101140101",
      "province": "西藏",
      "city": "拉萨",
      "realtime": {
        "nameen": "lasa",
        "cityname": "拉萨",
        "city": "101140101",
        "temp": "2.5",
        "tempf": "36.5",
        "WD": "东风",
        "wde": "E",
        "WS": "2级",
        "wse": "7km/h",
        "SD": "83%",
        "sd": "83%",
        "qy": "655",
        "njd": "30km",
        "time": "03:50",
        "rain": "0.8",
        "rain24h": "0.8",
        "aqi": "36",
        "aqi_pm25": "36",
        "weather": "多云",
        "weathere": "Cloudy",
        "weathercode": "d01",
        "limitnumber": "",
        "date": "04月29日(星期二)"
      },
      "weather": {
        "day": {
          "date": "28日夜间",
          "weather": "中雨",
          "temp": "1",
          "tempUnit": "°C",
          "wind": {
            "direction": "无持续风向",
            "directionCode": "NNW",
            "level": "<3级"
          },
          "sunrise": "日落 20:30"
        },
        "night": {
          "date": "29日白天",
          "weather": "阴",
          "temp": "10",
          "tempUnit": "°C",
          "wind": {
            "direction": "无持续风向",
            "directionCode": "NNW",
            "level": "<3级"
          },
          "sunset": "日出 07:15"
        }
      }
    },
    {
      "id": "101150101",
      "province": "青海",
      "city": "西宁",
      "realtime": {
        "nameen": "xining",
        "cityname": "西宁",
        "city": "101150101",
        "temp": "5.9",
        "tempf": "42.6",
        "WD": "西风",
        "wde": "W",
        "WS": "1级",
        "wse": "4km/h",
        "SD": "50%",
        "sd": "50%",
        "qy": "763",
        "njd": "25km",
        "time": "03:55",
        "rain": "0",
        "rain24h": "0",
        "aqi": "53",
        "aqi_pm25": "53",
        "weather": "阴",
        "weathere": "Overcast",
        "weathercode": "d02",
        "limitnumber": "",
        "date": "04月29日(星期二)"
      },
      "weather": {
        "day": {
          "date": "28日夜间",
          "weather": "多云",
          "temp": "2",
          "tempUnit": "°C",
          "wind": {
            "direction": "无持续风向",
            "directionCode": "NNW",
            "level": "<3级"
          },
          "sunrise": "日落 19:58"
        },
        "night": {
          "date": "29日白天",
          "weather": "多云",
          "temp": "17",
          "tempUnit": "°C",
          "wind": {
            "direction": "无持续风向",
            "directionCode": "NNW",
            "level": "<3级"
          },
          "sunset": "日出 06:22"
        }
      }
    },
    {
      "id": "101160101",
      "province": "甘肃",
      "city": "兰州",
      "realtime": {
        "nameen": "lanzhou",
        "cityname": "兰州",
        "city": "101160101",
        "temp": "8.9",
        "tempf": "48",
        "WD": "东风",
        "wde": "E",
        "WS": "1级",
        "wse": "2km/h",
        "SD": "44%",
        "sd": "44%",
        "qy": "851",
        "njd": "21km",
        "time": "03:50",
        "rain": "0",
        "rain24h": "0",
        "aqi": "55",
        "aqi_pm25": "55",
        "weather": "多云",
        "weathere": "Cloudy",
        "weathercode": "d01",
        "limitnumber": "1和6",
        "date": "04月29日(星期二)"
      },
      "weather": {
        "day": {
          "date": "28日夜间",
          "weather": "多云",
          "temp": "9",
          "tempUnit": "°C",
          "wind": {
            "direction": "无持续风向",
            "directionCode": "NNW",
            "level": "<3级"
          },
          "sunrise": "日落 19:49"
        },
        "night": {
          "date": "29日白天",
          "weather": "多云",
          "temp": "25",
          "tempUnit": "°C",
          "wind": {
            "direction": "无持续风向",
            "directionCode": "NNW",
            "level": "<3级"
          },
          "sunset": "日出 06:15"
        }
      }
    },
    {
      "id": "101170101",
      "province": "宁夏",
      "city": "银川",
      "realtime": {
        "nameen": "yinchuan",
        "cityname": "银川",
        "city": "101170101",
        "temp": "7",
        "tempf": "44.6",
        "WD": "南风",
        "wde": "S",
        "WS": "1级",
        "wse": "2km/h",
        "SD": "46%",
        "sd": "46%",
        "qy": "890",
        "njd": "17km",
        "time": "03:50",
        "rain": "0",
        "rain24h": "0",
        "aqi": "45",
        "aqi_pm25": "45",
        "weather": "多云",
        "weathere": "Cloudy",
        "weathercode": "d01",
        "limitnumber": "",
        "date": "04月29日(星期二)"
      },
      "weather": {
        "day": {
          "date": "28日夜间",
          "weather": "多云",
          "temp": "8",
          "tempUnit": "°C",
          "wind": {
            "direction": "无持续风向",
            "directionCode": "NNW",
            "level": "<3级"
          },
          "sunrise": "日落 19:43"
        },
        "night": {
          "date": "29日白天",
          "weather": "扬沙",
          "temp": "26",
          "tempUnit": "°C",
          "wind": {
            "direction": "西北风",
            "directionCode": "NW",
            "level": "4-5级"
          },
          "sunset": "日出 06:01"
        }
      }
    },
    {
      "id": "101180101",
      "province": "河南",
      "city": "郑州",
      "realtime": {
        "nameen": "zhengzhou",
        "cityname": "郑州",
        "city": "101180101",
        "temp": "15.1",
        "tempf": "59.2",
        "WD": "北风",
        "wde": "N",
        "WS": "1级",
        "wse": "1km/h",
        "SD": "54%",
        "sd": "54%",
        "qy": "998",
        "njd": "30km",
        "time": "03:50",
        "rain": "0",
        "rain24h": "0",
        "aqi": "55",
        "aqi_pm25": "55",
        "weather": "阴",
        "weathere": "Overcast",
        "weathercode": "d02",
        "limitnumber": "1和6",
        "date": "04月29日(星期二)"
      },
      "weather": {
        "day": {
          "date": "28日夜间",
          "weather": "多云",
          "temp": "16",
          "tempUnit": "°C",
          "wind": {
            "direction": "西南风",
            "directionCode": "SW",
            "level": "<3级"
          },
          "sunrise": "日落 19:07"
        },
        "night": {
          "date": "29日白天",
          "weather": "多云",
          "temp": "32",
          "tempUnit": "°C",
          "wind": {
            "direction": "西风",
            "directionCode": "W",
            "level": "<3级"
          },
          "sunset": "日出 05:38"
        }
      }
    },
    {
      "id": "101190101",
      "province": "江苏",
      "city": "南京",
      "realtime": {
        "nameen": "nanjing",
        "cityname": "南京",
        "city": "101190101",
        "temp": "16.2",
        "tempf": "61.2",
        "WD": "东南风",
        "wde": "SE",
        "WS": "1级",
        "wse": "4km/h",
        "SD": "67%",
        "sd": "67%",
        "qy": "1010",
        "njd": "9km",
        "time": "03:50",
        "rain": "0",
        "rain24h": "0",
        "aqi": "53",
        "aqi_pm25": "53",
        "weather": "晴",
        "weathere": "Sunny",
        "weathercode": "d00",
        "limitnumber": "",
        "date": "04月29日(星期二)"
      },
      "weather": {
        "day": {
          "date": "28日夜间",
          "weather": "多云",
          "temp": "15",
          "tempUnit": "°C",
          "wind": {
            "direction": "东风",
            "directionCode": "E",
            "level": "3-4级"
          },
          "sunrise": "日落 18:43"
        },
        "night": {
          "date": "29日白天",
          "weather": "多云",
          "temp": "28",
          "tempUnit": "°C",
          "wind": {
            "direction": "西南风",
            "directionCode": "SW",
            "level": "4-5级"
          },
          "sunset": "日出 05:21"
        }
      }
    },
    {
      "id": "101200101",
      "province": "湖北",
      "city": "武汉",
      "realtime": {
        "nameen": "wuhan",
        "cityname": "武汉",
        "city": "101200101",
        "temp": "14.2",
        "tempf": "57.6",
        "WD": "北风",
        "wde": "N",
        "WS": "0级",
        "wse": "0km/h",
        "SD": "86%",
        "sd": "86%",
        "qy": "1011",
        "njd": "23km",
        "time": "03:50",
        "rain": "0",
        "rain24h": "0",
        "aqi": "38",
        "aqi_pm25": "38",
        "weather": "晴",
        "weathere": "Sunny",
        "weathercode": "d00",
        "limitnumber": "单号限行",
        "date": "04月29日(星期二)"
      },
      "weather": {
        "day": {
          "date": "28日夜间",
          "weather": "晴",
          "temp": "15",
          "tempUnit": "°C",
          "wind": {
            "direction": "无持续风向",
            "directionCode": "NNW",
            "level": "<3级"
          },
          "sunrise": "日落 18:58"
        },
        "night": {
          "date": "29日白天",
          "weather": "晴",
          "temp": "27",
          "tempUnit": "°C",
          "wind": {
            "direction": "无持续风向",
            "directionCode": "NNW",
            "level": "<3级"
          },
          "sunset": "日出 05:41"
        }
      }
    },
    {
      "id": "101210101",
      "province": "浙江",
      "city": "杭州",
      "realtime": {
        "nameen": "hangzhou",
        "cityname": "杭州",
        "city": "101210101",
        "temp": "16",
        "tempf": "60.8",
        "WD": "北风",
        "wde": "N",
        "WS": "0级",
        "wse": "0km/h",
        "SD": "77%",
        "sd": "77%",
        "qy": "1009",
        "njd": "13km",
        "time": "03:55",
        "rain": "0",
        "rain24h": "0",
        "aqi": "44",
        "aqi_pm25": "44",
        "weather": "晴",
        "weathere": "Sunny",
        "weathercode": "d00",
        "limitnumber": "1和9",
        "date": "04月29日(星期二)"
      },
      "weather": {
        "day": {
          "date": "28日夜间",
          "weather": "晴",
          "temp": "16",
          "tempUnit": "°C",
          "wind": {
            "direction": "西南风",
            "directionCode": "SW",
            "level": "<3级"
          },
          "sunrise": "日落 18:34"
        },
        "night": {
          "date": "29日白天",
          "weather": "多云",
          "temp": "29",
          "tempUnit": "°C",
          "wind": {
            "direction": "东风",
            "directionCode": "E",
            "level": "<3级"
          },
          "sunset": "日出 05:18"
        }
      }
    },
    {
      "id": "101220101",
      "province": "安徽",
      "city": "合肥",
      "realtime": {
        "nameen": "hefei",
        "cityname": "合肥",
        "city": "101220101",
        "temp": "13.2",
        "tempf": "55.8",
        "WD": "东北风",
        "wde": "NE",
        "WS": "1级",
        "wse": "2km/h",
        "SD": "96%",
        "sd": "96%",
        "qy": "1007",
        "njd": "1km",
        "time": "03:50",
        "rain": "0",
        "rain24h": "0",
        "aqi": "68",
        "aqi_pm25": "68",
        "weather": "雾",
        "weathere": "Foggy",
        "weathercode": "d18",
        "limitnumber": "",
        "date": "04月29日(星期二)"
      },
      "weather": {
        "day": {
          "date": "28日夜间",
          "weather": "晴",
          "temp": "12",
          "tempUnit": "°C",
          "wind": {
            "direction": "东风",
            "directionCode": "E",
            "level": "<3级"
          },
          "sunrise": "日落 18:48"
        },
        "night": {
          "date": "29日白天",
          "weather": "多云",
          "temp": "28",
          "tempUnit": "°C",
          "wind": {
            "direction": "南风",
            "directionCode": "S",
            "level": "3-4级"
          },
          "sunset": "日出 05:28"
        }
      }
    },
    {
      "id": "101230101",
      "province": "福建",
      "city": "福州",
      "realtime": {
        "nameen": "fuzhou",
        "cityname": "福州",
        "city": "101230101",
        "temp": "17.8",
        "tempf": "64",
        "WD": "西风",
        "wde": "W",
        "WS": "2级",
        "wse": "6km/h",
        "SD": "89%",
        "sd": "89%",
        "qy": "1005",
        "njd": "12km",
        "time": "03:50",
        "rain": "0",
        "rain24h": "0",
        "aqi": "39",
        "aqi_pm25": "39",
        "weather": "多云",
        "weathere": "Cloudy",
        "weathercode": "d01",
        "limitnumber": "",
        "date": "04月29日(星期二)"
      },
      "weather": {
        "day": {
          "date": "28日夜间",
          "weather": "多云",
          "temp": "18",
          "tempUnit": "°C",
          "wind": {
            "direction": "无持续风向",
            "directionCode": "NNW",
            "level": "<3级"
          },
          "sunrise": "日落 18:32"
        },
        "night": {
          "date": "29日白天",
          "weather": "多云",
          "temp": "26",
          "tempUnit": "°C",
          "wind": {
            "direction": "无持续风向",
            "directionCode": "NNW",
            "level": "<3级"
          },
          "sunset": "日出 05:27"
        }
      }
    },
    {
      "id": "101240101",
      "province": "江西",
      "city": "南昌",
      "realtime": {
        "nameen": "nanchang",
        "cityname": "南昌",
        "city": "101240101",
        "temp": "19.2",
        "tempf": "66.6",
        "WD": "北风",
        "wde": "N",
        "WS": "0级",
        "wse": "0km/h",
        "SD": "98%",
        "sd": "98%",
        "qy": "1007",
        "njd": "3km",
        "time": "03:50",
        "rain": "0",
        "rain24h": "0",
        "aqi": "57",
        "aqi_pm25": "57",
        "weather": "雾",
        "weathere": "Foggy",
        "weathercode": "d18",
        "limitnumber": "",
        "date": "04月29日(星期二)"
      },
      "weather": {
        "day": {
          "date": "28日夜间",
          "weather": "晴",
          "temp": "18",
          "tempUnit": "°C",
          "wind": {
            "direction": "西北风",
            "directionCode": "NW",
            "level": "<3级"
          },
          "sunrise": "日落 18:49"
        },
        "night": {
          "date": "29日白天",
          "weather": "晴",
          "temp": "29",
          "tempUnit": "°C",
          "wind": {
            "direction": "北风",
            "directionCode": "N",
            "level": "<3级"
          },
          "sunset": "日出 05:38"
        }
      }
    },
    {
      "id": "101250101",
      "province": "湖南",
      "city": "长沙",
      "realtime": {
        "nameen": "changsha",
        "cityname": "长沙",
        "city": "101250101",
        "temp": "18.7",
        "tempf": "65.7",
        "WD": "北风",
        "wde": "N",
        "WS": "0级",
        "wse": "0km/h",
        "SD": "89%",
        "sd": "89%",
        "qy": "1000",
        "njd": "7km",
        "time": "03:55",
        "rain": "0",
        "rain24h": "0",
        "aqi": "74",
        "aqi_pm25": "74",
        "weather": "雾",
        "weathere": "Foggy",
        "weathercode": "d18",
        "limitnumber": "",
        "date": "04月29日(星期二)"
      },
      "weather": {
        "day": {
          "date": "28日夜间",
          "weather": "多云",
          "temp": "15",
          "tempUnit": "°C",
          "wind": {
            "direction": "北风",
            "directionCode": "N",
            "level": "<3级"
          },
          "sunrise": "日落 19:01"
        },
        "night": {
          "date": "29日白天",
          "weather": "多云",
          "temp": "27",
          "tempUnit": "°C",
          "wind": {
            "direction": "北风",
            "directionCode": "N",
            "level": "<3级"
          },
          "sunset": "日出 05:50"
        }
      }
    },
    {
      "id": "101260101",
      "province": "贵州",
      "city": "贵阳",
      "realtime": {
        "nameen": "guiyang",
        "cityname": "贵阳",
        "city": "101260101",
        "temp": "15.1",
        "tempf": "59.2",
        "WD": "东南风",
        "wde": "SE",
        "WS": "1级",
        "wse": "3km/h",
        "SD": "83%",
        "sd": "83%",
        "qy": "878",
        "njd": "14km",
        "time": "03:55",
        "rain": "0",
        "rain24h": "0",
        "aqi": "46",
        "aqi_pm25": "46",
        "weather": "阴",
        "weathere": "Overcast",
        "weathercode": "d02",
        "limitnumber": null,
        "date": "04月29日(星期二)"
      },
      "weather": {
        "day": {
          "date": "28日夜间",
          "weather": "阴",
          "temp": "14",
          "tempUnit": "°C",
          "wind": {
            "direction": "南风",
            "directionCode": "S",
            "level": "<3级"
          },
          "sunrise": "日落 19:24"
        },
        "night": {
          "date": "29日白天",
          "weather": "阵雨",
          "temp": "22",
          "tempUnit": "°C",
          "wind": {
            "direction": "北风",
            "directionCode": "N",
            "level": "<3级"
          },
          "sunset": "日出 06:17"
        }
      }
    },
    {
      "id": "101270101",
      "province": "四川",
      "city": "成都",
      "realtime": {
        "nameen": "chengdu",
        "cityname": "成都",
        "city": "101270101",
        "temp": "16.9",
        "tempf": "62.4",
        "WD": "北风",
        "wde": "N",
        "WS": "1级",
        "wse": "1km/h",
        "SD": "100%",
        "sd": "100%",
        "qy": "958",
        "njd": "5km",
        "time": "03:50",
        "rain": "0.8",
        "rain24h": "0.8",
        "aqi": "28",
        "aqi_pm25": "28",
        "weather": "阴",
        "weathere": "Overcast",
        "weathercode": "d02",
        "limitnumber": "1和6",
        "date": "04月29日(星期二)"
      },
      "weather": {
        "day": {
          "date": "28日夜间",
          "weather": "小雨",
          "temp": "16",
          "tempUnit": "°C",
          "wind": {
            "direction": "无持续风向",
            "directionCode": "NNW",
            "level": "<3级"
          },
          "sunrise": "日落 19:39"
        },
        "night": {
          "date": "29日白天",
          "weather": "阴",
          "temp": "23",
          "tempUnit": "°C",
          "wind": {
            "direction": "无持续风向",
            "directionCode": "NNW",
            "level": "<3级"
          },
          "sunset": "日出 06:22"
        }
      }
    },
    {
      "id": "101280101",
      "province": "广东",
      "city": "广州",
      "realtime": {
        "nameen": "guangzhou",
        "cityname": "广州",
        "city": "101280101",
        "temp": "21.2",
        "tempf": "70.2",
        "WD": "东风",
        "wde": "E",
        "WS": "1级",
        "wse": "2km/h",
        "SD": "94%",
        "sd": "94%",
        "qy": "1008",
        "njd": "22km",
        "time": "03:50",
        "rain": "0",
        "rain24h": "0",
        "aqi": "33",
        "aqi_pm25": "33",
        "weather": "晴",
        "weathere": "Sunny",
        "weathercode": "d00",
        "limitnumber": "单号限行",
        "date": "04月29日(星期二)"
      },
      "weather": {
        "day": {
          "date": "28日夜间",
          "weather": "多云",
          "temp": "20",
          "tempUnit": "°C",
          "wind": {
            "direction": "无持续风向",
            "directionCode": "NNW",
            "level": "<3级"
          },
          "sunrise": "日落 18:53"
        },
        "night": {
          "date": "29日白天",
          "weather": "多云",
          "temp": "31",
          "tempUnit": "°C",
          "wind": {
            "direction": "无持续风向",
            "directionCode": "NNW",
            "level": "<3级"
          },
          "sunset": "日出 05:55"
        }
      }
    },
    {
      "id": "101290101",
      "province": "云南",
      "city": "昆明",
      "realtime": {
        "nameen": "kunming",
        "cityname": "昆明",
        "city": "101290101",
        "temp": "15.3",
        "tempf": "59.5",
        "WD": "南风",
        "wde": "S",
        "WS": "2级",
        "wse": "5km/h",
        "SD": "89%",
        "sd": "89%",
        "qy": "812",
        "njd": "10km",
        "time": "03:55",
        "rain": "0.1",
        "rain24h": "0.1",
        "aqi": "44",
        "aqi_pm25": "44",
        "weather": "多云",
        "weathere": "Cloudy",
        "weathercode": "d01",
        "limitnumber": "",
        "date": "04月29日(星期二)"
      },
      "weather": {
        "day": {
          "date": "28日夜间",
          "weather": "小雨",
          "temp": "15",
          "tempUnit": "°C",
          "wind": {
            "direction": "无持续风向",
            "directionCode": "NNW",
            "level": "<3级"
          },
          "sunrise": "日落 19:37"
        },
        "night": {
          "date": "29日白天",
          "weather": "小雨",
          "temp": "26",
          "tempUnit": "°C",
          "wind": {
            "direction": "无持续风向",
            "directionCode": "NNW",
            "level": "<3级"
          },
          "sunset": "日出 06:35"
        }
      }
    },
    {
      "id": "101300101",
      "province": "广西",
      "city": "南宁",
      "realtime": {
        "nameen": "nanning",
        "cityname": "南宁",
        "city": "101300101",
        "temp": "23.3",
        "tempf": "73.9",
        "WD": "东风",
        "wde": "E",
        "WS": "1级",
        "wse": "2km/h",
        "SD": "80%",
        "sd": "80%",
        "qy": "994",
        "njd": "12km",
        "time": "03:50",
        "rain": "0",
        "rain24h": "0",
        "aqi": "47",
        "aqi_pm25": "47",
        "weather": "多云",
        "weathere": "Cloudy",
        "weathercode": "d01",
        "limitnumber": "",
        "date": "04月29日(星期二)"
      },
      "weather": {
        "day": {
          "date": "28日夜间",
          "weather": "多云",
          "temp": "23",
          "tempUnit": "°C",
          "wind": {
            "direction": "东北风",
            "directionCode": "NE",
            "level": "<3级"
          },
          "sunrise": "日落 19:12"
        },
        "night": {
          "date": "29日白天",
          "weather": "多云",
          "temp": "31",
          "tempUnit": "°C",
          "wind": {
            "direction": "东南风",
            "directionCode": "SE",
            "level": "<3级"
          },
          "sunset": "日出 06:15"
        }
      }
    },
    {
      "id": "101310101",
      "province": "海南",
      "city": "海口",
      "realtime": {
        "nameen": "haikou",
        "cityname": "海口",
        "city": "101310101",
        "temp": "24",
        "tempf": "75.2",
        "WD": "南风",
        "wde": "S",
        "WS": "2级",
        "wse": "5km/h",
        "SD": "93%",
        "sd": "93%",
        "qy": "1003",
        "njd": "4km",
        "time": "03:50",
        "rain": "0",
        "rain24h": "0",
        "aqi": "33",
        "aqi_pm25": "33",
        "weather": "雾",
        "weathere": "Foggy",
        "weathercode": "d18",
        "limitnumber": "",
        "date": "04月29日(星期二)"
      },
      "weather": {
        "day": {
          "date": "28日夜间",
          "weather": "多云",
          "temp": "23",
          "tempUnit": "°C",
          "wind": {
            "direction": "无持续风向",
            "directionCode": "NNW",
            "level": "<3级"
          },
          "sunrise": "日落 19:01"
        },
        "night": {
          "date": "29日白天",
          "weather": "雷阵雨",
          "temp": "30",
          "tempUnit": "°C",
          "wind": {
            "direction": "无持续风向",
            "directionCode": "NNW",
            "level": "<3级"
          },
          "sunset": "日出 06:11"
        }
      }
    },
    {
      "id": "101320101",
      "province": "香港",
      "city": "香港",
      "realtime": {
        "nameen": "hongkong",
        "cityname": "香港",
        "city": "101320101",
        "temp": "23.5",
        "tempf": "74.3",
        "WD": "微风",
        "wde": "NWW",
        "WS": "3级",
        "wse": "12km/h",
        "SD": "91%",
        "sd": "91%",
        "qy": "999",
        "njd": "13km",
        "time": "04:00",
        "rain": "0",
        "rain24h": "0",
        "aqi": "45",
        "aqi_pm25": "45",
        "weather": "多云",
        "weathere": "Cloudy",
        "weathercode": "d01",
        "limitnumber": "",
        "date": "04月29日(星期二)"
      },
      "weather": {
        "day": {
          "date": "28日夜间",
          "weather": "多云",
          "temp": "24",
          "tempUnit": "°C",
          "wind": {
            "direction": "东风",
            "directionCode": "E",
            "level": "3-4级"
          },
          "sunrise": "日落 18:48"
        },
        "night": {
          "date": "29日白天",
          "weather": "多云",
          "temp": "28",
          "tempUnit": "°C",
          "wind": {
            "direction": "东风",
            "directionCode": "E",
            "level": "3-4级"
          },
          "sunset": "日出 05:53"
        }
      }
    },
    {
      "id": "101330101",
      "province": "澳门",
      "city": "澳门",
      "realtime": {
        "nameen": "macao",
        "cityname": "澳门",
        "city": "101330101",
        "temp": "25.6",
        "tempf": "78.1",
        "WD": "微风",
        "wde": "NWW",
        "WS": "1级",
        "wse": "1km/h",
        "SD": "75%",
        "sd": "75%",
        "qy": "1006",
        "njd": "18km",
        "time": "04:00",
        "rain": "0",
        "rain24h": "0",
        "aqi": "39",
        "aqi_pm25": "39",
        "weather": "晴",
        "weathere": "Sunny",
        "weathercode": "d00",
        "limitnumber": "",
        "date": "04月29日(星期二)"
      },
      "weather": {
        "day": {
          "date": "28日夜间",
          "weather": "晴",
          "temp": "24",
          "tempUnit": "°C",
          "wind": {
            "direction": "无持续风向",
            "directionCode": "NNW",
            "level": "<3级"
          },
          "sunrise": "日落 18:50"
        },
        "night": {
          "date": "29日白天",
          "weather": "晴",
          "temp": "28",
          "tempUnit": "°C",
          "wind": {
            "direction": "无持续风向",
            "directionCode": "NNW",
            "level": "<3级"
          },
          "sunset": "日出 05:55"
        }
      }
    },
    {
      "id": "101340101",
      "province": "台湾",
      "city": "台北",
      "realtime": {
        "nameen": "taibeixian",
        "cityname": "台北",
        "city": "101340101",
        "temp": "17.3",
        "tempf": "63.1",
        "WD": "微风",
        "wde": "NWW",
        "WS": "2级",
        "wse": "5km/h",
        "SD": "81%",
        "sd": "81%",
        "qy": "1007",
        "njd": "2km",
        "time": "03:30",
        "rain": "0",
        "rain24h": "0",
        "aqi": "52",
        "aqi_pm25": "52",
        "weather": "多云",
        "weathere": "Cloudy",
        "weathercode": "d01",
        "limitnumber": "",
        "date": "04月29日(星期二)"
      },
      "weather": {
        "day": {
          "date": "28日夜间",
          "weather": "多云",
          "temp": "19",
          "tempUnit": "°C",
          "wind": {
            "direction": "无持续风向",
            "directionCode": "NNW",
            "level": "<3级"
          },
          "sunrise": "日落 18:22"
        },
        "night": {
          "date": "29日白天",
          "weather": "多云",
          "temp": "24",
          "tempUnit": "°C",
          "wind": {
            "direction": "无持续风向",
            "directionCode": "NNW",
            "level": "<3级"
          },
          "sunset": "日出 05:20"
        }
      }
    }
  ]
}
