{
  "timestamp": 1771334947145,
  "lastUpdate": "2026-02-17 21:29:07",
  "data": [
    {
      "id": "101010100",
      "province": "北京",
      "city": "北京",
      "realtime": {
        "nameen": "beijing",
        "cityname": "北京",
        "city": "101010100",
        "temp": "7.8",
        "tempf": "46",
        "WD": "西风",
        "wde": "W",
        "WS": "2级",
        "wse": "9km/h",
        "SD": "13%",
        "sd": "13%",
        "qy": "1017",
        "njd": "17km",
        "time": "21:10",
        "rain": "0",
        "rain24h": "0",
        "aqi": "58",
        "aqi_pm25": "58",
        "weather": "多云",
        "weathere": "Cloudy",
        "weathercode": "d01",
        "limitnumber": "不限行",
        "date": "02月17日(星期二)"
      },
      "weather": {
        "day": {
          "date": "17日夜间",
          "weather": "晴",
          "temp": "0",
          "tempUnit": "°C",
          "wind": {
            "direction": "北风",
            "directionCode": "N",
            "level": "<3级"
          },
          "sunrise": "日落 17:52"
        },
        "night": {
          "date": "18日白天",
          "weather": "晴",
          "temp": "11",
          "tempUnit": "°C",
          "wind": {
            "direction": "南风",
            "directionCode": "S",
            "level": "<3级"
          },
          "sunset": "日出 07:04"
        }
      }
    },
    {
      "id": "101020100",
      "province": "上海",
      "city": "上海",
      "realtime": {
        "nameen": "shanghai",
        "cityname": "上海",
        "city": "101020100",
        "temp": "6.5",
        "tempf": "43.7",
        "WD": "北风",
        "wde": "N",
        "WS": "0级",
        "wse": "0km/h",
        "SD": "48%",
        "sd": "48%",
        "qy": "1026",
        "njd": "14km",
        "time": "21:10",
        "rain": "0",
        "rain24h": "0",
        "aqi": "69",
        "aqi_pm25": "69",
        "weather": "晴",
        "weathere": "Sunny",
        "weathercode": "d00",
        "limitnumber": "",
        "date": "02月17日(星期二)"
      },
      "weather": {
        "day": {
          "date": "17日夜间",
          "weather": "多云",
          "temp": "3",
          "tempUnit": "°C",
          "wind": {
            "direction": "西北风",
            "directionCode": "NW",
            "level": "<3级"
          },
          "sunrise": "日落 17:42"
        },
        "night": {
          "date": "18日白天",
          "weather": "阴",
          "temp": "13",
          "tempUnit": "°C",
          "wind": {
            "direction": "西北风",
            "directionCode": "NW",
            "level": "<3级"
          },
          "sunset": "日出 06:33"
        }
      }
    },
    {
      "id": "101030100",
      "province": "天津",
      "city": "天津",
      "realtime": {
        "nameen": "tianjin",
        "cityname": "天津",
        "city": "101030100",
        "temp": "7.6",
        "tempf": "45.7",
        "WD": "西南风",
        "wde": "SW",
        "WS": "2级",
        "wse": "6km/h",
        "SD": "15%",
        "sd": "15%",
        "qy": "1021",
        "njd": "21km",
        "time": "21:20",
        "rain": "0",
        "rain24h": "0",
        "aqi": "77",
        "aqi_pm25": "77",
        "weather": "晴",
        "weathere": "Sunny",
        "weathercode": "d00",
        "limitnumber": "不限行",
        "date": "02月17日(星期二)"
      },
      "weather": {
        "day": {
          "date": "17日夜间",
          "weather": "晴",
          "temp": "0",
          "tempUnit": "°C",
          "wind": {
            "direction": "西风",
            "directionCode": "W",
            "level": "3-4级"
          },
          "sunrise": "日落 17:49"
        },
        "night": {
          "date": "18日白天",
          "weather": "晴",
          "temp": "8",
          "tempUnit": "°C",
          "wind": {
            "direction": "东南风",
            "directionCode": "SE",
            "level": "3-4级"
          },
          "sunset": "日出 07:00"
        }
      }
    },
    {
      "id": "101040100",
      "province": "重庆",
      "city": "重庆",
      "realtime": {
        "nameen": "chongqing",
        "cityname": "重庆",
        "city": "101040100",
        "temp": "13.4",
        "tempf": "56.1",
        "WD": "东北风",
        "wde": "NE",
        "WS": "2级",
        "wse": "10km/h",
        "SD": "66%",
        "sd": "66%",
        "qy": "992",
        "njd": "7km",
        "time": "21:10",
        "rain": "0",
        "rain24h": "0",
        "aqi": "92",
        "aqi_pm25": "92",
        "weather": "多云",
        "weathere": "Cloudy",
        "weathercode": "d01",
        "limitnumber": "不限行",
        "date": "02月17日(星期二)"
      },
      "weather": {
        "day": {
          "date": "17日夜间",
          "weather": "阴",
          "temp": "11",
          "tempUnit": "°C",
          "wind": {
            "direction": "无持续风向",
            "directionCode": "NNW",
            "level": "<3级"
          },
          "sunrise": "日落 18:44"
        },
        "night": {
          "date": "18日白天",
          "weather": "阴",
          "temp": "15",
          "tempUnit": "°C",
          "wind": {
            "direction": "无持续风向",
            "directionCode": "NNW",
            "level": "<3级"
          },
          "sunset": "日出 07:31"
        }
      }
    },
    {
      "id": "101050101",
      "province": "黑龙江",
      "city": "哈尔滨",
      "realtime": {
        "nameen": "haerbin",
        "cityname": "哈尔滨",
        "city": "101050101",
        "temp": "-15.8",
        "tempf": "3.6",
        "WD": "北风",
        "wde": "N",
        "WS": "2级",
        "wse": "6km/h",
        "SD": "75%",
        "sd": "75%",
        "qy": "1004",
        "njd": "19km",
        "time": "21:10",
        "rain": "0",
        "rain24h": "0",
        "aqi": "46",
        "aqi_pm25": "46",
        "weather": "多云",
        "weathere": "Cloudy",
        "weathercode": "d01",
        "limitnumber": "",
        "date": "02月17日(星期二)"
      },
      "weather": {
        "day": {
          "date": "17日夜间",
          "weather": "晴",
          "temp": "-20",
          "tempUnit": "°C",
          "wind": {
            "direction": "西北风",
            "directionCode": "NW",
            "level": "<3级"
          },
          "sunrise": "日落 17:02"
        },
        "night": {
          "date": "18日白天",
          "weather": "晴",
          "temp": "-6",
          "tempUnit": "°C",
          "wind": {
            "direction": "西南风",
            "directionCode": "SW",
            "level": "<3级"
          },
          "sunset": "日出 06:33"
        }
      }
    },
    {
      "id": "101060101",
      "province": "吉林",
      "city": "长春",
      "realtime": {
        "nameen": "changchun",
        "cityname": "长春",
        "city": "101060101",
        "temp": "-7.6",
        "tempf": "18.3",
        "WD": "北风",
        "wde": "N",
        "WS": "2级",
        "wse": "10km/h",
        "SD": "88%",
        "sd": "88%",
        "qy": "990",
        "njd": "13km",
        "time": "21:20",
        "rain": "0",
        "rain24h": "0",
        "aqi": "62",
        "aqi_pm25": "62",
        "weather": "晴",
        "weathere": "Sunny",
        "weathercode": "d00",
        "limitnumber": "",
        "date": "02月17日(星期二)"
      },
      "weather": {
        "day": {
          "date": "17日夜间",
          "weather": "多云",
          "temp": "-13",
          "tempUnit": "°C",
          "wind": {
            "direction": "北风",
            "directionCode": "N",
            "level": "<3级"
          },
          "sunrise": "日落 17:10"
        },
        "night": {
          "date": "18日白天",
          "weather": "晴",
          "temp": "-3",
          "tempUnit": "°C",
          "wind": {
            "direction": "西南风",
            "directionCode": "SW",
            "level": "<3级"
          },
          "sunset": "日出 06:34"
        }
      }
    },
    {
      "id": "101070101",
      "province": "辽宁",
      "city": "沈阳",
      "realtime": {
        "nameen": "shenyang",
        "cityname": "沈阳",
        "city": "101070101",
        "temp": "0.9",
        "tempf": "33.6",
        "WD": "北风",
        "wde": "N",
        "WS": "3级",
        "wse": "13km/h",
        "SD": "41%",
        "sd": "41%",
        "qy": "1013",
        "njd": "30km",
        "time": "21:10",
        "rain": "0",
        "rain24h": "0",
        "aqi": "72",
        "aqi_pm25": "72",
        "weather": "阴",
        "weathere": "Overcast",
        "weathercode": "d02",
        "limitnumber": "",
        "date": "02月17日(星期二)"
      },
      "weather": {
        "day": {
          "date": "17日夜间",
          "weather": "多云",
          "temp": "-8",
          "tempUnit": "°C",
          "wind": {
            "direction": "北风",
            "directionCode": "N",
            "level": "3-4级"
          },
          "sunrise": "日落 17:21"
        },
        "night": {
          "date": "18日白天",
          "weather": "晴",
          "temp": "1",
          "tempUnit": "°C",
          "wind": {
            "direction": "西北风",
            "directionCode": "NW",
            "level": "3-4级"
          },
          "sunset": "日出 06:39"
        }
      }
    },
    {
      "id": "101080101",
      "province": "内蒙古",
      "city": "呼和浩特",
      "realtime": {
        "nameen": "huhehaote",
        "cityname": "呼和浩特",
        "city": "101080101",
        "temp": "-5.8",
        "tempf": "21.6",
        "WD": "东风",
        "wde": "E",
        "WS": "1级",
        "wse": "2km/h",
        "SD": "32%",
        "sd": "32%",
        "qy": "905",
        "njd": "6km",
        "time": "21:20",
        "rain": "0",
        "rain24h": "0",
        "aqi": "203",
        "aqi_pm25": "203",
        "weather": "阴",
        "weathere": "Overcast",
        "weathercode": "d02",
        "limitnumber": "",
        "date": "02月17日(星期二)"
      },
      "weather": {
        "day": {
          "date": "17日夜间",
          "weather": "晴",
          "temp": "-12",
          "tempUnit": "°C",
          "wind": {
            "direction": "西南风",
            "directionCode": "SW",
            "level": "3-4级"
          },
          "sunrise": "日落 18:09"
        },
        "night": {
          "date": "18日白天",
          "weather": "晴",
          "temp": "6",
          "tempUnit": "°C",
          "wind": {
            "direction": "西南风",
            "directionCode": "SW",
            "level": "3-4级"
          },
          "sunset": "日出 07:24"
        }
      }
    },
    {
      "id": "101090101",
      "province": "河北",
      "city": "石家庄",
      "realtime": {
        "nameen": "shijiazhuang",
        "cityname": "石家庄",
        "city": "101090101",
        "temp": "4.2",
        "tempf": "39.6",
        "WD": "西南风",
        "wde": "SW",
        "WS": "1级",
        "wse": "3km/h",
        "SD": "23%",
        "sd": "23%",
        "qy": "1012",
        "njd": "18km",
        "time": "21:20",
        "rain": "0",
        "rain24h": "0",
        "aqi": "54",
        "aqi_pm25": "54",
        "weather": "晴",
        "weathere": "Sunny",
        "weathercode": "d00",
        "limitnumber": "",
        "date": "02月17日(星期二)"
      },
      "weather": {
        "day": {
          "date": "17日夜间",
          "weather": "晴",
          "temp": "0",
          "tempUnit": "°C",
          "wind": {
            "direction": "西风",
            "directionCode": "W",
            "level": "<3级"
          },
          "sunrise": "日落 18:02"
        },
        "night": {
          "date": "18日白天",
          "weather": "晴",
          "temp": "11",
          "tempUnit": "°C",
          "wind": {
            "direction": "东南风",
            "directionCode": "SE",
            "level": "<3级"
          },
          "sunset": "日出 07:09"
        }
      }
    },
    {
      "id": "101100101",
      "province": "山西",
      "city": "太原",
      "realtime": {
        "nameen": "taiyuan",
        "cityname": "太原",
        "city": "101100101",
        "temp": "4.2",
        "tempf": "39.6",
        "WD": "西北风",
        "wde": "NW",
        "WS": "2级",
        "wse": "7km/h",
        "SD": "11%",
        "sd": "11%",
        "qy": "934",
        "njd": "30km",
        "time": "21:10",
        "rain": "0",
        "rain24h": "0",
        "aqi": "34",
        "aqi_pm25": "34",
        "weather": "晴",
        "weathere": "Sunny",
        "weathercode": "d00",
        "limitnumber": "",
        "date": "02月17日(星期二)"
      },
      "weather": {
        "day": {
          "date": "17日夜间",
          "weather": "晴",
          "temp": "-11",
          "tempUnit": "°C",
          "wind": {
            "direction": "西风",
            "directionCode": "W",
            "level": "<3级"
          },
          "sunrise": "日落 18:10"
        },
        "night": {
          "date": "18日白天",
          "weather": "晴",
          "temp": "11",
          "tempUnit": "°C",
          "wind": {
            "direction": "南风",
            "directionCode": "S",
            "level": "<3级"
          },
          "sunset": "日出 07:17"
        }
      }
    },
    {
      "id": "101110101",
      "province": "陕西",
      "city": "西安",
      "realtime": {
        "nameen": "xian",
        "cityname": "西安",
        "city": "101110101",
        "temp": "5",
        "tempf": "41",
        "WD": "西南风",
        "wde": "SW",
        "WS": "1级",
        "wse": "1km/h",
        "SD": "36%",
        "sd": "36%",
        "qy": "980",
        "njd": "18km",
        "time": "21:20",
        "rain": "0",
        "rain24h": "0",
        "aqi": "104",
        "aqi_pm25": "104",
        "weather": "晴",
        "weathere": "Sunny",
        "weathercode": "d00",
        "limitnumber": "不限行",
        "date": "02月17日(星期二)"
      },
      "weather": {
        "day": {
          "date": "17日夜间",
          "weather": "多云",
          "temp": "1",
          "tempUnit": "°C",
          "wind": {
            "direction": "无持续风向",
            "directionCode": "NNW",
            "level": "<3级"
          },
          "sunrise": "日落 18:29"
        },
        "night": {
          "date": "18日白天",
          "weather": "多云",
          "temp": "14",
          "tempUnit": "°C",
          "wind": {
            "direction": "无持续风向",
            "directionCode": "NNW",
            "level": "<3级"
          },
          "sunset": "日出 07:27"
        }
      }
    },
    {
      "id": "101120101",
      "province": "山东",
      "city": "济南",
      "realtime": {
        "nameen": "jinan",
        "cityname": "济南",
        "city": "101120101",
        "temp": "5.5",
        "tempf": "41.9",
        "WD": "东南风",
        "wde": "SE",
        "WS": "1级",
        "wse": "3km/h",
        "SD": "30%",
        "sd": "30%",
        "qy": "1004",
        "njd": "17km",
        "time": "21:20",
        "rain": "0",
        "rain24h": "0",
        "aqi": "85",
        "aqi_pm25": "85",
        "weather": "晴",
        "weathere": "Sunny",
        "weathercode": "d00",
        "limitnumber": "",
        "date": "02月17日(星期二)"
      },
      "weather": {
        "day": {
          "date": "17日夜间",
          "weather": "晴",
          "temp": "2",
          "tempUnit": "°C",
          "wind": {
            "direction": "南风",
            "directionCode": "S",
            "level": "<3级"
          },
          "sunrise": "日落 17:53"
        },
        "night": {
          "date": "18日白天",
          "weather": "晴",
          "temp": "14",
          "tempUnit": "°C",
          "wind": {
            "direction": "北风",
            "directionCode": "N",
            "level": "<3级"
          },
          "sunset": "日出 06:57"
        }
      }
    },
    {
      "id": "101130101",
      "province": "新疆",
      "city": "乌鲁木齐",
      "realtime": {
        "nameen": "wulumuqi",
        "cityname": "乌鲁木齐",
        "city": "101130101",
        "temp": "-6.2",
        "tempf": "20.8",
        "WD": "东北风",
        "wde": "NE",
        "WS": "1级",
        "wse": "1km/h",
        "SD": "68%",
        "sd": "68%",
        "qy": "920",
        "njd": "5km",
        "time": "21:20",
        "rain": "0",
        "rain24h": "0",
        "aqi": "100",
        "aqi_pm25": "100",
        "weather": "晴",
        "weathere": "Sunny",
        "weathercode": "d00",
        "limitnumber": "",
        "date": "02月17日(星期二)"
      },
      "weather": {
        "day": {
          "date": "17日夜间",
          "weather": "晴",
          "temp": "-7",
          "tempUnit": "°C",
          "wind": {
            "direction": "东南风",
            "directionCode": "SE",
            "level": "<3级"
          },
          "sunrise": "日落 19:41"
        },
        "night": {
          "date": "18日白天",
          "weather": "晴",
          "temp": "3",
          "tempUnit": "°C",
          "wind": {
            "direction": "东南风",
            "directionCode": "SE",
            "level": "4-5级"
          },
          "sunset": "日出 09:05"
        }
      }
    },
    {
      "id": "101140101",
      "province": "西藏",
      "city": "拉萨",
      "realtime": {
        "nameen": "lasa",
        "cityname": "拉萨",
        "city": "101140101",
        "temp": "3.6",
        "tempf": "38.5",
        "WD": "微风",
        "wde": "NWW",
        "WS": "1级",
        "wse": "1km/h",
        "SD": "12%",
        "sd": "12%",
        "qy": "581",
        "njd": "27km",
        "time": "21:00",
        "rain": "0",
        "rain24h": "0",
        "aqi": "28",
        "aqi_pm25": "28",
        "weather": "晴",
        "weathere": "Sunny",
        "weathercode": "d00",
        "limitnumber": "",
        "date": "02月17日(星期二)"
      },
      "weather": {
        "day": {
          "date": "17日夜间",
          "weather": "晴",
          "temp": "-3",
          "tempUnit": "°C",
          "wind": {
            "direction": "无持续风向",
            "directionCode": "NNW",
            "level": "<3级"
          },
          "sunrise": "日落 19:45"
        },
        "night": {
          "date": "18日白天",
          "weather": "晴",
          "temp": "13",
          "tempUnit": "°C",
          "wind": {
            "direction": "无持续风向",
            "directionCode": "NNW",
            "level": "<3级"
          },
          "sunset": "日出 08:33"
        }
      }
    },
    {
      "id": "101150101",
      "province": "青海",
      "city": "西宁",
      "realtime": {
        "nameen": "xining",
        "cityname": "西宁",
        "city": "101150101",
        "temp": "1.2",
        "tempf": "34.2",
        "WD": "东南风",
        "wde": "SE",
        "WS": "5级",
        "wse": "32km/h",
        "SD": "42%",
        "sd": "42%",
        "qy": "762",
        "njd": "17km",
        "time": "21:10",
        "rain": "0",
        "rain24h": "0",
        "aqi": "72",
        "aqi_pm25": "72",
        "weather": "晴",
        "weathere": "Sunny",
        "weathercode": "d00",
        "limitnumber": "",
        "date": "02月17日(星期二)"
      },
      "weather": {
        "day": {
          "date": "17日夜间",
          "weather": "晴",
          "temp": "-7",
          "tempUnit": "°C",
          "wind": {
            "direction": "东南风",
            "directionCode": "SE",
            "level": "<3级"
          },
          "sunrise": "日落 18:54"
        },
        "night": {
          "date": "18日白天",
          "weather": "晴",
          "temp": "7",
          "tempUnit": "°C",
          "wind": {
            "direction": "东南风",
            "directionCode": "SE",
            "level": "3-4级"
          },
          "sunset": "日出 07:58"
        }
      }
    },
    {
      "id": "101160101",
      "province": "甘肃",
      "city": "兰州",
      "realtime": {
        "nameen": "lanzhou",
        "cityname": "兰州",
        "city": "101160101",
        "temp": "5.6",
        "tempf": "42.1",
        "WD": "东南风",
        "wde": "SE",
        "WS": "1级",
        "wse": "3km/h",
        "SD": "30%",
        "sd": "30%",
        "qy": "856",
        "njd": "30km",
        "time": "21:20",
        "rain": "0",
        "rain24h": "0",
        "aqi": "55",
        "aqi_pm25": "55",
        "weather": "多云",
        "weathere": "Cloudy",
        "weathercode": "d01",
        "limitnumber": "不限行",
        "date": "02月17日(星期二)"
      },
      "weather": {
        "day": {
          "date": "17日夜间",
          "weather": "多云",
          "temp": "-3",
          "tempUnit": "°C",
          "wind": {
            "direction": "无持续风向",
            "directionCode": "NNW",
            "level": "<3级"
          },
          "sunrise": "日落 18:47"
        },
        "night": {
          "date": "18日白天",
          "weather": "多云",
          "temp": "10",
          "tempUnit": "°C",
          "wind": {
            "direction": "无持续风向",
            "directionCode": "NNW",
            "level": "<3级"
          },
          "sunset": "日出 07:49"
        }
      }
    },
    {
      "id": "101170101",
      "province": "宁夏",
      "city": "银川",
      "realtime": {
        "nameen": "yinchuan",
        "cityname": "银川",
        "city": "101170101",
        "temp": "-1.9",
        "tempf": "28.6",
        "WD": "西南风",
        "wde": "SW",
        "WS": "1级",
        "wse": "2km/h",
        "SD": "34%",
        "sd": "34%",
        "qy": "899",
        "njd": "12km",
        "time": "21:20",
        "rain": "0",
        "rain24h": "0",
        "aqi": "56",
        "aqi_pm25": "56",
        "weather": "多云",
        "weathere": "Cloudy",
        "weathercode": "d01",
        "limitnumber": "",
        "date": "02月17日(星期二)"
      },
      "weather": {
        "day": {
          "date": "17日夜间",
          "weather": "多云",
          "temp": "-5",
          "tempUnit": "°C",
          "wind": {
            "direction": "无持续风向",
            "directionCode": "NNW",
            "level": "<3级"
          },
          "sunrise": "日落 18:34"
        },
        "night": {
          "date": "18日白天",
          "weather": "晴",
          "temp": "8",
          "tempUnit": "°C",
          "wind": {
            "direction": "无持续风向",
            "directionCode": "NNW",
            "level": "<3级"
          },
          "sunset": "日出 07:43"
        }
      }
    },
    {
      "id": "101180101",
      "province": "河南",
      "city": "郑州",
      "realtime": {
        "nameen": "zhengzhou",
        "cityname": "郑州",
        "city": "101180101",
        "temp": "7.7",
        "tempf": "45.9",
        "WD": "南风",
        "wde": "S",
        "WS": "2级",
        "wse": "5km/h",
        "SD": "42%",
        "sd": "42%",
        "qy": "1012",
        "njd": "22km",
        "time": "21:20",
        "rain": "0",
        "rain24h": "0",
        "aqi": "73",
        "aqi_pm25": "73",
        "weather": "晴",
        "weathere": "Sunny",
        "weathercode": "d00",
        "limitnumber": "不限行",
        "date": "02月17日(星期二)"
      },
      "weather": {
        "day": {
          "date": "17日夜间",
          "weather": "晴",
          "temp": "3",
          "tempUnit": "°C",
          "wind": {
            "direction": "西北风",
            "directionCode": "NW",
            "level": "<3级"
          },
          "sunrise": "日落 18:09"
        },
        "night": {
          "date": "18日白天",
          "weather": "晴",
          "temp": "15",
          "tempUnit": "°C",
          "wind": {
            "direction": "西北风",
            "directionCode": "NW",
            "level": "<3级"
          },
          "sunset": "日出 07:09"
        }
      }
    },
    {
      "id": "101190101",
      "province": "江苏",
      "city": "南京",
      "realtime": {
        "nameen": "nanjing",
        "cityname": "南京",
        "city": "101190101",
        "temp": "5.4",
        "tempf": "41.7",
        "WD": "西风",
        "wde": "W",
        "WS": "2级",
        "wse": "5km/h",
        "SD": "59%",
        "sd": "59%",
        "qy": "1023",
        "njd": "9km",
        "time": "21:20",
        "rain": "0",
        "rain24h": "0",
        "aqi": "53",
        "aqi_pm25": "53",
        "weather": "晴",
        "weathere": "Sunny",
        "weathercode": "d00",
        "limitnumber": "",
        "date": "02月17日(星期二)"
      },
      "weather": {
        "day": {
          "date": "17日夜间",
          "weather": "晴",
          "temp": "1",
          "tempUnit": "°C",
          "wind": {
            "direction": "西风",
            "directionCode": "W",
            "level": "<3级"
          },
          "sunrise": "日落 17:52"
        },
        "night": {
          "date": "18日白天",
          "weather": "多云",
          "temp": "14",
          "tempUnit": "°C",
          "wind": {
            "direction": "西北风",
            "directionCode": "NW",
            "level": "3-4级"
          },
          "sunset": "日出 06:45"
        }
      }
    },
    {
      "id": "101200101",
      "province": "湖北",
      "city": "武汉",
      "realtime": {
        "nameen": "wuhan",
        "cityname": "武汉",
        "city": "101200101",
        "temp": "3.4",
        "tempf": "38.1",
        "WD": "西南风",
        "wde": "SW",
        "WS": "1级",
        "wse": "2km/h",
        "SD": "89%",
        "sd": "89%",
        "qy": "1026",
        "njd": "4km",
        "time": "21:20",
        "rain": "0",
        "rain24h": "0",
        "aqi": "78",
        "aqi_pm25": "78",
        "weather": "雾",
        "weathere": "Foggy",
        "weathercode": "d18",
        "limitnumber": "不限行",
        "date": "02月17日(星期二)"
      },
      "weather": {
        "day": {
          "date": "17日夜间",
          "weather": "晴",
          "temp": "-1",
          "tempUnit": "°C",
          "wind": {
            "direction": "东南风",
            "directionCode": "SE",
            "level": "<3级"
          },
          "sunrise": "日落 18:11"
        },
        "night": {
          "date": "18日白天",
          "weather": "多云",
          "temp": "12",
          "tempUnit": "°C",
          "wind": {
            "direction": "南风",
            "directionCode": "S",
            "level": "<3级"
          },
          "sunset": "日出 07:01"
        }
      }
    },
    {
      "id": "101210101",
      "province": "浙江",
      "city": "杭州",
      "realtime": {
        "nameen": "hangzhou",
        "cityname": "杭州",
        "city": "101210101",
        "temp": "6.7",
        "tempf": "44.1",
        "WD": "西北风",
        "wde": "NW",
        "WS": "2级",
        "wse": "6km/h",
        "SD": "56%",
        "sd": "56%",
        "qy": "1022",
        "njd": "14km",
        "time": "21:20",
        "rain": "0",
        "rain24h": "0",
        "aqi": "62",
        "aqi_pm25": "62",
        "weather": "晴",
        "weathere": "Sunny",
        "weathercode": "d00",
        "limitnumber": "不限行",
        "date": "02月17日(星期二)"
      },
      "weather": {
        "day": {
          "date": "17日夜间",
          "weather": "晴",
          "temp": "3",
          "tempUnit": "°C",
          "wind": {
            "direction": "东风",
            "directionCode": "E",
            "level": "<3级"
          },
          "sunrise": "日落 17:48"
        },
        "night": {
          "date": "18日白天",
          "weather": "多云",
          "temp": "14",
          "tempUnit": "°C",
          "wind": {
            "direction": "东北风",
            "directionCode": "NE",
            "level": "<3级"
          },
          "sunset": "日出 06:37"
        }
      }
    },
    {
      "id": "101220101",
      "province": "安徽",
      "city": "合肥",
      "realtime": {
        "nameen": "hefei",
        "cityname": "合肥",
        "city": "101220101",
        "temp": "2.8",
        "tempf": "37",
        "WD": "西南风",
        "wde": "SW",
        "WS": "2级",
        "wse": "6km/h",
        "SD": "87%",
        "sd": "87%",
        "qy": "1021",
        "njd": "8km",
        "time": "21:20",
        "rain": "0",
        "rain24h": "0",
        "aqi": "73",
        "aqi_pm25": "73",
        "weather": "晴",
        "weathere": "Sunny",
        "weathercode": "d00",
        "limitnumber": "",
        "date": "02月17日(星期二)"
      },
      "weather": {
        "day": {
          "date": "17日夜间",
          "weather": "晴",
          "temp": "-2",
          "tempUnit": "°C",
          "wind": {
            "direction": "西风",
            "directionCode": "W",
            "level": "<3级"
          },
          "sunrise": "日落 17:58"
        },
        "night": {
          "date": "18日白天",
          "weather": "多云",
          "temp": "13",
          "tempUnit": "°C",
          "wind": {
            "direction": "东南风",
            "directionCode": "SE",
            "level": "<3级"
          },
          "sunset": "日出 06:51"
        }
      }
    },
    {
      "id": "101230101",
      "province": "福建",
      "city": "福州",
      "realtime": {
        "nameen": "fuzhou",
        "cityname": "福州",
        "city": "101230101",
        "temp": "10.9",
        "tempf": "51.6",
        "WD": "东风",
        "wde": "E",
        "WS": "2级",
        "wse": "6km/h",
        "SD": "78%",
        "sd": "78%",
        "qy": "1015",
        "njd": "11km",
        "time": "21:20",
        "rain": "0",
        "rain24h": "0",
        "aqi": "35",
        "aqi_pm25": "35",
        "weather": "阴",
        "weathere": "Overcast",
        "weathercode": "d02",
        "limitnumber": "",
        "date": "02月17日(星期二)"
      },
      "weather": {
        "day": {
          "date": "17日夜间",
          "weather": "阴",
          "temp": "11",
          "tempUnit": "°C",
          "wind": {
            "direction": "无持续风向",
            "directionCode": "NNW",
            "level": "<3级"
          },
          "sunrise": "日落 17:56"
        },
        "night": {
          "date": "18日白天",
          "weather": "多云",
          "temp": "16",
          "tempUnit": "°C",
          "wind": {
            "direction": "无持续风向",
            "directionCode": "NNW",
            "level": "<3级"
          },
          "sunset": "日出 06:36"
        }
      }
    },
    {
      "id": "101240101",
      "province": "江西",
      "city": "南昌",
      "realtime": {
        "nameen": "nanchang",
        "cityname": "南昌",
        "city": "101240101",
        "temp": "6.8",
        "tempf": "44.2",
        "WD": "东北风",
        "wde": "NE",
        "WS": "1级",
        "wse": "1km/h",
        "SD": "75%",
        "sd": "75%",
        "qy": "1022",
        "njd": "8km",
        "time": "21:10",
        "rain": "0",
        "rain24h": "0",
        "aqi": "82",
        "aqi_pm25": "82",
        "weather": "多云",
        "weathere": "Cloudy",
        "weathercode": "d01",
        "limitnumber": "",
        "date": "02月17日(星期二)"
      },
      "weather": {
        "day": {
          "date": "17日夜间",
          "weather": "多云",
          "temp": "4",
          "tempUnit": "°C",
          "wind": {
            "direction": "西北风",
            "directionCode": "NW",
            "level": "<3级"
          },
          "sunrise": "日落 18:07"
        },
        "night": {
          "date": "18日白天",
          "weather": "多云",
          "temp": "13",
          "tempUnit": "°C",
          "wind": {
            "direction": "北风",
            "directionCode": "N",
            "level": "<3级"
          },
          "sunset": "日出 06:53"
        }
      }
    },
    {
      "id": "101250101",
      "province": "湖南",
      "city": "长沙",
      "realtime": {
        "nameen": "changsha",
        "cityname": "长沙",
        "city": "101250101",
        "temp": "3.2",
        "tempf": "37.8",
        "WD": "西风",
        "wde": "W",
        "WS": "1级",
        "wse": "3km/h",
        "SD": "92%",
        "sd": "92%",
        "qy": "1015",
        "njd": "3km",
        "time": "21:20",
        "rain": "0",
        "rain24h": "0",
        "aqi": "68",
        "aqi_pm25": "68",
        "weather": "多云",
        "weathere": "Cloudy",
        "weathercode": "d01",
        "limitnumber": "",
        "date": "02月17日(星期二)"
      },
      "weather": {
        "day": {
          "date": "17日夜间",
          "weather": "晴",
          "temp": "2",
          "tempUnit": "°C",
          "wind": {
            "direction": "西北风",
            "directionCode": "NW",
            "level": "<3级"
          },
          "sunrise": "日落 18:20"
        },
        "night": {
          "date": "18日白天",
          "weather": "多云",
          "temp": "13",
          "tempUnit": "°C",
          "wind": {
            "direction": "北风",
            "directionCode": "N",
            "level": "<3级"
          },
          "sunset": "日出 07:04"
        }
      }
    },
    {
      "id": "101260101",
      "province": "贵州",
      "city": "贵阳",
      "realtime": {
        "nameen": "guiyang",
        "cityname": "贵阳",
        "city": "101260101",
        "temp": "10",
        "tempf": "50",
        "WD": "东风",
        "wde": "E",
        "WS": "2级",
        "wse": "9km/h",
        "SD": "69%",
        "sd": "69%",
        "qy": "883",
        "njd": "12km",
        "time": "21:20",
        "rain": "0",
        "rain24h": "0",
        "aqi": "49",
        "aqi_pm25": "49",
        "weather": "多云",
        "weathere": "Cloudy",
        "weathercode": "d01",
        "limitnumber": null,
        "date": "02月17日(星期二)"
      },
      "weather": {
        "day": {
          "date": "17日夜间",
          "weather": "小雨",
          "temp": "5",
          "tempUnit": "°C",
          "wind": {
            "direction": "东北风",
            "directionCode": "NE",
            "level": "<3级"
          },
          "sunrise": "日落 18:46"
        },
        "night": {
          "date": "18日白天",
          "weather": "小雨",
          "temp": "7",
          "tempUnit": "°C",
          "wind": {
            "direction": "东北风",
            "directionCode": "NE",
            "level": "<3级"
          },
          "sunset": "日出 07:27"
        }
      }
    },
    {
      "id": "101270101",
      "province": "四川",
      "city": "成都",
      "realtime": {
        "nameen": "chengdu",
        "cityname": "成都",
        "city": "101270101",
        "temp": "11.8",
        "tempf": "53.2",
        "WD": "北风",
        "wde": "N",
        "WS": "1级",
        "wse": "3km/h",
        "SD": "58%",
        "sd": "58%",
        "qy": "965",
        "njd": "14km",
        "time": "21:20",
        "rain": "0",
        "rain24h": "0",
        "aqi": "54",
        "aqi_pm25": "54",
        "weather": "阴",
        "weathere": "Overcast",
        "weathercode": "d02",
        "limitnumber": "不限行",
        "date": "02月17日(星期二)"
      },
      "weather": {
        "day": {
          "date": "17日夜间",
          "weather": "多云",
          "temp": "10",
          "tempUnit": "°C",
          "wind": {
            "direction": "无持续风向",
            "directionCode": "NNW",
            "level": "<3级"
          },
          "sunrise": "日落 18:52"
        },
        "night": {
          "date": "18日白天",
          "weather": "多云",
          "temp": "18",
          "tempUnit": "°C",
          "wind": {
            "direction": "无持续风向",
            "directionCode": "NNW",
            "level": "<3级"
          },
          "sunset": "日出 07:42"
        }
      }
    },
    {
      "id": "101280101",
      "province": "广东",
      "city": "广州",
      "realtime": {
        "nameen": "guangzhou",
        "cityname": "广州",
        "city": "101280101",
        "temp": "16.3",
        "tempf": "61.3",
        "WD": "东北风",
        "wde": "NE",
        "WS": "1级",
        "wse": "3km/h",
        "SD": "59%",
        "sd": "59%",
        "qy": "1018",
        "njd": "25km",
        "time": "21:10",
        "rain": "0",
        "rain24h": "0",
        "aqi": "30",
        "aqi_pm25": "30",
        "weather": "晴",
        "weathere": "Sunny",
        "weathercode": "d00",
        "limitnumber": "不限行",
        "date": "02月17日(星期二)"
      },
      "weather": {
        "day": {
          "date": "17日夜间",
          "weather": "多云",
          "temp": "13",
          "tempUnit": "°C",
          "wind": {
            "direction": "无持续风向",
            "directionCode": "NNW",
            "level": "<3级"
          },
          "sunrise": "日落 18:23"
        },
        "night": {
          "date": "18日白天",
          "weather": "多云",
          "temp": "22",
          "tempUnit": "°C",
          "wind": {
            "direction": "无持续风向",
            "directionCode": "NNW",
            "level": "<3级"
          },
          "sunset": "日出 06:57"
        }
      }
    },
    {
      "id": "101290101",
      "province": "云南",
      "city": "昆明",
      "realtime": {
        "nameen": "kunming",
        "cityname": "昆明",
        "city": "101290101",
        "temp": "14.3",
        "tempf": "57.7",
        "WD": "西南风",
        "wde": "SW",
        "WS": "2级",
        "wse": "7km/h",
        "SD": "38%",
        "sd": "38%",
        "qy": "813",
        "njd": "25km",
        "time": "21:20",
        "rain": "0",
        "rain24h": "0",
        "aqi": "38",
        "aqi_pm25": "38",
        "weather": "晴",
        "weathere": "Sunny",
        "weathercode": "d00",
        "limitnumber": "",
        "date": "02月17日(星期二)"
      },
      "weather": {
        "day": {
          "date": "17日夜间",
          "weather": "晴",
          "temp": "7",
          "tempUnit": "°C",
          "wind": {
            "direction": "无持续风向",
            "directionCode": "NNW",
            "level": "<3级"
          },
          "sunrise": "日落 19:03"
        },
        "night": {
          "date": "18日白天",
          "weather": "晴",
          "temp": "22",
          "tempUnit": "°C",
          "wind": {
            "direction": "西南风",
            "directionCode": "SW",
            "level": "3-4级"
          },
          "sunset": "日出 07:41"
        }
      }
    },
    {
      "id": "101300101",
      "province": "广西",
      "city": "南宁",
      "realtime": {
        "nameen": "nanning",
        "cityname": "南宁",
        "city": "101300101",
        "temp": "11.9",
        "tempf": "53.4",
        "WD": "东风",
        "wde": "E",
        "WS": "3级",
        "wse": "15km/h",
        "SD": "74%",
        "sd": "74%",
        "qy": "1004",
        "njd": "15km",
        "time": "21:20",
        "rain": "0",
        "rain24h": "0",
        "aqi": "54",
        "aqi_pm25": "54",
        "weather": "晴",
        "weathere": "Sunny",
        "weathercode": "d00",
        "limitnumber": "",
        "date": "02月17日(星期二)"
      },
      "weather": {
        "day": {
          "date": "17日夜间",
          "weather": "阴",
          "temp": "11",
          "tempUnit": "°C",
          "wind": {
            "direction": "东北风",
            "directionCode": "NE",
            "level": "<3级"
          },
          "sunrise": "日落 18:43"
        },
        "night": {
          "date": "18日白天",
          "weather": "阴",
          "temp": "16",
          "tempUnit": "°C",
          "wind": {
            "direction": "东北风",
            "directionCode": "NE",
            "level": "<3级"
          },
          "sunset": "日出 07:17"
        }
      }
    },
    {
      "id": "101310101",
      "province": "海南",
      "city": "海口",
      "realtime": {
        "nameen": "haikou",
        "cityname": "海口",
        "city": "101310101",
        "temp": "21.1",
        "tempf": "70",
        "WD": "东风",
        "wde": "E",
        "WS": "3级",
        "wse": "14km/h",
        "SD": "88%",
        "sd": "88%",
        "qy": "1011",
        "njd": "13km",
        "time": "21:20",
        "rain": "0",
        "rain24h": "0",
        "aqi": "36",
        "aqi_pm25": "36",
        "weather": "阴",
        "weathere": "Overcast",
        "weathercode": "d02",
        "limitnumber": "",
        "date": "02月17日(星期二)"
      },
      "weather": {
        "day": {
          "date": "17日夜间",
          "weather": "多云",
          "temp": "20",
          "tempUnit": "°C",
          "wind": {
            "direction": "东风",
            "directionCode": "E",
            "level": "3-4级"
          },
          "sunrise": "日落 18:38"
        },
        "night": {
          "date": "18日白天",
          "weather": "多云",
          "temp": "24",
          "tempUnit": "°C",
          "wind": {
            "direction": "东风",
            "directionCode": "E",
            "level": "3-4级"
          },
          "sunset": "日出 07:06"
        }
      }
    },
    {
      "id": "101320101",
      "province": "香港",
      "city": "香港",
      "realtime": {
        "nameen": "hongkong",
        "cityname": "香港",
        "city": "101320101",
        "temp": "18.4",
        "tempf": "65.1",
        "WD": "微风",
        "wde": "NWW",
        "WS": "2级",
        "wse": "5km/h",
        "SD": "72%",
        "sd": "72%",
        "qy": "999",
        "njd": "17km",
        "time": "21:00",
        "rain": "0",
        "rain24h": "0",
        "aqi": "30",
        "aqi_pm25": "30",
        "weather": "阴",
        "weathere": "Overcast",
        "weathercode": "d02",
        "limitnumber": "",
        "date": "02月17日(星期二)"
      },
      "weather": {
        "day": {
          "date": "17日夜间",
          "weather": "多云",
          "temp": "17",
          "tempUnit": "°C",
          "wind": {
            "direction": "无持续风向",
            "directionCode": "NNW",
            "level": "<3级"
          },
          "sunrise": "日落 18:21"
        },
        "night": {
          "date": "18日白天",
          "weather": "多云",
          "temp": "22",
          "tempUnit": "°C",
          "wind": {
            "direction": "无持续风向",
            "directionCode": "NNW",
            "level": "<3级"
          },
          "sunset": "日出 06:53"
        }
      }
    },
    {
      "id": "101330101",
      "province": "澳门",
      "city": "澳门",
      "realtime": {
        "nameen": "macao",
        "cityname": "澳门",
        "city": "101330101",
        "temp": "18.8",
        "tempf": "65.8",
        "WD": "微风",
        "wde": "NWW",
        "WS": "2级",
        "wse": "5km/h",
        "SD": "60%",
        "sd": "60%",
        "qy": "1006",
        "njd": "29km",
        "time": "21:00",
        "rain": "0",
        "rain24h": "0",
        "aqi": "46",
        "aqi_pm25": "46",
        "weather": "多云",
        "weathere": "Cloudy",
        "weathercode": "d01",
        "limitnumber": "",
        "date": "02月17日(星期二)"
      },
      "weather": {
        "day": {
          "date": "17日夜间",
          "weather": "多云",
          "temp": "15",
          "tempUnit": "°C",
          "wind": {
            "direction": "无持续风向",
            "directionCode": "NNW",
            "level": "<3级"
          },
          "sunrise": "日落 18:23"
        },
        "night": {
          "date": "18日白天",
          "weather": "多云",
          "temp": "23",
          "tempUnit": "°C",
          "wind": {
            "direction": "无持续风向",
            "directionCode": "NNW",
            "level": "<3级"
          },
          "sunset": "日出 06:55"
        }
      }
    },
    {
      "id": "101340101",
      "province": "台湾",
      "city": "台北",
      "realtime": {
        "nameen": "taibeixian",
        "cityname": "台北",
        "city": "101340101",
        "temp": "13.3",
        "tempf": "55.9",
        "WD": "微风",
        "wde": "NWW",
        "WS": "2级",
        "wse": "5km/h",
        "SD": "90%",
        "sd": "90%",
        "qy": "1007",
        "njd": "4km",
        "time": "21:00",
        "rain": "0",
        "rain24h": "0",
        "aqi": "62",
        "aqi_pm25": "62",
        "weather": "阴",
        "weathere": "Overcast",
        "weathercode": "d02",
        "limitnumber": "",
        "date": "02月17日(星期二)"
      },
      "weather": {
        "day": {
          "date": "17日夜间",
          "weather": "小雨",
          "temp": "13",
          "tempUnit": "°C",
          "wind": {
            "direction": "无持续风向",
            "directionCode": "NNW",
            "level": "<3级"
          },
          "sunrise": "日落 17:49"
        },
        "night": {
          "date": "18日白天",
          "weather": "阴",
          "temp": "15",
          "tempUnit": "°C",
          "wind": {
            "direction": "无持续风向",
            "directionCode": "NNW",
            "level": "<3级"
          },
          "sunset": "日出 06:26"
        }
      }
    }
  ]
}
