{
  "timestamp": 1726682661214,
  "lastUpdate": "2024-09-19 02:04:21",
  "data": [
    {
      "id": "101010100",
      "province": "北京",
      "city": "北京",
      "realtime": {
        "nameen": "beijing",
        "cityname": "北京",
        "city": "101010100",
        "temp": "23.2",
        "tempf": "73.8",
        "WD": "南风",
        "wde": "S",
        "WS": "2级",
        "wse": "8km/h",
        "SD": "86%",
        "sd": "86%",
        "qy": "1010",
        "njd": "5km",
        "time": "01:50",
        "rain": "0",
        "rain24h": "0",
        "aqi": "49",
        "aqi_pm25": "49",
        "weather": "阴",
        "weathere": "Overcast",
        "weathercode": "d02",
        "limitnumber": "2和7",
        "date": "09月19日(星期四)"
      },
      "weather": {
        "day": {
          "date": "18日夜间",
          "weather": "多云",
          "temp": "21",
          "tempUnit": "°C",
          "wind": {
            "direction": "南风",
            "directionCode": "S",
            "level": "<3级"
          },
          "sunrise": "日落 18:18"
        },
        "night": {
          "date": "19日白天",
          "weather": "多云",
          "temp": "29",
          "tempUnit": "°C",
          "wind": {
            "direction": "东北风",
            "directionCode": "NE",
            "level": "<3级"
          },
          "sunset": "日出 05:58"
        }
      }
    },
    {
      "id": "101020100",
      "province": "上海",
      "city": "上海",
      "realtime": {
        "nameen": "shanghai",
        "cityname": "上海",
        "city": "101020100",
        "temp": "28.3",
        "tempf": "82.9",
        "WD": "北风",
        "wde": "N",
        "WS": "0级",
        "wse": "0km/h",
        "SD": "85%",
        "sd": "85%",
        "qy": "1008",
        "njd": "14km",
        "time": "01:50",
        "rain": "0",
        "rain24h": "0",
        "aqi": "28",
        "aqi_pm25": "28",
        "weather": "阴",
        "weathere": "Overcast",
        "weathercode": "d02",
        "limitnumber": "",
        "date": "09月19日(星期四)"
      },
      "weather": {
        "day": {
          "date": "18日夜间",
          "weather": "晴",
          "temp": "26",
          "tempUnit": "°C",
          "wind": {
            "direction": "东北风",
            "directionCode": "NE",
            "level": "3-4级"
          },
          "sunrise": "日落 17:56"
        },
        "night": {
          "date": "19日白天",
          "weather": "中雨",
          "temp": "31",
          "tempUnit": "°C",
          "wind": {
            "direction": "东北风",
            "directionCode": "NE",
            "level": "4-5级"
          },
          "sunset": "日出 05:40"
        }
      }
    },
    {
      "id": "101030100",
      "province": "天津",
      "city": "天津",
      "realtime": {
        "nameen": "tianjin",
        "cityname": "天津",
        "city": "101030100",
        "temp": "22.3",
        "tempf": "72.1",
        "WD": "北风",
        "wde": "N",
        "WS": "1级",
        "wse": "3km/h",
        "SD": "85%",
        "sd": "85%",
        "qy": "1014",
        "njd": "11km",
        "time": "01:50",
        "rain": "0",
        "rain24h": "0",
        "aqi": "46",
        "aqi_pm25": "46",
        "weather": "阴",
        "weathere": "Overcast",
        "weathercode": "d02",
        "limitnumber": "2和7",
        "date": "09月19日(星期四)"
      },
      "weather": {
        "day": {
          "date": "18日夜间",
          "weather": "阴",
          "temp": "23",
          "tempUnit": "°C",
          "wind": {
            "direction": "东风",
            "directionCode": "E",
            "level": "<3级"
          },
          "sunrise": "日落 18:15"
        },
        "night": {
          "date": "19日白天",
          "weather": "阴",
          "temp": "28",
          "tempUnit": "°C",
          "wind": {
            "direction": "东南风",
            "directionCode": "SE",
            "level": "<3级"
          },
          "sunset": "日出 05:55"
        }
      }
    },
    {
      "id": "101040100",
      "province": "重庆",
      "city": "重庆",
      "realtime": {
        "nameen": "chongqing",
        "cityname": "重庆",
        "city": "101040100",
        "temp": "33.3",
        "tempf": "91.9",
        "WD": "东南风",
        "wde": "SE",
        "WS": "2级",
        "wse": "5km/h",
        "SD": "45%",
        "sd": "45%",
        "qy": "976",
        "njd": "30km",
        "time": "01:50",
        "rain": "0",
        "rain24h": "0",
        "aqi": "40",
        "aqi_pm25": "40",
        "weather": "晴",
        "weathere": "Sunny",
        "weathercode": "d00",
        "limitnumber": "4和9",
        "date": "09月19日(星期四)"
      },
      "weather": {
        "day": {
          "date": "18日夜间",
          "weather": "晴",
          "temp": "30",
          "tempUnit": "°C",
          "wind": {
            "direction": "南风",
            "directionCode": "S",
            "level": "<3级"
          },
          "sunrise": "日落 18:55"
        },
        "night": {
          "date": "19日白天",
          "weather": "晴",
          "temp": "39",
          "tempUnit": "°C",
          "wind": {
            "direction": "南风",
            "directionCode": "S",
            "level": "<3级"
          },
          "sunset": "日出 06:40"
        }
      }
    },
    {
      "id": "101050101",
      "province": "黑龙江",
      "city": "哈尔滨",
      "realtime": {
        "nameen": "haerbin",
        "cityname": "哈尔滨",
        "city": "101050101",
        "temp": "13.7",
        "tempf": "56.7",
        "WD": "东南风",
        "wde": "SE",
        "WS": "2级",
        "wse": "5km/h",
        "SD": "90%",
        "sd": "90%",
        "qy": "1000",
        "njd": "30km",
        "time": "01:50",
        "rain": "0",
        "rain24h": "0",
        "aqi": "52",
        "aqi_pm25": "52",
        "weather": "晴",
        "weathere": "Sunny",
        "weathercode": "d00",
        "limitnumber": "",
        "date": "09月19日(星期四)"
      },
      "weather": {
        "day": {
          "date": "18日夜间",
          "weather": "晴",
          "temp": "13",
          "tempUnit": "°C",
          "wind": {
            "direction": "西南风",
            "directionCode": "SW",
            "level": "<3级"
          },
          "sunrise": "日落 17:39"
        },
        "night": {
          "date": "19日白天",
          "weather": "阵雨",
          "temp": "21",
          "tempUnit": "°C",
          "wind": {
            "direction": "北风",
            "directionCode": "N",
            "level": "3-4级"
          },
          "sunset": "日出 05:16"
        }
      }
    },
    {
      "id": "101060101",
      "province": "吉林",
      "city": "长春",
      "realtime": {
        "nameen": "changchun",
        "cityname": "长春",
        "city": "101060101",
        "temp": "11.9",
        "tempf": "53.4",
        "WD": "东南风",
        "wde": "SE",
        "WS": "1级",
        "wse": "5km/h",
        "SD": "99%",
        "sd": "99%",
        "qy": "987",
        "njd": "9km",
        "time": "01:50",
        "rain": "0",
        "rain24h": "0",
        "aqi": "58",
        "aqi_pm25": "58",
        "weather": "晴",
        "weathere": "Sunny",
        "weathercode": "d00",
        "limitnumber": "",
        "date": "09月19日(星期四)"
      },
      "weather": {
        "day": {
          "date": "18日夜间",
          "weather": "晴",
          "temp": "11",
          "tempUnit": "°C",
          "wind": {
            "direction": "西南风",
            "directionCode": "SW",
            "level": "<3级"
          },
          "sunrise": "日落 17:44"
        },
        "night": {
          "date": "19日白天",
          "weather": "多云",
          "temp": "23",
          "tempUnit": "°C",
          "wind": {
            "direction": "西风",
            "directionCode": "W",
            "level": "<3级"
          },
          "sunset": "日出 05:21"
        }
      }
    },
    {
      "id": "101070101",
      "province": "辽宁",
      "city": "沈阳",
      "realtime": {
        "nameen": "shenyang",
        "cityname": "沈阳",
        "city": "101070101",
        "temp": "17.3",
        "tempf": "63.1",
        "WD": "北风",
        "wde": "N",
        "WS": "1级",
        "wse": "1km/h",
        "SD": "100%",
        "sd": "100%",
        "qy": "1008",
        "njd": "25km",
        "time": "01:50",
        "rain": "0",
        "rain24h": "0",
        "aqi": "51",
        "aqi_pm25": "51",
        "weather": "多云",
        "weathere": "Cloudy",
        "weathercode": "d01",
        "limitnumber": "",
        "date": "09月19日(星期四)"
      },
      "weather": {
        "day": {
          "date": "18日夜间",
          "weather": "阵雨",
          "temp": "16",
          "tempUnit": "°C",
          "wind": {
            "direction": "南风",
            "directionCode": "S",
            "level": "<3级"
          },
          "sunrise": "日落 17:50"
        },
        "night": {
          "date": "19日白天",
          "weather": "阵雨",
          "temp": "26",
          "tempUnit": "°C",
          "wind": {
            "direction": "北风",
            "directionCode": "N",
            "level": "3-4级"
          },
          "sunset": "日出 05:29"
        }
      }
    },
    {
      "id": "101080101",
      "province": "内蒙古",
      "city": "呼和浩特",
      "realtime": {
        "nameen": "huhehaote",
        "cityname": "呼和浩特",
        "city": "101080101",
        "temp": "19.4",
        "tempf": "66.9",
        "WD": "北风",
        "wde": "N",
        "WS": "1级",
        "wse": "1km/h",
        "SD": "95%",
        "sd": "95%",
        "qy": "897",
        "njd": "5km",
        "time": "01:50",
        "rain": "0",
        "rain24h": "0",
        "aqi": "53",
        "aqi_pm25": "53",
        "weather": "雾",
        "weathere": "Foggy",
        "weathercode": "d18",
        "limitnumber": "",
        "date": "09月19日(星期四)"
      },
      "weather": {
        "day": {
          "date": "18日夜间",
          "weather": "小雨",
          "temp": "17",
          "tempUnit": "°C",
          "wind": {
            "direction": "西南风",
            "directionCode": "SW",
            "level": "<3级"
          },
          "sunrise": "日落 18:37"
        },
        "night": {
          "date": "19日白天",
          "weather": "中雨",
          "temp": "25",
          "tempUnit": "°C",
          "wind": {
            "direction": "西南风",
            "directionCode": "SW",
            "level": "<3级"
          },
          "sunset": "日出 06:16"
        }
      }
    },
    {
      "id": "101090101",
      "province": "河北",
      "city": "石家庄",
      "realtime": {
        "nameen": "shijiazhuang",
        "cityname": "石家庄",
        "city": "101090101",
        "temp": "21.5",
        "tempf": "70.7",
        "WD": "西北风",
        "wde": "NW",
        "WS": "1级",
        "wse": "5km/h",
        "SD": "89%",
        "sd": "89%",
        "qy": "1004",
        "njd": "4km",
        "time": "01:50",
        "rain": "0",
        "rain24h": "0",
        "aqi": "54",
        "aqi_pm25": "54",
        "weather": "阴",
        "weathere": "Overcast",
        "weathercode": "d02",
        "limitnumber": "",
        "date": "09月19日(星期四)"
      },
      "weather": {
        "day": {
          "date": "18日夜间",
          "weather": "多云",
          "temp": "23",
          "tempUnit": "°C",
          "wind": {
            "direction": "西北风",
            "directionCode": "NW",
            "level": "<3级"
          },
          "sunrise": "日落 18:25"
        },
        "night": {
          "date": "19日白天",
          "weather": "阴",
          "temp": "30",
          "tempUnit": "°C",
          "wind": {
            "direction": "东南风",
            "directionCode": "SE",
            "level": "<3级"
          },
          "sunset": "日出 06:06"
        }
      }
    },
    {
      "id": "101100101",
      "province": "山西",
      "city": "太原",
      "realtime": {
        "nameen": "taiyuan",
        "cityname": "太原",
        "city": "101100101",
        "temp": "21.9",
        "tempf": "71.4",
        "WD": "东北风",
        "wde": "NE",
        "WS": "1级",
        "wse": "3km/h",
        "SD": "72%",
        "sd": "72%",
        "qy": "927",
        "njd": "12km",
        "time": "01:50",
        "rain": "0",
        "rain24h": "0",
        "aqi": "40",
        "aqi_pm25": "40",
        "weather": "多云",
        "weathere": "Cloudy",
        "weathercode": "d01",
        "limitnumber": "",
        "date": "09月19日(星期四)"
      },
      "weather": {
        "day": {
          "date": "18日夜间",
          "weather": "多云",
          "temp": "19",
          "tempUnit": "°C",
          "wind": {
            "direction": "东北风",
            "directionCode": "NE",
            "level": "<3级"
          },
          "sunrise": "日落 18:33"
        },
        "night": {
          "date": "19日白天",
          "weather": "晴",
          "temp": "28",
          "tempUnit": "°C",
          "wind": {
            "direction": "东南风",
            "directionCode": "SE",
            "level": "<3级"
          },
          "sunset": "日出 06:14"
        }
      }
    },
    {
      "id": "101110101",
      "province": "陕西",
      "city": "西安",
      "realtime": {
        "nameen": "xian",
        "cityname": "西安",
        "city": "101110101",
        "temp": "25.5",
        "tempf": "77.9",
        "WD": "北风",
        "wde": "N",
        "WS": "2级",
        "wse": "6km/h",
        "SD": "96%",
        "sd": "96%",
        "qy": "964",
        "njd": "24km",
        "time": "01:50",
        "rain": "0",
        "rain24h": "0",
        "aqi": "51",
        "aqi_pm25": "51",
        "weather": "晴",
        "weathere": "Sunny",
        "weathercode": "d00",
        "limitnumber": "4和9",
        "date": "09月19日(星期四)"
      },
      "weather": {
        "day": {
          "date": "18日夜间",
          "weather": "晴",
          "temp": "23",
          "tempUnit": "°C",
          "wind": {
            "direction": "无持续风向",
            "directionCode": "NNW",
            "level": "<3级"
          },
          "sunrise": "日落 18:47"
        },
        "night": {
          "date": "19日白天",
          "weather": "晴",
          "temp": "34",
          "tempUnit": "°C",
          "wind": {
            "direction": "无持续风向",
            "directionCode": "NNW",
            "level": "<3级"
          },
          "sunset": "日出 06:29"
        }
      }
    },
    {
      "id": "101120101",
      "province": "山东",
      "city": "济南",
      "realtime": {
        "nameen": "jinan",
        "cityname": "济南",
        "city": "101120101",
        "temp": "25.4",
        "tempf": "77.7",
        "WD": "东北风",
        "wde": "NE",
        "WS": "1级",
        "wse": "3km/h",
        "SD": "94%",
        "sd": "94%",
        "qy": "993",
        "njd": "3km",
        "time": "01:50",
        "rain": "0",
        "rain24h": "0",
        "aqi": "36",
        "aqi_pm25": "36",
        "weather": "雾",
        "weathere": "Foggy",
        "weathercode": "d18",
        "limitnumber": "",
        "date": "09月19日(星期四)"
      },
      "weather": {
        "day": {
          "date": "18日夜间",
          "weather": "多云",
          "temp": "23",
          "tempUnit": "°C",
          "wind": {
            "direction": "无持续风向",
            "directionCode": "NNW",
            "level": "<3级"
          },
          "sunrise": "日落 18:14"
        },
        "night": {
          "date": "19日白天",
          "weather": "多云",
          "temp": "32",
          "tempUnit": "°C",
          "wind": {
            "direction": "无持续风向",
            "directionCode": "NNW",
            "level": "<3级"
          },
          "sunset": "日出 05:56"
        }
      }
    },
    {
      "id": "101130101",
      "province": "新疆",
      "city": "乌鲁木齐",
      "realtime": {
        "nameen": "wulumuqi",
        "cityname": "乌鲁木齐",
        "city": "101130101",
        "temp": "10.6",
        "tempf": "51.1",
        "WD": "北风",
        "wde": "N",
        "WS": "0级",
        "wse": "0km/h",
        "SD": "35%",
        "sd": "35%",
        "qy": "918",
        "njd": "41km",
        "time": "01:50",
        "rain": "0",
        "rain24h": "0",
        "aqi": "36",
        "aqi_pm25": "36",
        "weather": "晴",
        "weathere": "Sunny",
        "weathercode": "d00",
        "limitnumber": "",
        "date": "09月19日(星期四)"
      },
      "weather": {
        "day": {
          "date": "18日夜间",
          "weather": "晴",
          "temp": "9",
          "tempUnit": "°C",
          "wind": {
            "direction": "无持续风向",
            "directionCode": "NNW",
            "level": "<3级"
          },
          "sunrise": "日落 20:14"
        },
        "night": {
          "date": "19日白天",
          "weather": "晴",
          "temp": "19",
          "tempUnit": "°C",
          "wind": {
            "direction": "无持续风向",
            "directionCode": "NNW",
            "level": "<3级"
          },
          "sunset": "日出 07:52"
        }
      }
    },
    {
      "id": "101140101",
      "province": "西藏",
      "city": "拉萨",
      "realtime": {
        "nameen": "lasa",
        "cityname": "拉萨",
        "city": "101140101",
        "temp": "15.1",
        "tempf": "59.2",
        "WD": "东风",
        "wde": "E",
        "WS": "2级",
        "wse": "5km/h",
        "SD": "49%",
        "sd": "49%",
        "qy": "656",
        "njd": "30km",
        "time": "01:50",
        "rain": "0",
        "rain24h": "0",
        "aqi": "21",
        "aqi_pm25": "21",
        "weather": "晴",
        "weathere": "Sunny",
        "weathercode": "d00",
        "limitnumber": "",
        "date": "09月19日(星期四)"
      },
      "weather": {
        "day": {
          "date": "18日夜间",
          "weather": "多云",
          "temp": "12",
          "tempUnit": "°C",
          "wind": {
            "direction": "无持续风向",
            "directionCode": "NNW",
            "level": "<3级"
          },
          "sunrise": "日落 19:57"
        },
        "night": {
          "date": "19日白天",
          "weather": "多云",
          "temp": "24",
          "tempUnit": "°C",
          "wind": {
            "direction": "无持续风向",
            "directionCode": "NNW",
            "level": "<3级"
          },
          "sunset": "日出 07:41"
        }
      }
    },
    {
      "id": "101150101",
      "province": "青海",
      "city": "西宁",
      "realtime": {
        "nameen": "xining",
        "cityname": "西宁",
        "city": "101150101",
        "temp": "16.5",
        "tempf": "61.7",
        "WD": "东南风",
        "wde": "SE",
        "WS": "3级",
        "wse": "12km/h",
        "SD": "87%",
        "sd": "87%",
        "qy": "760",
        "njd": "5km",
        "time": "01:50",
        "rain": "0",
        "rain24h": "0",
        "aqi": "46",
        "aqi_pm25": "46",
        "weather": "雾",
        "weathere": "Foggy",
        "weathercode": "d18",
        "limitnumber": "",
        "date": "09月19日(星期四)"
      },
      "weather": {
        "day": {
          "date": "18日夜间",
          "weather": "小雨",
          "temp": "13",
          "tempUnit": "°C",
          "wind": {
            "direction": "无持续风向",
            "directionCode": "NNW",
            "level": "<3级"
          },
          "sunrise": "日落 19:16"
        },
        "night": {
          "date": "19日白天",
          "weather": "小雨",
          "temp": "20",
          "tempUnit": "°C",
          "wind": {
            "direction": "无持续风向",
            "directionCode": "NNW",
            "level": "<3级"
          },
          "sunset": "日出 06:57"
        }
      }
    },
    {
      "id": "101160101",
      "province": "甘肃",
      "city": "兰州",
      "realtime": {
        "nameen": "lanzhou",
        "cityname": "兰州",
        "city": "101160101",
        "temp": "20.8",
        "tempf": "69.4",
        "WD": "西北风",
        "wde": "NW",
        "WS": "1级",
        "wse": "2km/h",
        "SD": "62%",
        "sd": "62%",
        "qy": "846",
        "njd": "23km",
        "time": "01:50",
        "rain": "0",
        "rain24h": "0",
        "aqi": "46",
        "aqi_pm25": "46",
        "weather": "晴",
        "weathere": "Sunny",
        "weathercode": "d00",
        "limitnumber": "4和9",
        "date": "09月19日(星期四)"
      },
      "weather": {
        "day": {
          "date": "18日夜间",
          "weather": "多云",
          "temp": "19",
          "tempUnit": "°C",
          "wind": {
            "direction": "无持续风向",
            "directionCode": "NNW",
            "level": "<3级"
          },
          "sunrise": "日落 19:07"
        },
        "night": {
          "date": "19日白天",
          "weather": "小雨",
          "temp": "26",
          "tempUnit": "°C",
          "wind": {
            "direction": "无持续风向",
            "directionCode": "NNW",
            "level": "<3级"
          },
          "sunset": "日出 06:49"
        }
      }
    },
    {
      "id": "101170101",
      "province": "宁夏",
      "city": "银川",
      "realtime": {
        "nameen": "yinchuan",
        "cityname": "银川",
        "city": "101170101",
        "temp": "21.3",
        "tempf": "70.3",
        "WD": "东北风",
        "wde": "NE",
        "WS": "1级",
        "wse": "1km/h",
        "SD": "91%",
        "sd": "91%",
        "qy": "887",
        "njd": "3km",
        "time": "01:50",
        "rain": "0",
        "rain24h": "0",
        "aqi": "56",
        "aqi_pm25": "56",
        "weather": "雾",
        "weathere": "Foggy",
        "weathercode": "d18",
        "limitnumber": "",
        "date": "09月19日(星期四)"
      },
      "weather": {
        "day": {
          "date": "18日夜间",
          "weather": "多云",
          "temp": "18",
          "tempUnit": "°C",
          "wind": {
            "direction": "无持续风向",
            "directionCode": "NNW",
            "level": "<3级"
          },
          "sunrise": "日落 18:58"
        },
        "night": {
          "date": "19日白天",
          "weather": "小雨",
          "temp": "27",
          "tempUnit": "°C",
          "wind": {
            "direction": "无持续风向",
            "directionCode": "NNW",
            "level": "<3级"
          },
          "sunset": "日出 06:39"
        }
      }
    },
    {
      "id": "101180101",
      "province": "河南",
      "city": "郑州",
      "realtime": {
        "nameen": "zhengzhou",
        "cityname": "郑州",
        "city": "101180101",
        "temp": "22.3",
        "tempf": "72.1",
        "WD": "东北风",
        "wde": "NE",
        "WS": "2级",
        "wse": "7km/h",
        "SD": "100%",
        "sd": "100%",
        "qy": "999",
        "njd": "1km",
        "time": "01:50",
        "rain": "0.6",
        "rain24h": "0.6",
        "aqi": "45",
        "aqi_pm25": "45",
        "weather": "雨",
        "weathere": null,
        "weathercode": "d301",
        "limitnumber": "4和9",
        "date": "09月19日(星期四)"
      },
      "weather": {
        "day": {
          "date": "18日夜间",
          "weather": "中雨",
          "temp": "24",
          "tempUnit": "°C",
          "wind": {
            "direction": "东北风",
            "directionCode": "NE",
            "level": "<3级"
          },
          "sunrise": "日落 18:28"
        },
        "night": {
          "date": "19日白天",
          "weather": "小雨",
          "temp": "29",
          "tempUnit": "°C",
          "wind": {
            "direction": "东北风",
            "directionCode": "NE",
            "level": "<3级"
          },
          "sunset": "日出 06:10"
        }
      }
    },
    {
      "id": "101190101",
      "province": "江苏",
      "city": "南京",
      "realtime": {
        "nameen": "nanjing",
        "cityname": "南京",
        "city": "101190101",
        "temp": "26.4",
        "tempf": "79.5",
        "WD": "东风",
        "wde": "E",
        "WS": "2级",
        "wse": "7km/h",
        "SD": "91%",
        "sd": "91%",
        "qy": "1005",
        "njd": "15km",
        "time": "01:50",
        "rain": "0",
        "rain24h": "0",
        "aqi": "24",
        "aqi_pm25": "24",
        "weather": "多云",
        "weathere": "Cloudy",
        "weathercode": "d01",
        "limitnumber": "",
        "date": "09月19日(星期四)"
      },
      "weather": {
        "day": {
          "date": "18日夜间",
          "weather": "多云",
          "temp": "26",
          "tempUnit": "°C",
          "wind": {
            "direction": "东风",
            "directionCode": "E",
            "level": "4-5级"
          },
          "sunrise": "日落 18:07"
        },
        "night": {
          "date": "19日白天",
          "weather": "雷阵雨",
          "temp": "31",
          "tempUnit": "°C",
          "wind": {
            "direction": "东北风",
            "directionCode": "NE",
            "level": "4-5级"
          },
          "sunset": "日出 05:50"
        }
      }
    },
    {
      "id": "101200101",
      "province": "湖北",
      "city": "武汉",
      "realtime": {
        "nameen": "wuhan",
        "cityname": "武汉",
        "city": "101200101",
        "temp": "24.9",
        "tempf": "76.8",
        "WD": "北风",
        "wde": "N",
        "WS": "1级",
        "wse": "4km/h",
        "SD": "88%",
        "sd": "88%",
        "qy": "1006",
        "njd": "11km",
        "time": "01:50",
        "rain": "0",
        "rain24h": "0",
        "aqi": "25",
        "aqi_pm25": "25",
        "weather": "阴",
        "weathere": "Overcast",
        "weathercode": "d02",
        "limitnumber": "双号限行",
        "date": "09月19日(星期四)"
      },
      "weather": {
        "day": {
          "date": "18日夜间",
          "weather": "晴",
          "temp": "24",
          "tempUnit": "°C",
          "wind": {
            "direction": "无持续风向",
            "directionCode": "NNW",
            "level": "<3级"
          },
          "sunrise": "日落 18:24"
        },
        "night": {
          "date": "19日白天",
          "weather": "多云",
          "temp": "34",
          "tempUnit": "°C",
          "wind": {
            "direction": "无持续风向",
            "directionCode": "NNW",
            "level": "<3级"
          },
          "sunset": "日出 06:08"
        }
      }
    },
    {
      "id": "101210101",
      "province": "浙江",
      "city": "杭州",
      "realtime": {
        "nameen": "hangzhou",
        "cityname": "杭州",
        "city": "101210101",
        "temp": "28.1",
        "tempf": "82.6",
        "WD": "北风",
        "wde": "N",
        "WS": "2级",
        "wse": "7km/h",
        "SD": "89%",
        "sd": "89%",
        "qy": "1002",
        "njd": "19km",
        "time": "01:50",
        "rain": "0",
        "rain24h": "0",
        "aqi": "24",
        "aqi_pm25": "24",
        "weather": "阴",
        "weathere": "Overcast",
        "weathercode": "d02",
        "limitnumber": "4和6",
        "date": "09月19日(星期四)"
      },
      "weather": {
        "day": {
          "date": "18日夜间",
          "weather": "小雨",
          "temp": "25",
          "tempUnit": "°C",
          "wind": {
            "direction": "东北风",
            "directionCode": "NE",
            "level": "4-5级"
          },
          "sunrise": "日落 18:01"
        },
        "night": {
          "date": "19日白天",
          "weather": "大雨",
          "temp": "30",
          "tempUnit": "°C",
          "wind": {
            "direction": "东北风",
            "directionCode": "NE",
            "level": "4-5级"
          },
          "sunset": "日出 05:45"
        }
      }
    },
    {
      "id": "101220101",
      "province": "安徽",
      "city": "合肥",
      "realtime": {
        "nameen": "hefei",
        "cityname": "合肥",
        "city": "101220101",
        "temp": "23.8",
        "tempf": "74.8",
        "WD": "北风",
        "wde": "N",
        "WS": "1级",
        "wse": "5km/h",
        "SD": "97%",
        "sd": "97%",
        "qy": "1002",
        "njd": "8km",
        "time": "01:50",
        "rain": "0",
        "rain24h": "0",
        "aqi": "31",
        "aqi_pm25": "31",
        "weather": "多云",
        "weathere": "Cloudy",
        "weathercode": "d01",
        "limitnumber": "",
        "date": "09月19日(星期四)"
      },
      "weather": {
        "day": {
          "date": "18日夜间",
          "weather": "多云",
          "temp": "24",
          "tempUnit": "°C",
          "wind": {
            "direction": "东风",
            "directionCode": "E",
            "level": "3-4级"
          },
          "sunrise": "日落 18:13"
        },
        "night": {
          "date": "19日白天",
          "weather": "阴",
          "temp": "32",
          "tempUnit": "°C",
          "wind": {
            "direction": "东北风",
            "directionCode": "NE",
            "level": "3-4级"
          },
          "sunset": "日出 05:56"
        }
      }
    },
    {
      "id": "101230101",
      "province": "福建",
      "city": "福州",
      "realtime": {
        "nameen": "fuzhou",
        "cityname": "福州",
        "city": "101230101",
        "temp": "28.1",
        "tempf": "82.6",
        "WD": "西风",
        "wde": "W",
        "WS": "2级",
        "wse": "7km/h",
        "SD": "76%",
        "sd": "76%",
        "qy": "994",
        "njd": "19km",
        "time": "01:50",
        "rain": "0",
        "rain24h": "0",
        "aqi": "23",
        "aqi_pm25": "23",
        "weather": "阴",
        "weathere": "Overcast",
        "weathercode": "d02",
        "limitnumber": "",
        "date": "09月19日(星期四)"
      },
      "weather": {
        "day": {
          "date": "18日夜间",
          "weather": "小雨",
          "temp": "26",
          "tempUnit": "°C",
          "wind": {
            "direction": "无持续风向",
            "directionCode": "NNW",
            "level": "<3级"
          },
          "sunrise": "日落 18:03"
        },
        "night": {
          "date": "19日白天",
          "weather": "中雨",
          "temp": "33",
          "tempUnit": "°C",
          "wind": {
            "direction": "无持续风向",
            "directionCode": "NNW",
            "level": "<3级"
          },
          "sunset": "日出 05:49"
        }
      }
    },
    {
      "id": "101240101",
      "province": "江西",
      "city": "南昌",
      "realtime": {
        "nameen": "nanchang",
        "cityname": "南昌",
        "city": "101240101",
        "temp": "30.6",
        "tempf": "87.1",
        "WD": "东北风",
        "wde": "NE",
        "WS": "2级",
        "wse": "6km/h",
        "SD": "73%",
        "sd": "73%",
        "qy": "1000",
        "njd": "25km",
        "time": "01:50",
        "rain": "0",
        "rain24h": "0",
        "aqi": "32",
        "aqi_pm25": "32",
        "weather": "晴",
        "weathere": "Sunny",
        "weathercode": "d00",
        "limitnumber": "",
        "date": "09月19日(星期四)"
      },
      "weather": {
        "day": {
          "date": "18日夜间",
          "weather": "晴",
          "temp": "28",
          "tempUnit": "°C",
          "wind": {
            "direction": "东北风",
            "directionCode": "NE",
            "level": "<3级"
          },
          "sunrise": "日落 18:18"
        },
        "night": {
          "date": "19日白天",
          "weather": "多云",
          "temp": "34",
          "tempUnit": "°C",
          "wind": {
            "direction": "东北风",
            "directionCode": "NE",
            "level": "<3级"
          },
          "sunset": "日出 06:03"
        }
      }
    },
    {
      "id": "101250101",
      "province": "湖南",
      "city": "长沙",
      "realtime": {
        "nameen": "changsha",
        "cityname": "长沙",
        "city": "101250101",
        "temp": "27.5",
        "tempf": "81.5",
        "WD": "西风",
        "wde": "W",
        "WS": "2级",
        "wse": "6km/h",
        "SD": "86%",
        "sd": "86%",
        "qy": "993",
        "njd": "11km",
        "time": "01:50",
        "rain": "0",
        "rain24h": "0",
        "aqi": "45",
        "aqi_pm25": "45",
        "weather": "晴",
        "weathere": "Sunny",
        "weathercode": "d00",
        "limitnumber": "",
        "date": "09月19日(星期四)"
      },
      "weather": {
        "day": {
          "date": "18日夜间",
          "weather": "多云",
          "temp": "26",
          "tempUnit": "°C",
          "wind": {
            "direction": "北风",
            "directionCode": "N",
            "level": "<3级"
          },
          "sunrise": "日落 18:29"
        },
        "night": {
          "date": "19日白天",
          "weather": "多云",
          "temp": "34",
          "tempUnit": "°C",
          "wind": {
            "direction": "北风",
            "directionCode": "N",
            "level": "3-4级"
          },
          "sunset": "日出 06:14"
        }
      }
    },
    {
      "id": "101260101",
      "province": "贵州",
      "city": "贵阳",
      "realtime": {
        "nameen": "guiyang",
        "cityname": "贵阳",
        "city": "101260101",
        "temp": "20.6",
        "tempf": "69.1",
        "WD": "东北风",
        "wde": "NE",
        "WS": "1级",
        "wse": "2km/h",
        "SD": "89%",
        "sd": "89%",
        "qy": "876",
        "njd": "16km",
        "time": "01:50",
        "rain": "0",
        "rain24h": "0",
        "aqi": "23",
        "aqi_pm25": "23",
        "weather": "多云",
        "weathere": "Cloudy",
        "weathercode": "d01",
        "limitnumber": null,
        "date": "09月19日(星期四)"
      },
      "weather": {
        "day": {
          "date": "18日夜间",
          "weather": "多云",
          "temp": "19",
          "tempUnit": "°C",
          "wind": {
            "direction": "东北风",
            "directionCode": "NE",
            "level": "<3级"
          },
          "sunrise": "日落 18:54"
        },
        "night": {
          "date": "19日白天",
          "weather": "晴",
          "temp": "29",
          "tempUnit": "°C",
          "wind": {
            "direction": "东北风",
            "directionCode": "NE",
            "level": "<3级"
          },
          "sunset": "日出 06:40"
        }
      }
    },
    {
      "id": "101270101",
      "province": "四川",
      "city": "成都",
      "realtime": {
        "nameen": "chengdu",
        "cityname": "成都",
        "city": "101270101",
        "temp": "25.2",
        "tempf": "77.4",
        "WD": "北风",
        "wde": "N",
        "WS": "0级",
        "wse": "0km/h",
        "SD": "100%",
        "sd": "100%",
        "qy": "951",
        "njd": "10km",
        "time": "01:50",
        "rain": "0",
        "rain24h": "0",
        "aqi": "50",
        "aqi_pm25": "50",
        "weather": "晴",
        "weathere": "Sunny",
        "weathercode": "d00",
        "limitnumber": "4和9",
        "date": "09月19日(星期四)"
      },
      "weather": {
        "day": {
          "date": "18日夜间",
          "weather": "晴",
          "temp": "24",
          "tempUnit": "°C",
          "wind": {
            "direction": "无持续风向",
            "directionCode": "NNW",
            "level": "<3级"
          },
          "sunrise": "日落 19:05"
        },
        "night": {
          "date": "19日白天",
          "weather": "晴",
          "temp": "32",
          "tempUnit": "°C",
          "wind": {
            "direction": "无持续风向",
            "directionCode": "NNW",
            "level": "<3级"
          },
          "sunset": "日出 06:49"
        }
      }
    },
    {
      "id": "101280101",
      "province": "广东",
      "city": "广州",
      "realtime": {
        "nameen": "guangzhou",
        "cityname": "广州",
        "city": "101280101",
        "temp": "29.3",
        "tempf": "84.7",
        "WD": "西南风",
        "wde": "SW",
        "WS": "1级",
        "wse": "1km/h",
        "SD": "83%",
        "sd": "83%",
        "qy": "999",
        "njd": "21km",
        "time": "01:50",
        "rain": "0",
        "rain24h": "0",
        "aqi": "32",
        "aqi_pm25": "32",
        "weather": "晴",
        "weathere": "Sunny",
        "weathercode": "d00",
        "limitnumber": "双号限行",
        "date": "09月19日(星期四)"
      },
      "weather": {
        "day": {
          "date": "18日夜间",
          "weather": "多云",
          "temp": "25",
          "tempUnit": "°C",
          "wind": {
            "direction": "无持续风向",
            "directionCode": "NNW",
            "level": "<3级"
          },
          "sunrise": "日落 18:27"
        },
        "night": {
          "date": "19日白天",
          "weather": "阵雨",
          "temp": "35",
          "tempUnit": "°C",
          "wind": {
            "direction": "无持续风向",
            "directionCode": "NNW",
            "level": "<3级"
          },
          "sunset": "日出 06:14"
        }
      }
    },
    {
      "id": "101290101",
      "province": "云南",
      "city": "昆明",
      "realtime": {
        "nameen": "kunming",
        "cityname": "昆明",
        "city": "101290101",
        "temp": "19.5",
        "tempf": "67.1",
        "WD": "东风",
        "wde": "E",
        "WS": "1级",
        "wse": "5km/h",
        "SD": "74%",
        "sd": "74%",
        "qy": "812",
        "njd": "22km",
        "time": "01:50",
        "rain": "0",
        "rain24h": "0",
        "aqi": "35",
        "aqi_pm25": "35",
        "weather": "阴",
        "weathere": "Overcast",
        "weathercode": "d02",
        "limitnumber": "",
        "date": "09月19日(星期四)"
      },
      "weather": {
        "day": {
          "date": "18日夜间",
          "weather": "晴",
          "temp": "17",
          "tempUnit": "°C",
          "wind": {
            "direction": "无持续风向",
            "directionCode": "NNW",
            "level": "<3级"
          },
          "sunrise": "日落 19:09"
        },
        "night": {
          "date": "19日白天",
          "weather": "晴",
          "temp": "26",
          "tempUnit": "°C",
          "wind": {
            "direction": "无持续风向",
            "directionCode": "NNW",
            "level": "<3级"
          },
          "sunset": "日出 06:55"
        }
      }
    },
    {
      "id": "101300101",
      "province": "广西",
      "city": "南宁",
      "realtime": {
        "nameen": "nanning",
        "cityname": "南宁",
        "city": "101300101",
        "temp": "27.4",
        "tempf": "81.3",
        "WD": "西风",
        "wde": "W",
        "WS": "1级",
        "wse": "3km/h",
        "SD": "80%",
        "sd": "80%",
        "qy": "986",
        "njd": "16km",
        "time": "01:50",
        "rain": "0",
        "rain24h": "0",
        "aqi": "43",
        "aqi_pm25": "43",
        "weather": "阴",
        "weathere": "Overcast",
        "weathercode": "d02",
        "limitnumber": "",
        "date": "09月19日(星期四)"
      },
      "weather": {
        "day": {
          "date": "18日夜间",
          "weather": "多云",
          "temp": "26",
          "tempUnit": "°C",
          "wind": {
            "direction": "东北风",
            "directionCode": "NE",
            "level": "<3级"
          },
          "sunrise": "日落 18:47"
        },
        "night": {
          "date": "19日白天",
          "weather": "多云",
          "temp": "34",
          "tempUnit": "°C",
          "wind": {
            "direction": "东北风",
            "directionCode": "NE",
            "level": "<3级"
          },
          "sunset": "日出 06:34"
        }
      }
    },
    {
      "id": "101310101",
      "province": "海南",
      "city": "海口",
      "realtime": {
        "nameen": "haikou",
        "cityname": "海口",
        "city": "101310101",
        "temp": "27.4",
        "tempf": "81.3",
        "WD": "东风",
        "wde": "E",
        "WS": "4级",
        "wse": "24km/h",
        "SD": "83%",
        "sd": "83%",
        "qy": "993",
        "njd": "30km",
        "time": "01:50",
        "rain": "0",
        "rain24h": "0",
        "aqi": "25",
        "aqi_pm25": "25",
        "weather": "阴",
        "weathere": "Overcast",
        "weathercode": "d02",
        "limitnumber": "",
        "date": "09月19日(星期四)"
      },
      "weather": {
        "day": {
          "date": "18日夜间",
          "weather": "中雨",
          "temp": "24",
          "tempUnit": "°C",
          "wind": {
            "direction": "东风",
            "directionCode": "E",
            "level": "3-4级"
          },
          "sunrise": "日落 18:38"
        },
        "night": {
          "date": "19日白天",
          "weather": "中雨",
          "temp": "29",
          "tempUnit": "°C",
          "wind": {
            "direction": "东风",
            "directionCode": "E",
            "level": "3-4级"
          },
          "sunset": "日出 06:26"
        }
      }
    },
    {
      "id": "101320101",
      "province": "香港",
      "city": "香港",
      "realtime": {
        "nameen": "hongkong",
        "cityname": "香港",
        "city": "101320101",
        "temp": "29",
        "tempf": "84.2",
        "WD": "微风",
        "wde": "NWW",
        "WS": "3级",
        "wse": "12km/h",
        "SD": "80%",
        "sd": "80%",
        "qy": "999",
        "njd": "18km",
        "time": "02:00",
        "rain": "0",
        "rain24h": "0",
        "aqi": "30",
        "aqi_pm25": "30",
        "weather": "阴",
        "weathere": "Overcast",
        "weathercode": "d02",
        "limitnumber": "",
        "date": "09月19日(星期四)"
      },
      "weather": {
        "day": {
          "date": "18日夜间",
          "weather": "多云",
          "temp": "28",
          "tempUnit": "°C",
          "wind": {
            "direction": "东北风",
            "directionCode": "NE",
            "level": "4-5级"
          },
          "sunrise": "日落 18:23"
        },
        "night": {
          "date": "19日白天",
          "weather": "多云",
          "temp": "32",
          "tempUnit": "°C",
          "wind": {
            "direction": "东北风",
            "directionCode": "NE",
            "level": "4-5级"
          },
          "sunset": "日出 06:10"
        }
      }
    },
    {
      "id": "101330101",
      "province": "澳门",
      "city": "澳门",
      "realtime": {
        "nameen": "macao",
        "cityname": "澳门",
        "city": "101330101",
        "temp": "29.3",
        "tempf": "84.7",
        "WD": "微风",
        "wde": "NWW",
        "WS": "2级",
        "wse": "5km/h",
        "SD": "77%",
        "sd": "77%",
        "qy": "1006",
        "njd": "31km",
        "time": "01:30",
        "rain": "0",
        "rain24h": "0",
        "aqi": "29",
        "aqi_pm25": "29",
        "weather": "多云",
        "weathere": "Cloudy",
        "weathercode": "d01",
        "limitnumber": "",
        "date": "09月19日(星期四)"
      },
      "weather": {
        "day": {
          "date": "18日夜间",
          "weather": "多云",
          "temp": "28",
          "tempUnit": "°C",
          "wind": {
            "direction": "东风",
            "directionCode": "E",
            "level": "3-4级"
          },
          "sunrise": "日落 18:26"
        },
        "night": {
          "date": "19日白天",
          "weather": "多云",
          "temp": "33",
          "tempUnit": "°C",
          "wind": {
            "direction": "无持续风向",
            "directionCode": "NNW",
            "level": "<3级"
          },
          "sunset": "日出 06:13"
        }
      }
    },
    {
      "id": "101340101",
      "province": "台湾",
      "city": "台北",
      "realtime": {
        "nameen": "taibeixian",
        "cityname": "台北",
        "city": "101340101",
        "temp": "26.9",
        "tempf": "80.4",
        "WD": "微风",
        "wde": "NWW",
        "WS": "1级",
        "wse": "1km/h",
        "SD": "85%",
        "sd": "85%",
        "qy": "1007",
        "njd": "5km",
        "time": "01:30",
        "rain": "0",
        "rain24h": "0",
        "aqi": "49",
        "aqi_pm25": "49",
        "weather": "多云",
        "weathere": "Cloudy",
        "weathercode": "d01",
        "limitnumber": "",
        "date": "09月19日(星期四)"
      },
      "weather": {
        "day": {
          "date": "18日夜间",
          "weather": "多云",
          "temp": "25",
          "tempUnit": "°C",
          "wind": {
            "direction": "无持续风向",
            "directionCode": "NNW",
            "level": "<3级"
          },
          "sunrise": "日落 17:54"
        },
        "night": {
          "date": "19日白天",
          "weather": "中雨",
          "temp": "31",
          "tempUnit": "°C",
          "wind": {
            "direction": "无持续风向",
            "directionCode": "NNW",
            "level": "<3级"
          },
          "sunset": "日出 05:41"
        }
      }
    }
  ]
}
