{
  "timestamp": 1684263771241,
  "lastUpdate": "2023-05-17 03:02:51",
  "data": [
    {
      "id": "101010100",
      "province": "北京",
      "city": "北京",
      "realtime": {
        "nameen": "beijing",
        "cityname": "北京",
        "city": "101010100",
        "temp": "22",
        "tempf": "71",
        "WD": "东风",
        "wde": "E",
        "WS": "2级",
        "wse": "6km/h",
        "SD": "66%",
        "sd": "66%",
        "qy": "998",
        "njd": "20km",
        "time": "02:45",
        "rain": "0",
        "rain24h": "0",
        "aqi": "62",
        "aqi_pm25": "62",
        "weather": "多云",
        "weathere": "Cloudy",
        "weathercode": "d01",
        "limitnumber": "1和6",
        "date": "05月17日(星期三)"
      },
      "weather": {
        "day": {
          "date": "16日夜间",
          "weather": "小雨",
          "temp": "20",
          "tempUnit": "°C",
          "wind": {
            "direction": "东北风",
            "directionCode": "NE",
            "level": "<3级"
          },
          "sunrise": "日落 19:22"
        },
        "night": {
          "date": "17日白天",
          "weather": "小雨",
          "temp": "28",
          "tempUnit": "°C",
          "wind": {
            "direction": "东北风",
            "directionCode": "NE",
            "level": "<3级"
          },
          "sunset": "日出 04:58"
        }
      }
    },
    {
      "id": "101020100",
      "province": "上海",
      "city": "上海",
      "realtime": {
        "nameen": "shanghai",
        "cityname": "上海",
        "city": "101020100",
        "temp": "23",
        "tempf": "73",
        "WD": "北风",
        "wde": "N",
        "WS": "0级",
        "wse": "0km/h",
        "SD": "86%",
        "sd": "86%",
        "qy": "1008",
        "njd": "25km",
        "time": "02:50",
        "rain": "0",
        "rain24h": "0",
        "aqi": "27",
        "aqi_pm25": "27",
        "weather": "多云",
        "weathere": "Cloudy",
        "weathercode": "d01",
        "limitnumber": "",
        "date": "05月17日(星期三)"
      },
      "weather": {
        "day": {
          "date": "16日夜间",
          "weather": "小雨",
          "temp": "20",
          "tempUnit": "°C",
          "wind": {
            "direction": "东南风",
            "directionCode": "SE",
            "level": "4-5级"
          },
          "sunrise": "日落 18:43"
        },
        "night": {
          "date": "17日白天",
          "weather": "中雨",
          "temp": "21",
          "tempUnit": "°C",
          "wind": {
            "direction": "东南风",
            "directionCode": "SE",
            "level": "5-6级"
          },
          "sunset": "日出 04:57"
        }
      }
    },
    {
      "id": "101030100",
      "province": "天津",
      "city": "天津",
      "realtime": {
        "nameen": "tianjin",
        "cityname": "天津",
        "city": "101030100",
        "temp": "26",
        "tempf": "78",
        "WD": "东北风",
        "wde": "NE",
        "WS": "1级",
        "wse": "2km/h",
        "SD": "58%",
        "sd": "58%",
        "qy": "1000",
        "njd": "20km",
        "time": "02:45",
        "rain": "0",
        "rain24h": "0",
        "aqi": "69",
        "aqi_pm25": "69",
        "weather": "多云",
        "weathere": "Cloudy",
        "weathercode": "d01",
        "limitnumber": "1和6",
        "date": "05月17日(星期三)"
      },
      "weather": {
        "day": {
          "date": "16日夜间",
          "weather": "雷阵雨",
          "temp": "23",
          "tempUnit": "°C",
          "wind": {
            "direction": "东风",
            "directionCode": "E",
            "level": "4-5级"
          },
          "sunrise": "日落 19:17"
        },
        "night": {
          "date": "17日白天",
          "weather": "小雨",
          "temp": "24",
          "tempUnit": "°C",
          "wind": {
            "direction": "东北风",
            "directionCode": "NE",
            "level": "5-6级"
          },
          "sunset": "日出 04:57"
        }
      }
    },
    {
      "id": "101040100",
      "province": "重庆",
      "city": "重庆",
      "realtime": {
        "nameen": "chongqing",
        "cityname": "重庆",
        "city": "101040100",
        "temp": "22",
        "tempf": "71",
        "WD": "西风",
        "wde": "W",
        "WS": "2级",
        "wse": "5km/h",
        "SD": "80%",
        "sd": "80%",
        "qy": "973",
        "njd": "9km",
        "time": "02:45",
        "rain": "0",
        "rain24h": "0",
        "aqi": "43",
        "aqi_pm25": "43",
        "weather": "晴",
        "weathere": "Sunny",
        "weathercode": "d00",
        "limitnumber": "",
        "date": "05月17日(星期三)"
      },
      "weather": {
        "day": {
          "date": "16日夜间",
          "weather": "晴",
          "temp": "20",
          "tempUnit": "°C",
          "wind": {
            "direction": "东北风",
            "directionCode": "NE",
            "level": "<3级"
          },
          "sunrise": "日落 19:39"
        },
        "night": {
          "date": "17日白天",
          "weather": "晴",
          "temp": "31",
          "tempUnit": "°C",
          "wind": {
            "direction": "西北风",
            "directionCode": "NW",
            "level": "<3级"
          },
          "sunset": "日出 06:00"
        }
      }
    },
    {
      "id": "101050101",
      "province": "黑龙江",
      "city": "哈尔滨",
      "realtime": {
        "nameen": "haerbin",
        "cityname": "哈尔滨",
        "city": "101050101",
        "temp": "7",
        "tempf": "44",
        "WD": "西南风",
        "wde": "SW",
        "WS": "2级",
        "wse": "6km/h",
        "SD": "55%",
        "sd": "55%",
        "qy": "993",
        "njd": "30km",
        "time": "02:50",
        "rain": "0",
        "rain24h": "0",
        "aqi": "40",
        "aqi_pm25": "40",
        "weather": "多云",
        "weathere": "Cloudy",
        "weathercode": "d01",
        "limitnumber": "",
        "date": "05月17日(星期三)"
      },
      "weather": {
        "day": {
          "date": "16日夜间",
          "weather": "多云",
          "temp": "5",
          "tempUnit": "°C",
          "wind": {
            "direction": "西风",
            "directionCode": "W",
            "level": "<3级"
          },
          "sunrise": "日落 18:58"
        },
        "night": {
          "date": "17日白天",
          "weather": "多云",
          "temp": "21",
          "tempUnit": "°C",
          "wind": {
            "direction": "西风",
            "directionCode": "W",
            "level": "<3级"
          },
          "sunset": "日出 04:01"
        }
      }
    },
    {
      "id": "101060101",
      "province": "吉林",
      "city": "长春",
      "realtime": {
        "nameen": "changchun",
        "cityname": "长春",
        "city": "101060101",
        "temp": "10",
        "tempf": "50",
        "WD": "西南风",
        "wde": "SW",
        "WS": "1级",
        "wse": "4km/h",
        "SD": "86%",
        "sd": "86%",
        "qy": "980",
        "njd": "7km",
        "time": "02:50",
        "rain": "0",
        "rain24h": "0",
        "aqi": "43",
        "aqi_pm25": "43",
        "weather": "雾",
        "weathere": "Foggy",
        "weathercode": "d18",
        "limitnumber": "",
        "date": "05月17日(星期三)"
      },
      "weather": {
        "day": {
          "date": "16日夜间",
          "weather": "小雨",
          "temp": "10",
          "tempUnit": "°C",
          "wind": {
            "direction": "西北风",
            "directionCode": "NW",
            "level": "<3级"
          },
          "sunrise": "日落 18:57"
        },
        "night": {
          "date": "17日白天",
          "weather": "多云",
          "temp": "21",
          "tempUnit": "°C",
          "wind": {
            "direction": "西北风",
            "directionCode": "NW",
            "level": "3-4级"
          },
          "sunset": "日出 04:12"
        }
      }
    },
    {
      "id": "101070101",
      "province": "辽宁",
      "city": "沈阳",
      "realtime": {
        "nameen": "shenyang",
        "cityname": "沈阳",
        "city": "101070101",
        "temp": "18",
        "tempf": "64",
        "WD": "西北风",
        "wde": "NW",
        "WS": "2级",
        "wse": "9km/h",
        "SD": "100%",
        "sd": "100%",
        "qy": "1000",
        "njd": "13km",
        "time": "02:45",
        "rain": "0",
        "rain24h": "0",
        "aqi": "51",
        "aqi_pm25": "51",
        "weather": "多云",
        "weathere": "Cloudy",
        "weathercode": "d01",
        "limitnumber": "",
        "date": "05月17日(星期三)"
      },
      "weather": {
        "day": {
          "date": "16日夜间",
          "weather": "小到中雨",
          "temp": "16",
          "tempUnit": "°C",
          "wind": {
            "direction": "北风",
            "directionCode": "N",
            "level": "3-4级"
          },
          "sunrise": "日落 18:59"
        },
        "night": {
          "date": "17日白天",
          "weather": "小雨",
          "temp": "17",
          "tempUnit": "°C",
          "wind": {
            "direction": "北风",
            "directionCode": "N",
            "level": "3-4级"
          },
          "sunset": "日出 04:25"
        }
      }
    },
    {
      "id": "101080101",
      "province": "内蒙古",
      "city": "呼和浩特",
      "realtime": {
        "nameen": "huhehaote",
        "cityname": "呼和浩特",
        "city": "101080101",
        "temp": "15",
        "tempf": "59",
        "WD": "西北风",
        "wde": "NW",
        "WS": "5级",
        "wse": "33km/h",
        "SD": "23%",
        "sd": "23%",
        "qy": "879",
        "njd": "28km",
        "time": "02:45",
        "rain": "0",
        "rain24h": "0",
        "aqi": "62",
        "aqi_pm25": "62",
        "weather": "多云",
        "weathere": "Cloudy",
        "weathercode": "d01",
        "limitnumber": "",
        "date": "05月17日(星期三)"
      },
      "weather": {
        "day": {
          "date": "16日夜间",
          "weather": "阴",
          "temp": "12",
          "tempUnit": "°C",
          "wind": {
            "direction": "北风",
            "directionCode": "N",
            "level": "3-4级"
          },
          "sunrise": "日落 19:43"
        },
        "night": {
          "date": "17日白天",
          "weather": "晴",
          "temp": "26",
          "tempUnit": "°C",
          "wind": {
            "direction": "北风",
            "directionCode": "N",
            "level": "3-4级"
          },
          "sunset": "日出 05:14"
        }
      }
    },
    {
      "id": "101090101",
      "province": "河北",
      "city": "石家庄",
      "realtime": {
        "nameen": "shijiazhuang",
        "cityname": "石家庄",
        "city": "101090101",
        "temp": "22",
        "tempf": "71",
        "WD": "东风",
        "wde": "E",
        "WS": "1级",
        "wse": "2km/h",
        "SD": "83%",
        "sd": "83%",
        "qy": "989",
        "njd": "8km",
        "time": "02:50",
        "rain": "0",
        "rain24h": "0",
        "aqi": "63",
        "aqi_pm25": "63",
        "weather": "晴",
        "weathere": "Sunny",
        "weathercode": "d00",
        "limitnumber": "",
        "date": "05月17日(星期三)"
      },
      "weather": {
        "day": {
          "date": "16日夜间",
          "weather": "多云",
          "temp": "22",
          "tempUnit": "°C",
          "wind": {
            "direction": "北风",
            "directionCode": "N",
            "level": "<3级"
          },
          "sunrise": "日落 19:25"
        },
        "night": {
          "date": "17日白天",
          "weather": "阴",
          "temp": "28",
          "tempUnit": "°C",
          "wind": {
            "direction": "东北风",
            "directionCode": "NE",
            "level": "3-4级"
          },
          "sunset": "日出 05:10"
        }
      }
    },
    {
      "id": "101100101",
      "province": "山西",
      "city": "太原",
      "realtime": {
        "nameen": "taiyuan",
        "cityname": "太原",
        "city": "101100101",
        "temp": "21",
        "tempf": "69",
        "WD": "北风",
        "wde": "N",
        "WS": "2级",
        "wse": "10km/h",
        "SD": "47%",
        "sd": "47%",
        "qy": "917",
        "njd": "27km",
        "time": "02:50",
        "rain": "0",
        "rain24h": "0",
        "aqi": "53",
        "aqi_pm25": "53",
        "weather": "多云",
        "weathere": "Cloudy",
        "weathercode": "d01",
        "limitnumber": "",
        "date": "05月17日(星期三)"
      },
      "weather": {
        "day": {
          "date": "16日夜间",
          "weather": "多云",
          "temp": "15",
          "tempUnit": "°C",
          "wind": {
            "direction": "西北风",
            "directionCode": "NW",
            "level": "<3级"
          },
          "sunrise": "日落 19:33"
        },
        "night": {
          "date": "17日白天",
          "weather": "多云",
          "temp": "29",
          "tempUnit": "°C",
          "wind": {
            "direction": "西南风",
            "directionCode": "SW",
            "level": "3-4级"
          },
          "sunset": "日出 05:19"
        }
      }
    },
    {
      "id": "101110101",
      "province": "陕西",
      "city": "西安",
      "realtime": {
        "nameen": "xian",
        "cityname": "西安",
        "city": "101110101",
        "temp": "23",
        "tempf": "73",
        "WD": "南风",
        "wde": "S",
        "WS": "1级",
        "wse": "1km/h",
        "SD": "63%",
        "sd": "63%",
        "qy": "957",
        "njd": "21km",
        "time": "02:50",
        "rain": "0",
        "rain24h": "0",
        "aqi": "49",
        "aqi_pm25": "49",
        "weather": "晴",
        "weathere": "Sunny",
        "weathercode": "d00",
        "limitnumber": "3和8",
        "date": "05月17日(星期三)"
      },
      "weather": {
        "day": {
          "date": "16日夜间",
          "weather": "多云",
          "temp": "17",
          "tempUnit": "°C",
          "wind": {
            "direction": "无持续风向",
            "directionCode": "NNW",
            "level": "<3级"
          },
          "sunrise": "日落 19:39"
        },
        "night": {
          "date": "17日白天",
          "weather": "阴",
          "temp": "33",
          "tempUnit": "°C",
          "wind": {
            "direction": "无持续风向",
            "directionCode": "NNW",
            "level": "<3级"
          },
          "sunset": "日出 05:41"
        }
      }
    },
    {
      "id": "101120101",
      "province": "山东",
      "city": "济南",
      "realtime": {
        "nameen": "jinan",
        "cityname": "济南",
        "city": "101120101",
        "temp": "25",
        "tempf": "77",
        "WD": "南风",
        "wde": "S",
        "WS": "3级",
        "wse": "16km/h",
        "SD": "52%",
        "sd": "52%",
        "qy": "982",
        "njd": "27km",
        "time": "02:45",
        "rain": "0",
        "rain24h": "0",
        "aqi": "57",
        "aqi_pm25": "57",
        "weather": "晴",
        "weathere": "Sunny",
        "weathercode": "d00",
        "limitnumber": "",
        "date": "05月17日(星期三)"
      },
      "weather": {
        "day": {
          "date": "16日夜间",
          "weather": "晴",
          "temp": "24",
          "tempUnit": "°C",
          "wind": {
            "direction": "南风",
            "directionCode": "S",
            "level": "4-5级"
          },
          "sunrise": "日落 19:12"
        },
        "night": {
          "date": "17日白天",
          "weather": "多云",
          "temp": "34",
          "tempUnit": "°C",
          "wind": {
            "direction": "南风",
            "directionCode": "S",
            "level": "3-4级"
          },
          "sunset": "日出 05:03"
        }
      }
    },
    {
      "id": "101130101",
      "province": "新疆",
      "city": "乌鲁木齐",
      "realtime": {
        "nameen": "wulumuqi",
        "cityname": "乌鲁木齐",
        "city": "101130101",
        "temp": "13",
        "tempf": "55",
        "WD": "微风",
        "wde": "NWW",
        "WS": "1级",
        "wse": "1km/h",
        "SD": "49%",
        "sd": "49%",
        "qy": "906",
        "njd": "18km",
        "time": "03:00",
        "rain": "1.5",
        "rain24h": "1.5",
        "aqi": "47",
        "aqi_pm25": "47",
        "weather": "晴",
        "weathere": "Sunny",
        "weathercode": "d00",
        "limitnumber": "",
        "date": "05月17日(星期三)"
      },
      "weather": {
        "day": {
          "date": "16日夜间",
          "weather": "多云",
          "temp": "13",
          "tempUnit": "°C",
          "wind": {
            "direction": "无持续风向",
            "directionCode": "NNW",
            "level": "<3级"
          },
          "sunrise": "日落 21:28"
        },
        "night": {
          "date": "17日白天",
          "weather": "阵雨",
          "temp": "22",
          "tempUnit": "°C",
          "wind": {
            "direction": "无持续风向",
            "directionCode": "NNW",
            "level": "<3级"
          },
          "sunset": "日出 06:43"
        }
      }
    },
    {
      "id": "101140101",
      "province": "西藏",
      "city": "拉萨",
      "realtime": {
        "nameen": "lasa",
        "cityname": "拉萨",
        "city": "101140101",
        "temp": "10",
        "tempf": "50",
        "WD": "微风",
        "wde": "NWW",
        "WS": "1级",
        "wse": "1km/h",
        "SD": "49%",
        "sd": "49%",
        "qy": "652",
        "njd": "22km",
        "time": "03:00",
        "rain": "0",
        "rain24h": "0",
        "aqi": "45",
        "aqi_pm25": "45",
        "weather": "多云",
        "weathere": "Cloudy",
        "weathercode": "d01",
        "limitnumber": "",
        "date": "05月17日(星期三)"
      },
      "weather": {
        "day": {
          "date": "16日夜间",
          "weather": "阵雨",
          "temp": "7",
          "tempUnit": "°C",
          "wind": {
            "direction": "西南风",
            "directionCode": "SW",
            "level": "3-4级"
          },
          "sunrise": "日落 20:41"
        },
        "night": {
          "date": "17日白天",
          "weather": "阴",
          "temp": "21",
          "tempUnit": "°C",
          "wind": {
            "direction": "西南风",
            "directionCode": "SW",
            "level": "3-4级"
          },
          "sunset": "日出 07:02"
        }
      }
    },
    {
      "id": "101150101",
      "province": "青海",
      "city": "西宁",
      "realtime": {
        "nameen": "xining",
        "cityname": "西宁",
        "city": "101150101",
        "temp": "8",
        "tempf": "46",
        "WD": "南风",
        "wde": "S",
        "WS": "2级",
        "wse": "5km/h",
        "SD": "87%",
        "sd": "87%",
        "qy": "760",
        "njd": "30km",
        "time": "02:50",
        "rain": "0",
        "rain24h": "0",
        "aqi": "24",
        "aqi_pm25": "24",
        "weather": "多云",
        "weathere": "Cloudy",
        "weathercode": "d01",
        "limitnumber": "",
        "date": "05月17日(星期三)"
      },
      "weather": {
        "day": {
          "date": "16日夜间",
          "weather": "小雨",
          "temp": "7",
          "tempUnit": "°C",
          "wind": {
            "direction": "北风",
            "directionCode": "N",
            "level": "3-4级"
          },
          "sunrise": "日落 20:13"
        },
        "night": {
          "date": "17日白天",
          "weather": "多云",
          "temp": "18",
          "tempUnit": "°C",
          "wind": {
            "direction": "西北风",
            "directionCode": "NW",
            "level": "<3级"
          },
          "sunset": "日出 06:05"
        }
      }
    },
    {
      "id": "101160101",
      "province": "甘肃",
      "city": "兰州",
      "realtime": {
        "nameen": "lanzhou",
        "cityname": "兰州",
        "city": "101160101",
        "temp": "15",
        "tempf": "59",
        "WD": "西风",
        "wde": "W",
        "WS": "2级",
        "wse": "5km/h",
        "SD": "49%",
        "sd": "49%",
        "qy": "810",
        "njd": "19km",
        "time": "02:45",
        "rain": "0",
        "rain24h": "0",
        "aqi": "66",
        "aqi_pm25": "66",
        "weather": "多云",
        "weathere": "Cloudy",
        "weathercode": "d01",
        "limitnumber": "2和7",
        "date": "05月17日(星期三)"
      },
      "weather": {
        "day": {
          "date": "16日夜间",
          "weather": "阵雨",
          "temp": "15",
          "tempUnit": "°C",
          "wind": {
            "direction": "无持续风向",
            "directionCode": "NNW",
            "level": "<3级"
          },
          "sunrise": "日落 20:03"
        },
        "night": {
          "date": "17日白天",
          "weather": "多云",
          "temp": "26",
          "tempUnit": "°C",
          "wind": {
            "direction": "无持续风向",
            "directionCode": "NNW",
            "level": "<3级"
          },
          "sunset": "日出 05:58"
        }
      }
    },
    {
      "id": "101170101",
      "province": "宁夏",
      "city": "银川",
      "realtime": {
        "nameen": "yinchuan",
        "cityname": "银川",
        "city": "101170101",
        "temp": "19",
        "tempf": "66",
        "WD": "西北风",
        "wde": "NW",
        "WS": "1级",
        "wse": "5km/h",
        "SD": "47%",
        "sd": "47%",
        "qy": "884",
        "njd": "23km",
        "time": "02:45",
        "rain": "0",
        "rain24h": "0",
        "aqi": "60",
        "aqi_pm25": "60",
        "weather": "多云",
        "weathere": "Cloudy",
        "weathercode": "d01",
        "limitnumber": "",
        "date": "05月17日(星期三)"
      },
      "weather": {
        "day": {
          "date": "16日夜间",
          "weather": "多云",
          "temp": "16",
          "tempUnit": "°C",
          "wind": {
            "direction": "无持续风向",
            "directionCode": "NNW",
            "level": "<3级"
          },
          "sunrise": "日落 19:59"
        },
        "night": {
          "date": "17日白天",
          "weather": "多云",
          "temp": "29",
          "tempUnit": "°C",
          "wind": {
            "direction": "无持续风向",
            "directionCode": "NNW",
            "level": "<3级"
          },
          "sunset": "日出 05:42"
        }
      }
    },
    {
      "id": "101180101",
      "province": "河南",
      "city": "郑州",
      "realtime": {
        "nameen": "zhengzhou",
        "cityname": "郑州",
        "city": "101180101",
        "temp": "23",
        "tempf": "73",
        "WD": "东南风",
        "wde": "SE",
        "WS": "1级",
        "wse": "3km/h",
        "SD": "57%",
        "sd": "57%",
        "qy": "988",
        "njd": "30km",
        "time": "02:45",
        "rain": "0",
        "rain24h": "0",
        "aqi": "39",
        "aqi_pm25": "39",
        "weather": "多云",
        "weathere": "Cloudy",
        "weathercode": "d01",
        "limitnumber": "双号限行",
        "date": "05月17日(星期三)"
      },
      "weather": {
        "day": {
          "date": "16日夜间",
          "weather": "多云",
          "temp": "20",
          "tempUnit": "°C",
          "wind": {
            "direction": "南风",
            "directionCode": "S",
            "level": "4-5级"
          },
          "sunrise": "日落 19:21"
        },
        "night": {
          "date": "17日白天",
          "weather": "多云",
          "temp": "33",
          "tempUnit": "°C",
          "wind": {
            "direction": "东南风",
            "directionCode": "SE",
            "level": "<3级"
          },
          "sunset": "日出 05:21"
        }
      }
    },
    {
      "id": "101190101",
      "province": "江苏",
      "city": "南京",
      "realtime": {
        "nameen": "nanjing",
        "cityname": "南京",
        "city": "101190101",
        "temp": "23",
        "tempf": "73",
        "WD": "东南风",
        "wde": "SE",
        "WS": "2级",
        "wse": "7km/h",
        "SD": "66%",
        "sd": "66%",
        "qy": "1001",
        "njd": "21km",
        "time": "02:45",
        "rain": "0",
        "rain24h": "0",
        "aqi": "44",
        "aqi_pm25": "44",
        "weather": "多云",
        "weathere": "Cloudy",
        "weathercode": "d01",
        "limitnumber": "",
        "date": "05月17日(星期三)"
      },
      "weather": {
        "day": {
          "date": "16日夜间",
          "weather": "雷阵雨",
          "temp": "22",
          "tempUnit": "°C",
          "wind": {
            "direction": "东南风",
            "directionCode": "SE",
            "level": "4-5级"
          },
          "sunrise": "日落 18:55"
        },
        "night": {
          "date": "17日白天",
          "weather": "雷阵雨",
          "temp": "26",
          "tempUnit": "°C",
          "wind": {
            "direction": "东南风",
            "directionCode": "SE",
            "level": "5-6级"
          },
          "sunset": "日出 05:06"
        }
      }
    },
    {
      "id": "101200101",
      "province": "湖北",
      "city": "武汉",
      "realtime": {
        "nameen": "wuhan",
        "cityname": "武汉",
        "city": "101200101",
        "temp": "20",
        "tempf": "68",
        "WD": "东风",
        "wde": "E",
        "WS": "1级",
        "wse": "2km/h",
        "SD": "96%",
        "sd": "96%",
        "qy": "998",
        "njd": "0km",
        "time": "02:50",
        "rain": "17.3",
        "rain24h": "17.3",
        "aqi": "25",
        "aqi_pm25": "25",
        "weather": "雨",
        "weathere": null,
        "weathercode": "d301",
        "limitnumber": "双号限行",
        "date": "05月17日(星期三)"
      },
      "weather": {
        "day": {
          "date": "16日夜间",
          "weather": "中雨",
          "temp": "19",
          "tempUnit": "°C",
          "wind": {
            "direction": "无持续风向",
            "directionCode": "NNW",
            "level": "<3级"
          },
          "sunrise": "日落 19:10"
        },
        "night": {
          "date": "17日白天",
          "weather": "小雨",
          "temp": "27",
          "tempUnit": "°C",
          "wind": {
            "direction": "无持续风向",
            "directionCode": "NNW",
            "level": "<3级"
          },
          "sunset": "日出 05:27"
        }
      }
    },
    {
      "id": "101210101",
      "province": "浙江",
      "city": "杭州",
      "realtime": {
        "nameen": "hangzhou",
        "cityname": "杭州",
        "city": "101210101",
        "temp": "20",
        "tempf": "68",
        "WD": "西风",
        "wde": "W",
        "WS": "1级",
        "wse": "5km/h",
        "SD": "89%",
        "sd": "89%",
        "qy": "1002",
        "njd": "10km",
        "time": "02:50",
        "rain": "1.7",
        "rain24h": "1.7",
        "aqi": "30",
        "aqi_pm25": "30",
        "weather": "雨",
        "weathere": null,
        "weathercode": "d301",
        "limitnumber": "3和7",
        "date": "05月17日(星期三)"
      },
      "weather": {
        "day": {
          "date": "16日夜间",
          "weather": "中雨",
          "temp": "21",
          "tempUnit": "°C",
          "wind": {
            "direction": "东南风",
            "directionCode": "SE",
            "level": "4-5级"
          },
          "sunrise": "日落 18:46"
        },
        "night": {
          "date": "17日白天",
          "weather": "中雨",
          "temp": "25",
          "tempUnit": "°C",
          "wind": {
            "direction": "东南风",
            "directionCode": "SE",
            "level": "3-4级"
          },
          "sunset": "日出 05:04"
        }
      }
    },
    {
      "id": "101220101",
      "province": "安徽",
      "city": "合肥",
      "realtime": {
        "nameen": "hefei",
        "cityname": "合肥",
        "city": "101220101",
        "temp": "20",
        "tempf": "68",
        "WD": "东南风",
        "wde": "SE",
        "WS": "2级",
        "wse": "10km/h",
        "SD": "88%",
        "sd": "88%",
        "qy": "997",
        "njd": "11km",
        "time": "02:45",
        "rain": "0.1",
        "rain24h": "0.1",
        "aqi": "35",
        "aqi_pm25": "35",
        "weather": "多云",
        "weathere": "Cloudy",
        "weathercode": "d01",
        "limitnumber": "",
        "date": "05月17日(星期三)"
      },
      "weather": {
        "day": {
          "date": "16日夜间",
          "weather": "小雨",
          "temp": "19",
          "tempUnit": "°C",
          "wind": {
            "direction": "东南风",
            "directionCode": "SE",
            "level": "3-4级"
          },
          "sunrise": "日落 19:01"
        },
        "night": {
          "date": "17日白天",
          "weather": "小雨",
          "temp": "26",
          "tempUnit": "°C",
          "wind": {
            "direction": "东风",
            "directionCode": "E",
            "level": "3-4级"
          },
          "sunset": "日出 05:13"
        }
      }
    },
    {
      "id": "101230101",
      "province": "福建",
      "city": "福州",
      "realtime": {
        "nameen": "fuzhou",
        "cityname": "福州",
        "city": "101230101",
        "temp": "22",
        "tempf": "71",
        "WD": "西南风",
        "wde": "SW",
        "WS": "1级",
        "wse": "4km/h",
        "SD": "81%",
        "sd": "81%",
        "qy": "999",
        "njd": "9km",
        "time": "02:45",
        "rain": "0",
        "rain24h": "0",
        "aqi": "41",
        "aqi_pm25": "41",
        "weather": "多云",
        "weathere": "Cloudy",
        "weathercode": "d01",
        "limitnumber": "",
        "date": "05月17日(星期三)"
      },
      "weather": {
        "day": {
          "date": "16日夜间",
          "weather": "小雨",
          "temp": "21",
          "tempUnit": "°C",
          "wind": {
            "direction": "无持续风向",
            "directionCode": "NNW",
            "level": "<3级"
          },
          "sunrise": "日落 18:42"
        },
        "night": {
          "date": "17日白天",
          "weather": "小雨",
          "temp": "29",
          "tempUnit": "°C",
          "wind": {
            "direction": "无持续风向",
            "directionCode": "NNW",
            "level": "<3级"
          },
          "sunset": "日出 05:16"
        }
      }
    },
    {
      "id": "101240101",
      "province": "江西",
      "city": "南昌",
      "realtime": {
        "nameen": "nanchang",
        "cityname": "南昌",
        "city": "101240101",
        "temp": "21",
        "tempf": "69",
        "WD": "东风",
        "wde": "E",
        "WS": "1级",
        "wse": "1km/h",
        "SD": "98%",
        "sd": "98%",
        "qy": "998",
        "njd": "2km",
        "time": "02:50",
        "rain": "0.6",
        "rain24h": "0.6",
        "aqi": "26",
        "aqi_pm25": "26",
        "weather": "多云",
        "weathere": "Cloudy",
        "weathercode": "d01",
        "limitnumber": "",
        "date": "05月17日(星期三)"
      },
      "weather": {
        "day": {
          "date": "16日夜间",
          "weather": "大雨",
          "temp": "22",
          "tempUnit": "°C",
          "wind": {
            "direction": "东南风",
            "directionCode": "SE",
            "level": "3-4级"
          },
          "sunrise": "日落 19:00"
        },
        "night": {
          "date": "17日白天",
          "weather": "小雨",
          "temp": "27",
          "tempUnit": "°C",
          "wind": {
            "direction": "西南风",
            "directionCode": "SW",
            "level": "4-5级"
          },
          "sunset": "日出 05:25"
        }
      }
    },
    {
      "id": "101250101",
      "province": "湖南",
      "city": "长沙",
      "realtime": {
        "nameen": "changsha",
        "cityname": "长沙",
        "city": "101250101",
        "temp": "20",
        "tempf": "68",
        "WD": "西北风",
        "wde": "NW",
        "WS": "2级",
        "wse": "7km/h",
        "SD": "100%",
        "sd": "100%",
        "qy": "998",
        "njd": "19km",
        "time": "02:50",
        "rain": "0",
        "rain24h": "0",
        "aqi": "22",
        "aqi_pm25": "22",
        "weather": "多云",
        "weathere": "Cloudy",
        "weathercode": "d01",
        "limitnumber": "",
        "date": "05月17日(星期三)"
      },
      "weather": {
        "day": {
          "date": "16日夜间",
          "weather": "中雨",
          "temp": "22",
          "tempUnit": "°C",
          "wind": {
            "direction": "西风",
            "directionCode": "W",
            "level": "<3级"
          },
          "sunrise": "日落 19:11"
        },
        "night": {
          "date": "17日白天",
          "weather": "小雨",
          "temp": "29",
          "tempUnit": "°C",
          "wind": {
            "direction": "北风",
            "directionCode": "N",
            "level": "<3级"
          },
          "sunset": "日出 05:37"
        }
      }
    },
    {
      "id": "101260101",
      "province": "贵州",
      "city": "贵阳",
      "realtime": {
        "nameen": "guiyang",
        "cityname": "贵阳",
        "city": "101260101",
        "temp": "19",
        "tempf": "66",
        "WD": "东风",
        "wde": "E",
        "WS": "2级",
        "wse": "6km/h",
        "SD": "82%",
        "sd": "82%",
        "qy": "870",
        "njd": "15km",
        "time": "02:50",
        "rain": "0",
        "rain24h": "0",
        "aqi": "60",
        "aqi_pm25": "60",
        "weather": "晴",
        "weathere": "Sunny",
        "weathercode": "d00",
        "limitnumber": "3和8",
        "date": "05月17日(星期三)"
      },
      "weather": {
        "day": {
          "date": "16日夜间",
          "weather": "多云",
          "temp": "17",
          "tempUnit": "°C",
          "wind": {
            "direction": "北风",
            "directionCode": "N",
            "level": "<3级"
          },
          "sunrise": "日落 19:33"
        },
        "night": {
          "date": "17日白天",
          "weather": "晴",
          "temp": "28",
          "tempUnit": "°C",
          "wind": {
            "direction": "北风",
            "directionCode": "N",
            "level": "<3级"
          },
          "sunset": "日出 06:05"
        }
      }
    },
    {
      "id": "101270101",
      "province": "四川",
      "city": "成都",
      "realtime": {
        "nameen": "chengdu",
        "cityname": "成都",
        "city": "101270101",
        "temp": "21",
        "tempf": "69",
        "WD": "北风",
        "wde": "N",
        "WS": "0级",
        "wse": "0km/h",
        "SD": "80%",
        "sd": "80%",
        "qy": "946",
        "njd": "3km",
        "time": "02:45",
        "rain": "0",
        "rain24h": "0",
        "aqi": "99",
        "aqi_pm25": "99",
        "weather": "多云",
        "weathere": "Cloudy",
        "weathercode": "d01",
        "limitnumber": "3和8",
        "date": "05月17日(星期三)"
      },
      "weather": {
        "day": {
          "date": "16日夜间",
          "weather": "多云",
          "temp": "18",
          "tempUnit": "°C",
          "wind": {
            "direction": "无持续风向",
            "directionCode": "NNW",
            "level": "<3级"
          },
          "sunrise": "日落 19:51"
        },
        "night": {
          "date": "17日白天",
          "weather": "多云",
          "temp": "32",
          "tempUnit": "°C",
          "wind": {
            "direction": "无持续风向",
            "directionCode": "NNW",
            "level": "<3级"
          },
          "sunset": "日出 06:08"
        }
      }
    },
    {
      "id": "101280101",
      "province": "广东",
      "city": "广州",
      "realtime": {
        "nameen": "guangzhou",
        "cityname": "广州",
        "city": "101280101",
        "temp": "25",
        "tempf": "77",
        "WD": "南风",
        "wde": "S",
        "WS": "1级",
        "wse": "5km/h",
        "SD": "92%",
        "sd": "92%",
        "qy": "1003",
        "njd": "26km",
        "time": "02:45",
        "rain": "0",
        "rain24h": "0",
        "aqi": "16",
        "aqi_pm25": "16",
        "weather": "多云",
        "weathere": "Cloudy",
        "weathercode": "d01",
        "limitnumber": "双号限行",
        "date": "05月17日(星期三)"
      },
      "weather": {
        "day": {
          "date": "16日夜间",
          "weather": "雷阵雨",
          "temp": "23",
          "tempUnit": "°C",
          "wind": {
            "direction": "南风",
            "directionCode": "S",
            "level": "3-4级"
          },
          "sunrise": "日落 19:01"
        },
        "night": {
          "date": "17日白天",
          "weather": "雷阵雨",
          "temp": "29",
          "tempUnit": "°C",
          "wind": {
            "direction": "无持续风向",
            "directionCode": "NNW",
            "level": "<3级"
          },
          "sunset": "日出 05:45"
        }
      }
    },
    {
      "id": "101290101",
      "province": "云南",
      "city": "昆明",
      "realtime": {
        "nameen": "kunming",
        "cityname": "昆明",
        "city": "101290101",
        "temp": "16",
        "tempf": "60",
        "WD": "西南风",
        "wde": "SW",
        "WS": "1级",
        "wse": "5km/h",
        "SD": "65%",
        "sd": "65%",
        "qy": "808",
        "njd": "20km",
        "time": "02:50",
        "rain": "0",
        "rain24h": "0",
        "aqi": "38",
        "aqi_pm25": "38",
        "weather": "晴",
        "weathere": "Sunny",
        "weathercode": "d00",
        "limitnumber": "",
        "date": "05月17日(星期三)"
      },
      "weather": {
        "day": {
          "date": "16日夜间",
          "weather": "晴",
          "temp": "14",
          "tempUnit": "°C",
          "wind": {
            "direction": "西南风",
            "directionCode": "SW",
            "level": "<3级"
          },
          "sunrise": "日落 19:45"
        },
        "night": {
          "date": "17日白天",
          "weather": "晴",
          "temp": "26",
          "tempUnit": "°C",
          "wind": {
            "direction": "西南风",
            "directionCode": "SW",
            "level": "3-4级"
          },
          "sunset": "日出 06:24"
        }
      }
    },
    {
      "id": "101300101",
      "province": "广西",
      "city": "南宁",
      "realtime": {
        "nameen": "nanning",
        "cityname": "南宁",
        "city": "101300101",
        "temp": "24",
        "tempf": "75",
        "WD": "南风",
        "wde": "S",
        "WS": "3级",
        "wse": "12km/h",
        "SD": "94%",
        "sd": "94%",
        "qy": "981",
        "njd": "6km",
        "time": "02:50",
        "rain": "0",
        "rain24h": "0",
        "aqi": "38",
        "aqi_pm25": "38",
        "weather": "雾",
        "weathere": "Foggy",
        "weathercode": "d18",
        "limitnumber": "",
        "date": "05月17日(星期三)"
      },
      "weather": {
        "day": {
          "date": "16日夜间",
          "weather": "多云",
          "temp": "24",
          "tempUnit": "°C",
          "wind": {
            "direction": "南风",
            "directionCode": "S",
            "level": "<3级"
          },
          "sunrise": "日落 19:20"
        },
        "night": {
          "date": "17日白天",
          "weather": "多云",
          "temp": "36",
          "tempUnit": "°C",
          "wind": {
            "direction": "南风",
            "directionCode": "S",
            "level": "<3级"
          },
          "sunset": "日出 06:05"
        }
      }
    },
    {
      "id": "101310101",
      "province": "海南",
      "city": "海口",
      "realtime": {
        "nameen": "haikou",
        "cityname": "海口",
        "city": "101310101",
        "temp": "27",
        "tempf": "80",
        "WD": "东南风",
        "wde": "SE",
        "WS": "2级",
        "wse": "9km/h",
        "SD": "88%",
        "sd": "88%",
        "qy": "998",
        "njd": "23km",
        "time": "02:50",
        "rain": "0",
        "rain24h": "0",
        "aqi": "25",
        "aqi_pm25": "25",
        "weather": "晴",
        "weathere": "Sunny",
        "weathercode": "d00",
        "limitnumber": "",
        "date": "05月17日(星期三)"
      },
      "weather": {
        "day": {
          "date": "16日夜间",
          "weather": "多云",
          "temp": "25",
          "tempUnit": "°C",
          "wind": {
            "direction": "无持续风向",
            "directionCode": "NNW",
            "level": "<3级"
          },
          "sunrise": "日落 19:07"
        },
        "night": {
          "date": "17日白天",
          "weather": "多云",
          "temp": "35",
          "tempUnit": "°C",
          "wind": {
            "direction": "无持续风向",
            "directionCode": "NNW",
            "level": "<3级"
          },
          "sunset": "日出 06:02"
        }
      }
    },
    {
      "id": "101320101",
      "province": "香港",
      "city": "香港",
      "realtime": {
        "nameen": "hongkong",
        "cityname": "香港",
        "city": "101320101",
        "temp": "25",
        "tempf": "77",
        "WD": "微风",
        "wde": "NWW",
        "WS": "2级",
        "wse": "5km/h",
        "SD": "91%",
        "sd": "91%",
        "qy": "998",
        "njd": "23km",
        "time": "02:30",
        "rain": "0",
        "rain24h": "0",
        "aqi": "20",
        "aqi_pm25": "20",
        "weather": "多云",
        "weathere": "Cloudy",
        "weathercode": "d01",
        "limitnumber": "",
        "date": "05月17日(星期三)"
      },
      "weather": {
        "day": {
          "date": "16日夜间",
          "weather": "阵雨",
          "temp": "25",
          "tempUnit": "°C",
          "wind": {
            "direction": "南风",
            "directionCode": "S",
            "level": "3-4级"
          },
          "sunrise": "日落 18:56"
        },
        "night": {
          "date": "17日白天",
          "weather": "阵雨",
          "temp": "29",
          "tempUnit": "°C",
          "wind": {
            "direction": "南风",
            "directionCode": "S",
            "level": "3-4级"
          },
          "sunset": "日出 05:43"
        }
      }
    },
    {
      "id": "101330101",
      "province": "澳门",
      "city": "澳门",
      "realtime": {
        "nameen": "macao",
        "cityname": "澳门",
        "city": "101330101",
        "temp": "26",
        "tempf": "78",
        "WD": "微风",
        "wde": "NWW",
        "WS": "2级",
        "wse": "5km/h",
        "SD": "91%",
        "sd": "91%",
        "qy": "1007",
        "njd": "25km",
        "time": "02:30",
        "rain": "0",
        "rain24h": "0",
        "aqi": "24",
        "aqi_pm25": "24",
        "weather": "晴",
        "weathere": "Sunny",
        "weathercode": "d00",
        "limitnumber": "",
        "date": "05月17日(星期三)"
      },
      "weather": {
        "day": {
          "date": "16日夜间",
          "weather": "多云",
          "temp": "25",
          "tempUnit": "°C",
          "wind": {
            "direction": "南风",
            "directionCode": "S",
            "level": "3-4级"
          },
          "sunrise": "日落 18:58"
        },
        "night": {
          "date": "17日白天",
          "weather": "阵雨",
          "temp": "30",
          "tempUnit": "°C",
          "wind": {
            "direction": "南风",
            "directionCode": "S",
            "level": "3-4级"
          },
          "sunset": "日出 05:45"
        }
      }
    },
    {
      "id": "101340101",
      "province": "台湾",
      "city": "台北",
      "realtime": {
        "nameen": "taibeixian",
        "cityname": "台北",
        "city": "101340101",
        "temp": "22",
        "tempf": "71",
        "WD": "微风",
        "wde": "NWW",
        "WS": "3级",
        "wse": "12km/h",
        "SD": "92%",
        "sd": "92%",
        "qy": "1007",
        "njd": "4km",
        "time": "03:00",
        "rain": "0",
        "rain24h": "0",
        "aqi": "17",
        "aqi_pm25": "17",
        "weather": "雾",
        "weathere": "Foggy",
        "weathercode": "d18",
        "limitnumber": "",
        "date": "05月17日(星期三)"
      },
      "weather": {
        "day": {
          "date": "16日夜间",
          "weather": "阴",
          "temp": "22",
          "tempUnit": "°C",
          "wind": {
            "direction": "无持续风向",
            "directionCode": "NNW",
            "level": "<3级"
          },
          "sunrise": "日落 18:31"
        },
        "night": {
          "date": "17日白天",
          "weather": "多云",
          "temp": "26",
          "tempUnit": "°C",
          "wind": {
            "direction": "无持续风向",
            "directionCode": "NNW",
            "level": "<3级"
          },
          "sunset": "日出 05:09"
        }
      }
    }
  ]
}
