{
  "timestamp": 1766649956007,
  "lastUpdate": "2025-12-25 16:05:56",
  "data": [
    {
      "id": "101010100",
      "province": "北京",
      "city": "北京",
      "realtime": {
        "nameen": "beijing",
        "cityname": "北京",
        "city": "101010100",
        "temp": "1.2",
        "tempf": "34.2",
        "WD": "西南风",
        "wde": "SW",
        "WS": "2级",
        "wse": "11km/h",
        "SD": "21%",
        "sd": "21%",
        "qy": "1026",
        "njd": "30km",
        "time": "15:55",
        "rain": "0",
        "rain24h": "0",
        "aqi": "20",
        "aqi_pm25": "20",
        "weather": "晴",
        "weathere": "Sunny",
        "weathercode": "d00",
        "limitnumber": "2和7",
        "date": "12月25日(星期四)"
      },
      "weather": {
        "day": {
          "date": "25日白天",
          "weather": "晴",
          "temp": "2",
          "tempUnit": "°C",
          "wind": {
            "direction": "西南风",
            "directionCode": "SW",
            "level": "<3级"
          },
          "sunrise": "日出 07:34"
        },
        "night": {
          "date": "25日夜间",
          "weather": "晴",
          "temp": "-7",
          "tempUnit": "°C",
          "wind": {
            "direction": "西南风",
            "directionCode": "SW",
            "level": "<3级"
          },
          "sunset": "日落 16:54"
        }
      }
    },
    {
      "id": "101020100",
      "province": "上海",
      "city": "上海",
      "realtime": {
        "nameen": "shanghai",
        "cityname": "上海",
        "city": "101020100",
        "temp": "8.1",
        "tempf": "46.6",
        "WD": "南风",
        "wde": "S",
        "WS": "1级",
        "wse": "2km/h",
        "SD": "30%",
        "sd": "30%",
        "qy": "1027",
        "njd": "21km",
        "time": "15:50",
        "rain": "0",
        "rain24h": "0",
        "aqi": "53",
        "aqi_pm25": "53",
        "weather": "晴",
        "weathere": "Sunny",
        "weathercode": "d00",
        "limitnumber": "",
        "date": "12月25日(星期四)"
      },
      "weather": {
        "day": {
          "date": "25日白天",
          "weather": "多云",
          "temp": "9",
          "tempUnit": "°C",
          "wind": {
            "direction": "北风",
            "directionCode": "N",
            "level": "3-4级"
          },
          "sunrise": "日出 06:50"
        },
        "night": {
          "date": "25日夜间",
          "weather": "多云",
          "temp": "2",
          "tempUnit": "°C",
          "wind": {
            "direction": "北风",
            "directionCode": "N",
            "level": "3-4级"
          },
          "sunset": "日落 16:57"
        }
      }
    },
    {
      "id": "101030100",
      "province": "天津",
      "city": "天津",
      "realtime": {
        "nameen": "tianjin",
        "cityname": "天津",
        "city": "101030100",
        "temp": "1.7",
        "tempf": "35.1",
        "WD": "北风",
        "wde": "N",
        "WS": "1级",
        "wse": "4km/h",
        "SD": "17%",
        "sd": "17%",
        "qy": "1031",
        "njd": "30km",
        "time": "15:50",
        "rain": "0",
        "rain24h": "0",
        "aqi": "17",
        "aqi_pm25": "17",
        "weather": "晴",
        "weathere": "Sunny",
        "weathercode": "d00",
        "limitnumber": "2和7",
        "date": "12月25日(星期四)"
      },
      "weather": {
        "day": {
          "date": "25日白天",
          "weather": "晴",
          "temp": "2",
          "tempUnit": "°C",
          "wind": {
            "direction": "北风",
            "directionCode": "N",
            "level": "<3级"
          },
          "sunrise": "日出 07:28"
        },
        "night": {
          "date": "25日夜间",
          "weather": "晴",
          "temp": "-5",
          "tempUnit": "°C",
          "wind": {
            "direction": "西南风",
            "directionCode": "SW",
            "level": "<3级"
          },
          "sunset": "日落 16:54"
        }
      }
    },
    {
      "id": "101040100",
      "province": "重庆",
      "city": "重庆",
      "realtime": {
        "nameen": "chongqing",
        "cityname": "重庆",
        "city": "101040100",
        "temp": "11.1",
        "tempf": "52",
        "WD": "东南风",
        "wde": "SE",
        "WS": "1级",
        "wse": "5km/h",
        "SD": "86%",
        "sd": "86%",
        "qy": "994",
        "njd": "6km",
        "time": "15:50",
        "rain": "0",
        "rain24h": "0",
        "aqi": "40",
        "aqi_pm25": "40",
        "weather": "阴",
        "weathere": "Overcast",
        "weathercode": "d02",
        "limitnumber": "4和9",
        "date": "12月25日(星期四)"
      },
      "weather": {
        "day": {
          "date": "25日白天",
          "weather": "小雨",
          "temp": "11",
          "tempUnit": "°C",
          "wind": {
            "direction": "东南风",
            "directionCode": "SE",
            "level": "<3级"
          },
          "sunrise": "日出 07:46"
        },
        "night": {
          "date": "25日夜间",
          "weather": "多云",
          "temp": "9",
          "tempUnit": "°C",
          "wind": {
            "direction": "东风",
            "directionCode": "E",
            "level": "<3级"
          },
          "sunset": "日落 18:01"
        }
      }
    },
    {
      "id": "101050101",
      "province": "黑龙江",
      "city": "哈尔滨",
      "realtime": {
        "nameen": "haerbin",
        "cityname": "哈尔滨",
        "city": "101050101",
        "temp": "-21.5",
        "tempf": "-6.7",
        "WD": "西风",
        "wde": "W",
        "WS": "2级",
        "wse": "10km/h",
        "SD": "53%",
        "sd": "53%",
        "qy": "1011",
        "njd": "30km",
        "time": "15:55",
        "rain": "0",
        "rain24h": "0",
        "aqi": "23",
        "aqi_pm25": "23",
        "weather": "晴",
        "weathere": "Sunny",
        "weathercode": "d00",
        "limitnumber": "",
        "date": "12月25日(星期四)"
      },
      "weather": {
        "day": {
          "date": "25日白天",
          "weather": "晴",
          "temp": "-20",
          "tempUnit": "°C",
          "wind": {
            "direction": "西北风",
            "directionCode": "NW",
            "level": "<3级"
          },
          "sunrise": "日出 07:13"
        },
        "night": {
          "date": "25日夜间",
          "weather": "晴",
          "temp": "-28",
          "tempUnit": "°C",
          "wind": {
            "direction": "西北风",
            "directionCode": "NW",
            "level": "<3级"
          },
          "sunset": "日落 15:54"
        }
      }
    },
    {
      "id": "101060101",
      "province": "吉林",
      "city": "长春",
      "realtime": {
        "nameen": "changchun",
        "cityname": "长春",
        "city": "101060101",
        "temp": "-18.4",
        "tempf": "-1.1",
        "WD": "西风",
        "wde": "W",
        "WS": "2级",
        "wse": "7km/h",
        "SD": "47%",
        "sd": "47%",
        "qy": "997",
        "njd": "13km",
        "time": "15:55",
        "rain": "0",
        "rain24h": "0",
        "aqi": "22",
        "aqi_pm25": "22",
        "weather": "晴",
        "weathere": "Sunny",
        "weathercode": "d00",
        "limitnumber": "",
        "date": "12月25日(星期四)"
      },
      "weather": {
        "day": {
          "date": "25日白天",
          "weather": "晴",
          "temp": "-16",
          "tempUnit": "°C",
          "wind": {
            "direction": "西北风",
            "directionCode": "NW",
            "level": "<3级"
          },
          "sunrise": "日出 07:11"
        },
        "night": {
          "date": "25日夜间",
          "weather": "晴",
          "temp": "-26",
          "tempUnit": "°C",
          "wind": {
            "direction": "西风",
            "directionCode": "W",
            "level": "<3级"
          },
          "sunset": "日落 16:06"
        }
      }
    },
    {
      "id": "101070101",
      "province": "辽宁",
      "city": "沈阳",
      "realtime": {
        "nameen": "shenyang",
        "cityname": "沈阳",
        "city": "101070101",
        "temp": "-11.3",
        "tempf": "11.7",
        "WD": "北风",
        "wde": "N",
        "WS": "1级",
        "wse": "4km/h",
        "SD": "40%",
        "sd": "40%",
        "qy": "1023",
        "njd": "30km",
        "time": "15:55",
        "rain": "0",
        "rain24h": "0",
        "aqi": "25",
        "aqi_pm25": "25",
        "weather": "晴",
        "weathere": "Sunny",
        "weathercode": "d00",
        "limitnumber": "",
        "date": "12月25日(星期四)"
      },
      "weather": {
        "day": {
          "date": "25日白天",
          "weather": "晴",
          "temp": "-10",
          "tempUnit": "°C",
          "wind": {
            "direction": "北风",
            "directionCode": "N",
            "level": "3-4级"
          },
          "sunrise": "日出 07:11"
        },
        "night": {
          "date": "25日夜间",
          "weather": "晴",
          "temp": "-23",
          "tempUnit": "°C",
          "wind": {
            "direction": "北风",
            "directionCode": "N",
            "level": "<3级"
          },
          "sunset": "日落 16:20"
        }
      }
    },
    {
      "id": "101080101",
      "province": "内蒙古",
      "city": "呼和浩特",
      "realtime": {
        "nameen": "huhehaote",
        "cityname": "呼和浩特",
        "city": "101080101",
        "temp": "-6",
        "tempf": "21.2",
        "WD": "西北风",
        "wde": "NW",
        "WS": "1级",
        "wse": "5km/h",
        "SD": "42%",
        "sd": "42%",
        "qy": "905",
        "njd": "30km",
        "time": "15:50",
        "rain": "0",
        "rain24h": "0",
        "aqi": "31",
        "aqi_pm25": "31",
        "weather": "晴",
        "weathere": "Sunny",
        "weathercode": "d00",
        "limitnumber": "",
        "date": "12月25日(星期四)"
      },
      "weather": {
        "day": {
          "date": "25日白天",
          "weather": "晴",
          "temp": "-5",
          "tempUnit": "°C",
          "wind": {
            "direction": "西风",
            "directionCode": "W",
            "level": "3-4级"
          },
          "sunrise": "日出 07:55"
        },
        "night": {
          "date": "25日夜间",
          "weather": "晴",
          "temp": "-14",
          "tempUnit": "°C",
          "wind": {
            "direction": "西南风",
            "directionCode": "SW",
            "level": "3-4级"
          },
          "sunset": "日落 17:10"
        }
      }
    },
    {
      "id": "101090101",
      "province": "河北",
      "city": "石家庄",
      "realtime": {
        "nameen": "shijiazhuang",
        "cityname": "石家庄",
        "city": "101090101",
        "temp": "2.9",
        "tempf": "37.2",
        "WD": "东南风",
        "wde": "SE",
        "WS": "3级",
        "wse": "14km/h",
        "SD": "27%",
        "sd": "27%",
        "qy": "1019",
        "njd": "30km",
        "time": "15:50",
        "rain": "0",
        "rain24h": "0",
        "aqi": "41",
        "aqi_pm25": "41",
        "weather": "晴",
        "weathere": "Sunny",
        "weathercode": "d00",
        "limitnumber": "",
        "date": "12月25日(星期四)"
      },
      "weather": {
        "day": {
          "date": "25日白天",
          "weather": "晴",
          "temp": "3",
          "tempUnit": "°C",
          "wind": {
            "direction": "东南风",
            "directionCode": "SE",
            "level": "3-4级"
          },
          "sunrise": "日出 07:36"
        },
        "night": {
          "date": "25日夜间",
          "weather": "晴",
          "temp": "-4",
          "tempUnit": "°C",
          "wind": {
            "direction": "北风",
            "directionCode": "N",
            "level": "<3级"
          },
          "sunset": "日落 17:07"
        }
      }
    },
    {
      "id": "101100101",
      "province": "山西",
      "city": "太原",
      "realtime": {
        "nameen": "taiyuan",
        "cityname": "太原",
        "city": "101100101",
        "temp": "3.1",
        "tempf": "37.6",
        "WD": "西南风",
        "wde": "SW",
        "WS": "3级",
        "wse": "12km/h",
        "SD": "20%",
        "sd": "20%",
        "qy": "935",
        "njd": "30km",
        "time": "15:55",
        "rain": "0",
        "rain24h": "0",
        "aqi": "40",
        "aqi_pm25": "40",
        "weather": "晴",
        "weathere": "Sunny",
        "weathercode": "d00",
        "limitnumber": "",
        "date": "12月25日(星期四)"
      },
      "weather": {
        "day": {
          "date": "25日白天",
          "weather": "晴",
          "temp": "4",
          "tempUnit": "°C",
          "wind": {
            "direction": "南风",
            "directionCode": "S",
            "level": "<3级"
          },
          "sunrise": "日出 07:43"
        },
        "night": {
          "date": "25日夜间",
          "weather": "晴",
          "temp": "-12",
          "tempUnit": "°C",
          "wind": {
            "direction": "北风",
            "directionCode": "N",
            "level": "<3级"
          },
          "sunset": "日落 17:16"
        }
      }
    },
    {
      "id": "101110101",
      "province": "陕西",
      "city": "西安",
      "realtime": {
        "nameen": "xian",
        "cityname": "西安",
        "city": "101110101",
        "temp": "8.1",
        "tempf": "46.6",
        "WD": "东北风",
        "wde": "NE",
        "WS": "1级",
        "wse": "4km/h",
        "SD": "11%",
        "sd": "11%",
        "qy": "980",
        "njd": "26km",
        "time": "15:50",
        "rain": "0",
        "rain24h": "0",
        "aqi": "57",
        "aqi_pm25": "57",
        "weather": "晴",
        "weathere": "Sunny",
        "weathercode": "d00",
        "limitnumber": "4和9",
        "date": "12月25日(星期四)"
      },
      "weather": {
        "day": {
          "date": "25日白天",
          "weather": "晴",
          "temp": "9",
          "tempUnit": "°C",
          "wind": {
            "direction": "无持续风向",
            "directionCode": "NNW",
            "level": "<3级"
          },
          "sunrise": "日出 07:48"
        },
        "night": {
          "date": "25日夜间",
          "weather": "晴",
          "temp": "-1",
          "tempUnit": "°C",
          "wind": {
            "direction": "无持续风向",
            "directionCode": "NNW",
            "level": "<3级"
          },
          "sunset": "日落 17:40"
        }
      }
    },
    {
      "id": "101120101",
      "province": "山东",
      "city": "济南",
      "realtime": {
        "nameen": "jinan",
        "cityname": "济南",
        "city": "101120101",
        "temp": "1.9",
        "tempf": "35.4",
        "WD": "北风",
        "wde": "N",
        "WS": "2级",
        "wse": "5km/h",
        "SD": "23%",
        "sd": "23%",
        "qy": "1010",
        "njd": "30km",
        "time": "15:55",
        "rain": "0",
        "rain24h": "0",
        "aqi": "20",
        "aqi_pm25": "20",
        "weather": "晴",
        "weathere": "Sunny",
        "weathercode": "d00",
        "limitnumber": "",
        "date": "12月25日(星期四)"
      },
      "weather": {
        "day": {
          "date": "25日白天",
          "weather": "晴",
          "temp": "3",
          "tempUnit": "°C",
          "wind": {
            "direction": "无持续风向",
            "directionCode": "NNW",
            "level": "<3级"
          },
          "sunrise": "日出 07:21"
        },
        "night": {
          "date": "25日夜间",
          "weather": "晴",
          "temp": "-3",
          "tempUnit": "°C",
          "wind": {
            "direction": "无持续风向",
            "directionCode": "NNW",
            "level": "<3级"
          },
          "sunset": "日落 17:01"
        }
      }
    },
    {
      "id": "101130101",
      "province": "新疆",
      "city": "乌鲁木齐",
      "realtime": {
        "nameen": "wulumuqi",
        "cityname": "乌鲁木齐",
        "city": "101130101",
        "temp": "-3.7",
        "tempf": "25.3",
        "WD": "东北风",
        "wde": "NE",
        "WS": "2级",
        "wse": "6km/h",
        "SD": "62%",
        "sd": "62%",
        "qy": "914",
        "njd": "13km",
        "time": "15:50",
        "rain": "0",
        "rain24h": "0",
        "aqi": "75",
        "aqi_pm25": "75",
        "weather": "晴",
        "weathere": "Sunny",
        "weathercode": "d00",
        "limitnumber": "",
        "date": "12月25日(星期四)"
      },
      "weather": {
        "day": {
          "date": "25日白天",
          "weather": "多云",
          "temp": "-6",
          "tempUnit": "°C",
          "wind": {
            "direction": "东南风",
            "directionCode": "SE",
            "level": "<3级"
          },
          "sunrise": "日出 09:42"
        },
        "night": {
          "date": "25日夜间",
          "weather": "多云",
          "temp": "-14",
          "tempUnit": "°C",
          "wind": {
            "direction": "东南风",
            "directionCode": "SE",
            "level": "<3级"
          },
          "sunset": "日落 18:37"
        }
      }
    },
    {
      "id": "101140101",
      "province": "西藏",
      "city": "拉萨",
      "realtime": {
        "nameen": "lasa",
        "cityname": "拉萨",
        "city": "101140101",
        "temp": "10.5",
        "tempf": "50.9",
        "WD": "北风",
        "wde": "N",
        "WS": "2级",
        "wse": "7km/h",
        "SD": "5%",
        "sd": "5%",
        "qy": "650",
        "njd": "30km",
        "time": "15:55",
        "rain": "0",
        "rain24h": "0",
        "aqi": "25",
        "aqi_pm25": "25",
        "weather": "晴",
        "weathere": "Sunny",
        "weathercode": "d00",
        "limitnumber": "",
        "date": "12月25日(星期四)"
      },
      "weather": {
        "day": {
          "date": "25日白天",
          "weather": "晴",
          "temp": "12",
          "tempUnit": "°C",
          "wind": {
            "direction": "无持续风向",
            "directionCode": "NNW",
            "level": "<3级"
          },
          "sunrise": "日出 08:48"
        },
        "night": {
          "date": "25日夜间",
          "weather": "晴",
          "temp": "-5",
          "tempUnit": "°C",
          "wind": {
            "direction": "无持续风向",
            "directionCode": "NNW",
            "level": "<3级"
          },
          "sunset": "日落 19:03"
        }
      }
    },
    {
      "id": "101150101",
      "province": "青海",
      "city": "西宁",
      "realtime": {
        "nameen": "xining",
        "cityname": "西宁",
        "city": "101150101",
        "temp": "2.8",
        "tempf": "37",
        "WD": "东风",
        "wde": "E",
        "WS": "2级",
        "wse": "7km/h",
        "SD": "32%",
        "sd": "32%",
        "qy": "757",
        "njd": "20km",
        "time": "15:55",
        "rain": "0",
        "rain24h": "0",
        "aqi": "79",
        "aqi_pm25": "79",
        "weather": "多云",
        "weathere": "Cloudy",
        "weathercode": "d01",
        "limitnumber": "",
        "date": "12月25日(星期四)"
      },
      "weather": {
        "day": {
          "date": "25日白天",
          "weather": "晴",
          "temp": "2",
          "tempUnit": "°C",
          "wind": {
            "direction": "无持续风向",
            "directionCode": "NNW",
            "level": "<3级"
          },
          "sunrise": "日出 08:23"
        },
        "night": {
          "date": "25日夜间",
          "weather": "晴",
          "temp": "-11",
          "tempUnit": "°C",
          "wind": {
            "direction": "无持续风向",
            "directionCode": "NNW",
            "level": "<3级"
          },
          "sunset": "日落 18:02"
        }
      }
    },
    {
      "id": "101160101",
      "province": "甘肃",
      "city": "兰州",
      "realtime": {
        "nameen": "lanzhou",
        "cityname": "兰州",
        "city": "101160101",
        "temp": "4.7",
        "tempf": "40.5",
        "WD": "西风",
        "wde": "W",
        "WS": "1级",
        "wse": "3km/h",
        "SD": "28%",
        "sd": "28%",
        "qy": "850",
        "njd": "28km",
        "time": "15:55",
        "rain": "0",
        "rain24h": "0",
        "aqi": "56",
        "aqi_pm25": "56",
        "weather": "晴",
        "weathere": "Sunny",
        "weathercode": "d00",
        "limitnumber": "4和9",
        "date": "12月25日(星期四)"
      },
      "weather": {
        "day": {
          "date": "25日白天",
          "weather": "晴",
          "temp": "5",
          "tempUnit": "°C",
          "wind": {
            "direction": "无持续风向",
            "directionCode": "NNW",
            "level": "<3级"
          },
          "sunrise": "日出 08:13"
        },
        "night": {
          "date": "25日夜间",
          "weather": "多云",
          "temp": "-7",
          "tempUnit": "°C",
          "wind": {
            "direction": "无持续风向",
            "directionCode": "NNW",
            "level": "<3级"
          },
          "sunset": "日落 17:56"
        }
      }
    },
    {
      "id": "101170101",
      "province": "宁夏",
      "city": "银川",
      "realtime": {
        "nameen": "yinchuan",
        "cityname": "银川",
        "city": "101170101",
        "temp": "0.8",
        "tempf": "33.4",
        "WD": "北风",
        "wde": "N",
        "WS": "2级",
        "wse": "6km/h",
        "SD": "31%",
        "sd": "31%",
        "qy": "896",
        "njd": "19km",
        "time": "15:50",
        "rain": "0",
        "rain24h": "0",
        "aqi": "53",
        "aqi_pm25": "53",
        "weather": "晴",
        "weathere": "Sunny",
        "weathercode": "d00",
        "limitnumber": "",
        "date": "12月25日(星期四)"
      },
      "weather": {
        "day": {
          "date": "25日白天",
          "weather": "晴",
          "temp": "1",
          "tempUnit": "°C",
          "wind": {
            "direction": "无持续风向",
            "directionCode": "NNW",
            "level": "<3级"
          },
          "sunrise": "日出 08:10"
        },
        "night": {
          "date": "25日夜间",
          "weather": "多云",
          "temp": "-10",
          "tempUnit": "°C",
          "wind": {
            "direction": "无持续风向",
            "directionCode": "NNW",
            "level": "<3级"
          },
          "sunset": "日落 17:39"
        }
      }
    },
    {
      "id": "101180101",
      "province": "河南",
      "city": "郑州",
      "realtime": {
        "nameen": "zhengzhou",
        "cityname": "郑州",
        "city": "101180101",
        "temp": "9.3",
        "tempf": "48.7",
        "WD": "西风",
        "wde": "W",
        "WS": "1级",
        "wse": "2km/h",
        "SD": "23%",
        "sd": "23%",
        "qy": "1016",
        "njd": "29km",
        "time": "15:55",
        "rain": "0",
        "rain24h": "0",
        "aqi": "49",
        "aqi_pm25": "49",
        "weather": "晴",
        "weathere": "Sunny",
        "weathercode": "d00",
        "limitnumber": "4和9",
        "date": "12月25日(星期四)"
      },
      "weather": {
        "day": {
          "date": "25日白天",
          "weather": "晴",
          "temp": "6",
          "tempUnit": "°C",
          "wind": {
            "direction": "南风",
            "directionCode": "S",
            "level": "<3级"
          },
          "sunrise": "日出 07:30"
        },
        "night": {
          "date": "25日夜间",
          "weather": "多云",
          "temp": "-2",
          "tempUnit": "°C",
          "wind": {
            "direction": "南风",
            "directionCode": "S",
            "level": "<3级"
          },
          "sunset": "日落 17:20"
        }
      }
    },
    {
      "id": "101190101",
      "province": "江苏",
      "city": "南京",
      "realtime": {
        "nameen": "nanjing",
        "cityname": "南京",
        "city": "101190101",
        "temp": "7.5",
        "tempf": "45.5",
        "WD": "西北风",
        "wde": "NW",
        "WS": "3级",
        "wse": "12km/h",
        "SD": "23%",
        "sd": "23%",
        "qy": "1026",
        "njd": "30km",
        "time": "15:50",
        "rain": "0",
        "rain24h": "0",
        "aqi": "38",
        "aqi_pm25": "38",
        "weather": "晴",
        "weathere": "Sunny",
        "weathercode": "d00",
        "limitnumber": "",
        "date": "12月25日(星期四)"
      },
      "weather": {
        "day": {
          "date": "25日白天",
          "weather": "多云",
          "temp": "6",
          "tempUnit": "°C",
          "wind": {
            "direction": "北风",
            "directionCode": "N",
            "level": "4-5级"
          },
          "sunrise": "日出 07:03"
        },
        "night": {
          "date": "25日夜间",
          "weather": "晴",
          "temp": "-2",
          "tempUnit": "°C",
          "wind": {
            "direction": "东风",
            "directionCode": "E",
            "level": "3-4级"
          },
          "sunset": "日落 17:06"
        }
      }
    },
    {
      "id": "101200101",
      "province": "湖北",
      "city": "武汉",
      "realtime": {
        "nameen": "wuhan",
        "cityname": "武汉",
        "city": "101200101",
        "temp": "10.3",
        "tempf": "50.5",
        "WD": "东北风",
        "wde": "NE",
        "WS": "3级",
        "wse": "15km/h",
        "SD": "32%",
        "sd": "32%",
        "qy": "1027",
        "njd": "19km",
        "time": "15:50",
        "rain": "0",
        "rain24h": "0",
        "aqi": "49",
        "aqi_pm25": "49",
        "weather": "晴",
        "weathere": "Sunny",
        "weathercode": "d00",
        "limitnumber": "双号限行",
        "date": "12月25日(星期四)"
      },
      "weather": {
        "day": {
          "date": "25日白天",
          "weather": "晴",
          "temp": "11",
          "tempUnit": "°C",
          "wind": {
            "direction": "无持续风向",
            "directionCode": "NNW",
            "level": "<3级"
          },
          "sunrise": "日出 07:17"
        },
        "night": {
          "date": "25日夜间",
          "weather": "多云",
          "temp": "-1",
          "tempUnit": "°C",
          "wind": {
            "direction": "无持续风向",
            "directionCode": "NNW",
            "level": "<3级"
          },
          "sunset": "日落 17:28"
        }
      }
    },
    {
      "id": "101210101",
      "province": "浙江",
      "city": "杭州",
      "realtime": {
        "nameen": "hangzhou",
        "cityname": "杭州",
        "city": "101210101",
        "temp": "8.1",
        "tempf": "46.6",
        "WD": "北风",
        "wde": "N",
        "WS": "3级",
        "wse": "17km/h",
        "SD": "35%",
        "sd": "35%",
        "qy": "1023",
        "njd": "13km",
        "time": "15:55",
        "rain": "0",
        "rain24h": "0",
        "aqi": "49",
        "aqi_pm25": "49",
        "weather": "晴",
        "weathere": "Sunny",
        "weathercode": "d00",
        "limitnumber": "4和6",
        "date": "12月25日(星期四)"
      },
      "weather": {
        "day": {
          "date": "25日白天",
          "weather": "晴",
          "temp": "8",
          "tempUnit": "°C",
          "wind": {
            "direction": "北风",
            "directionCode": "N",
            "level": "<3级"
          },
          "sunrise": "日出 06:53"
        },
        "night": {
          "date": "25日夜间",
          "weather": "晴",
          "temp": "1",
          "tempUnit": "°C",
          "wind": {
            "direction": "西北风",
            "directionCode": "NW",
            "level": "<3级"
          },
          "sunset": "日落 17:05"
        }
      }
    },
    {
      "id": "101220101",
      "province": "安徽",
      "city": "合肥",
      "realtime": {
        "nameen": "hefei",
        "cityname": "合肥",
        "city": "101220101",
        "temp": "7.8",
        "tempf": "46",
        "WD": "北风",
        "wde": "N",
        "WS": "3级",
        "wse": "12km/h",
        "SD": "32%",
        "sd": "32%",
        "qy": "1023",
        "njd": "22km",
        "time": "15:55",
        "rain": "0",
        "rain24h": "0",
        "aqi": "54",
        "aqi_pm25": "54",
        "weather": "晴",
        "weathere": "Sunny",
        "weathercode": "d00",
        "limitnumber": "",
        "date": "12月25日(星期四)"
      },
      "weather": {
        "day": {
          "date": "25日白天",
          "weather": "晴",
          "temp": "8",
          "tempUnit": "°C",
          "wind": {
            "direction": "北风",
            "directionCode": "N",
            "level": "3-4级"
          },
          "sunrise": "日出 07:08"
        },
        "night": {
          "date": "25日夜间",
          "weather": "晴",
          "temp": "-4",
          "tempUnit": "°C",
          "wind": {
            "direction": "北风",
            "directionCode": "N",
            "level": "<3级"
          },
          "sunset": "日落 17:13"
        }
      }
    },
    {
      "id": "101230101",
      "province": "福建",
      "city": "福州",
      "realtime": {
        "nameen": "fuzhou",
        "cityname": "福州",
        "city": "101230101",
        "temp": "11.5",
        "tempf": "52.7",
        "WD": "北风",
        "wde": "N",
        "WS": "2级",
        "wse": "8km/h",
        "SD": "79%",
        "sd": "79%",
        "qy": "1012",
        "njd": "12km",
        "time": "15:55",
        "rain": "0",
        "rain24h": "0",
        "aqi": "12",
        "aqi_pm25": "12",
        "weather": "多云",
        "weathere": "Cloudy",
        "weathercode": "d01",
        "limitnumber": "",
        "date": "12月25日(星期四)"
      },
      "weather": {
        "day": {
          "date": "25日白天",
          "weather": "小雨",
          "temp": "14",
          "tempUnit": "°C",
          "wind": {
            "direction": "无持续风向",
            "directionCode": "NNW",
            "level": "<3级"
          },
          "sunrise": "日出 06:47"
        },
        "night": {
          "date": "25日夜间",
          "weather": "多云",
          "temp": "6",
          "tempUnit": "°C",
          "wind": {
            "direction": "东北风",
            "directionCode": "NE",
            "level": "3-4级"
          },
          "sunset": "日落 17:18"
        }
      }
    },
    {
      "id": "101240101",
      "province": "江西",
      "city": "南昌",
      "realtime": {
        "nameen": "nanchang",
        "cityname": "南昌",
        "city": "101240101",
        "temp": "9.4",
        "tempf": "48.9",
        "WD": "东北风",
        "wde": "NE",
        "WS": "3级",
        "wse": "13km/h",
        "SD": "45%",
        "sd": "45%",
        "qy": "1023",
        "njd": "9km",
        "time": "15:55",
        "rain": "0",
        "rain24h": "0",
        "aqi": "77",
        "aqi_pm25": "77",
        "weather": "晴",
        "weathere": "Sunny",
        "weathercode": "d00",
        "limitnumber": "",
        "date": "12月25日(星期四)"
      },
      "weather": {
        "day": {
          "date": "25日白天",
          "weather": "晴",
          "temp": "11",
          "tempUnit": "°C",
          "wind": {
            "direction": "东北风",
            "directionCode": "NE",
            "level": "<3级"
          },
          "sunrise": "日出 07:06"
        },
        "night": {
          "date": "25日夜间",
          "weather": "晴",
          "temp": "2",
          "tempUnit": "°C",
          "wind": {
            "direction": "东北风",
            "directionCode": "NE",
            "level": "<3级"
          },
          "sunset": "日落 17:26"
        }
      }
    },
    {
      "id": "101250101",
      "province": "湖南",
      "city": "长沙",
      "realtime": {
        "nameen": "changsha",
        "cityname": "长沙",
        "city": "101250101",
        "temp": "10.5",
        "tempf": "50.9",
        "WD": "北风",
        "wde": "N",
        "WS": "3级",
        "wse": "16km/h",
        "SD": "39%",
        "sd": "39%",
        "qy": "1014",
        "njd": "11km",
        "time": "15:50",
        "rain": "0",
        "rain24h": "0",
        "aqi": "56",
        "aqi_pm25": "56",
        "weather": "晴",
        "weathere": "Sunny",
        "weathercode": "d00",
        "limitnumber": "",
        "date": "12月25日(星期四)"
      },
      "weather": {
        "day": {
          "date": "25日白天",
          "weather": "晴",
          "temp": "11",
          "tempUnit": "°C",
          "wind": {
            "direction": "北风",
            "directionCode": "N",
            "level": "<3级"
          },
          "sunrise": "日出 07:17"
        },
        "night": {
          "date": "25日夜间",
          "weather": "晴",
          "temp": "1",
          "tempUnit": "°C",
          "wind": {
            "direction": "北风",
            "directionCode": "N",
            "level": "<3级"
          },
          "sunset": "日落 17:38"
        }
      }
    },
    {
      "id": "101260101",
      "province": "贵州",
      "city": "贵阳",
      "realtime": {
        "nameen": "guiyang",
        "cityname": "贵阳",
        "city": "101260101",
        "temp": "4.3",
        "tempf": "39.7",
        "WD": "东北风",
        "wde": "NE",
        "WS": "2级",
        "wse": "9km/h",
        "SD": "63%",
        "sd": "63%",
        "qy": "885",
        "njd": "19km",
        "time": "15:55",
        "rain": "0",
        "rain24h": "0",
        "aqi": "38",
        "aqi_pm25": "38",
        "weather": "多云",
        "weathere": "Cloudy",
        "weathercode": "d01",
        "limitnumber": null,
        "date": "12月25日(星期四)"
      },
      "weather": {
        "day": {
          "date": "25日白天",
          "weather": "雨夹雪",
          "temp": "6",
          "tempUnit": "°C",
          "wind": {
            "direction": "东北风",
            "directionCode": "NE",
            "level": "<3级"
          },
          "sunrise": "日出 07:39"
        },
        "night": {
          "date": "25日夜间",
          "weather": "阴",
          "temp": "2",
          "tempUnit": "°C",
          "wind": {
            "direction": "东风",
            "directionCode": "E",
            "level": "<3级"
          },
          "sunset": "日落 18:07"
        }
      }
    },
    {
      "id": "101270101",
      "province": "四川",
      "city": "成都",
      "realtime": {
        "nameen": "chengdu",
        "cityname": "成都",
        "city": "101270101",
        "temp": "13.4",
        "tempf": "56.1",
        "WD": "南风",
        "wde": "S",
        "WS": "1级",
        "wse": "2km/h",
        "SD": "49%",
        "sd": "49%",
        "qy": "965",
        "njd": "13km",
        "time": "15:50",
        "rain": "0",
        "rain24h": "0",
        "aqi": "70",
        "aqi_pm25": "70",
        "weather": "晴",
        "weathere": "Sunny",
        "weathercode": "d00",
        "limitnumber": "4和9",
        "date": "12月25日(星期四)"
      },
      "weather": {
        "day": {
          "date": "25日白天",
          "weather": "多云",
          "temp": "14",
          "tempUnit": "°C",
          "wind": {
            "direction": "无持续风向",
            "directionCode": "NNW",
            "level": "<3级"
          },
          "sunrise": "日出 07:58"
        },
        "night": {
          "date": "25日夜间",
          "weather": "晴",
          "temp": "3",
          "tempUnit": "°C",
          "wind": {
            "direction": "无持续风向",
            "directionCode": "NNW",
            "level": "<3级"
          },
          "sunset": "日落 18:08"
        }
      }
    },
    {
      "id": "101280101",
      "province": "广东",
      "city": "广州",
      "realtime": {
        "nameen": "guangzhou",
        "cityname": "广州",
        "city": "101280101",
        "temp": "14.1",
        "tempf": "57.4",
        "WD": "东北风",
        "wde": "NE",
        "WS": "2级",
        "wse": "7km/h",
        "SD": "67%",
        "sd": "67%",
        "qy": "1016",
        "njd": "30km",
        "time": "15:40",
        "rain": "0",
        "rain24h": "0",
        "aqi": "12",
        "aqi_pm25": "12",
        "weather": "阴",
        "weathere": "Overcast",
        "weathercode": "d02",
        "limitnumber": "双号限行",
        "date": "12月25日(星期四)"
      },
      "weather": {
        "day": {
          "date": "25日白天",
          "weather": "阵雨",
          "temp": "16",
          "tempUnit": "°C",
          "wind": {
            "direction": "北风",
            "directionCode": "N",
            "level": "3-4级"
          },
          "sunrise": "日出 07:05"
        },
        "night": {
          "date": "25日夜间",
          "weather": "多云",
          "temp": "8",
          "tempUnit": "°C",
          "wind": {
            "direction": "无持续风向",
            "directionCode": "NNW",
            "level": "<3级"
          },
          "sunset": "日落 17:48"
        }
      }
    },
    {
      "id": "101290101",
      "province": "云南",
      "city": "昆明",
      "realtime": {
        "nameen": "kunming",
        "cityname": "昆明",
        "city": "101290101",
        "temp": "7",
        "tempf": "44.6",
        "WD": "东北风",
        "wde": "NE",
        "WS": "2级",
        "wse": "10km/h",
        "SD": "72%",
        "sd": "72%",
        "qy": "814",
        "njd": "17km",
        "time": "15:50",
        "rain": "0",
        "rain24h": "0",
        "aqi": "33",
        "aqi_pm25": "33",
        "weather": "阴",
        "weathere": "Overcast",
        "weathercode": "d02",
        "limitnumber": "",
        "date": "12月25日(星期四)"
      },
      "weather": {
        "day": {
          "date": "25日白天",
          "weather": "阴",
          "temp": "8",
          "tempUnit": "°C",
          "wind": {
            "direction": "无持续风向",
            "directionCode": "NNW",
            "level": "<3级"
          },
          "sunrise": "日出 07:50"
        },
        "night": {
          "date": "25日夜间",
          "weather": "阴",
          "temp": "4",
          "tempUnit": "°C",
          "wind": {
            "direction": "无持续风向",
            "directionCode": "NNW",
            "level": "<3级"
          },
          "sunset": "日落 18:26"
        }
      }
    },
    {
      "id": "101300101",
      "province": "广西",
      "city": "南宁",
      "realtime": {
        "nameen": "nanning",
        "cityname": "南宁",
        "city": "101300101",
        "temp": "15.2",
        "tempf": "59.4",
        "WD": "北风",
        "wde": "N",
        "WS": "4级",
        "wse": "19km/h",
        "SD": "45%",
        "sd": "45%",
        "qy": "1003",
        "njd": "30km",
        "time": "15:55",
        "rain": "0",
        "rain24h": "0",
        "aqi": "31",
        "aqi_pm25": "31",
        "weather": "多云",
        "weathere": "Cloudy",
        "weathercode": "d01",
        "limitnumber": "",
        "date": "12月25日(星期四)"
      },
      "weather": {
        "day": {
          "date": "25日白天",
          "weather": "多云",
          "temp": "17",
          "tempUnit": "°C",
          "wind": {
            "direction": "东北风",
            "directionCode": "NE",
            "level": "3-4级"
          },
          "sunrise": "日出 07:24"
        },
        "night": {
          "date": "25日夜间",
          "weather": "晴",
          "temp": "9",
          "tempUnit": "°C",
          "wind": {
            "direction": "东北风",
            "directionCode": "NE",
            "level": "3-4级"
          },
          "sunset": "日落 18:08"
        }
      }
    },
    {
      "id": "101310101",
      "province": "海南",
      "city": "海口",
      "realtime": {
        "nameen": "haikou",
        "cityname": "海口",
        "city": "101310101",
        "temp": "17.5",
        "tempf": "63.5",
        "WD": "东北风",
        "wde": "NE",
        "WS": "2级",
        "wse": "9km/h",
        "SD": "73%",
        "sd": "73%",
        "qy": "1010",
        "njd": "25km",
        "time": "15:50",
        "rain": "0",
        "rain24h": "0",
        "aqi": "25",
        "aqi_pm25": "25",
        "weather": "阴",
        "weathere": "Overcast",
        "weathercode": "d02",
        "limitnumber": "",
        "date": "12月25日(星期四)"
      },
      "weather": {
        "day": {
          "date": "25日白天",
          "weather": "多云",
          "temp": "18",
          "tempUnit": "°C",
          "wind": {
            "direction": "无持续风向",
            "directionCode": "NNW",
            "level": "<3级"
          },
          "sunrise": "日出 07:11"
        },
        "night": {
          "date": "25日夜间",
          "weather": "多云",
          "temp": "15",
          "tempUnit": "°C",
          "wind": {
            "direction": "东北风",
            "directionCode": "NE",
            "level": "3-4级"
          },
          "sunset": "日落 18:06"
        }
      }
    },
    {
      "id": "101320101",
      "province": "香港",
      "city": "香港",
      "realtime": {
        "nameen": "hongkong",
        "cityname": "香港",
        "city": "101320101",
        "temp": "17.1",
        "tempf": "62.8",
        "WD": "微风",
        "wde": "NWW",
        "WS": "4级",
        "wse": "19km/h",
        "SD": "66%",
        "sd": "66%",
        "qy": "999",
        "njd": "33km",
        "time": "16:00",
        "rain": "0",
        "rain24h": "0",
        "aqi": "27",
        "aqi_pm25": "27",
        "weather": "晴",
        "weathere": "Sunny",
        "weathercode": "d00",
        "limitnumber": "",
        "date": "12月25日(星期四)"
      },
      "weather": {
        "day": {
          "date": "25日白天",
          "weather": "多云",
          "temp": "21",
          "tempUnit": "°C",
          "wind": {
            "direction": "无持续风向",
            "directionCode": "NNW",
            "level": "<3级"
          },
          "sunrise": "日出 07:00"
        },
        "night": {
          "date": "25日夜间",
          "weather": "多云",
          "temp": "15",
          "tempUnit": "°C",
          "wind": {
            "direction": "无持续风向",
            "directionCode": "NNW",
            "level": "<3级"
          },
          "sunset": "日落 17:46"
        }
      }
    },
    {
      "id": "101330101",
      "province": "澳门",
      "city": "澳门",
      "realtime": {
        "nameen": "macao",
        "cityname": "澳门",
        "city": "101330101",
        "temp": "17",
        "tempf": "62.6",
        "WD": "微风",
        "wde": "NWW",
        "WS": "3级",
        "wse": "12km/h",
        "SD": "57%",
        "sd": "57%",
        "qy": "1006",
        "njd": "29km",
        "time": "16:00",
        "rain": "0",
        "rain24h": "0",
        "aqi": "27",
        "aqi_pm25": "27",
        "weather": "晴",
        "weathere": "Sunny",
        "weathercode": "d00",
        "limitnumber": "",
        "date": "12月25日(星期四)"
      },
      "weather": {
        "day": {
          "date": "25日白天",
          "weather": "多云",
          "temp": "19",
          "tempUnit": "°C",
          "wind": {
            "direction": "北风",
            "directionCode": "N",
            "level": "3-4级"
          },
          "sunrise": "日出 07:02"
        },
        "night": {
          "date": "25日夜间",
          "weather": "多云",
          "temp": "14",
          "tempUnit": "°C",
          "wind": {
            "direction": "北风",
            "directionCode": "N",
            "level": "3-4级"
          },
          "sunset": "日落 17:49"
        }
      }
    },
    {
      "id": "101340101",
      "province": "台湾",
      "city": "台北",
      "realtime": {
        "nameen": "taibeixian",
        "cityname": "台北",
        "city": "101340101",
        "temp": "13.8",
        "tempf": "56.8",
        "WD": "微风",
        "wde": "NWW",
        "WS": "3级",
        "wse": "12km/h",
        "SD": "88%",
        "sd": "88%",
        "qy": "1007",
        "njd": "3km",
        "time": "16:00",
        "rain": "0",
        "rain24h": "0",
        "aqi": "38",
        "aqi_pm25": "38",
        "weather": "阴",
        "weathere": "Overcast",
        "weathercode": "d02",
        "limitnumber": "",
        "date": "12月25日(星期四)"
      },
      "weather": {
        "day": {
          "date": "25日白天",
          "weather": "小雨",
          "temp": "15",
          "tempUnit": "°C",
          "wind": {
            "direction": "无持续风向",
            "directionCode": "NNW",
            "level": "<3级"
          },
          "sunrise": "日出 06:36"
        },
        "night": {
          "date": "25日夜间",
          "weather": "小雨",
          "temp": "13",
          "tempUnit": "°C",
          "wind": {
            "direction": "无持续风向",
            "directionCode": "NNW",
            "level": "<3级"
          },
          "sunset": "日落 17:11"
        }
      }
    }
  ]
}
