{
  "timestamp": 1737669816548,
  "lastUpdate": "2025-01-24 06:03:36",
  "data": [
    {
      "id": "101010100",
      "province": "北京",
      "city": "北京",
      "realtime": {
        "nameen": "beijing",
        "cityname": "北京",
        "city": "101010100",
        "temp": "-6.1",
        "tempf": "21",
        "WD": "东北风",
        "wde": "NE",
        "WS": "1级",
        "wse": "3km/h",
        "SD": "83%",
        "sd": "83%",
        "qy": "1023",
        "njd": "4km",
        "time": "05:45",
        "rain": "0",
        "rain24h": "0",
        "aqi": "97",
        "aqi_pm25": "97",
        "weather": "晴",
        "weathere": "Sunny",
        "weathercode": "d00",
        "limitnumber": "1和6",
        "date": "01月24日(星期五)"
      },
      "weather": {
        "day": {
          "date": "23日夜间",
          "weather": "晴",
          "temp": "-3",
          "tempUnit": "°C",
          "wind": {
            "direction": "北风",
            "directionCode": "N",
            "level": "<3级"
          },
          "sunrise": "日落 17:22"
        },
        "night": {
          "date": "24日白天",
          "weather": "晴",
          "temp": "7",
          "tempUnit": "°C",
          "wind": {
            "direction": "东北风",
            "directionCode": "NE",
            "level": "<3级"
          },
          "sunset": "日出 07:29"
        }
      }
    },
    {
      "id": "101020100",
      "province": "上海",
      "city": "上海",
      "realtime": {
        "nameen": "shanghai",
        "cityname": "上海",
        "city": "101020100",
        "temp": "10",
        "tempf": "50",
        "WD": "东北风",
        "wde": "NE",
        "WS": "1级",
        "wse": "3km/h",
        "SD": "82%",
        "sd": "82%",
        "qy": "1020",
        "njd": "13km",
        "time": "05:40",
        "rain": "0",
        "rain24h": "0",
        "aqi": "33",
        "aqi_pm25": "33",
        "weather": "多云",
        "weathere": "Cloudy",
        "weathercode": "d01",
        "limitnumber": "",
        "date": "01月24日(星期五)"
      },
      "weather": {
        "day": {
          "date": "23日夜间",
          "weather": "阴",
          "temp": "9",
          "tempUnit": "°C",
          "wind": {
            "direction": "无持续风向",
            "directionCode": "NNW",
            "level": "<3级"
          },
          "sunrise": "日落 17:20"
        },
        "night": {
          "date": "24日白天",
          "weather": "多云",
          "temp": "14",
          "tempUnit": "°C",
          "wind": {
            "direction": "无持续风向",
            "directionCode": "NNW",
            "level": "<3级"
          },
          "sunset": "日出 06:50"
        }
      }
    },
    {
      "id": "101030100",
      "province": "天津",
      "city": "天津",
      "realtime": {
        "nameen": "tianjin",
        "cityname": "天津",
        "city": "101030100",
        "temp": "-4.8",
        "tempf": "23.4",
        "WD": "北风",
        "wde": "N",
        "WS": "1级",
        "wse": "1km/h",
        "SD": "91%",
        "sd": "91%",
        "qy": "1027",
        "njd": "6km",
        "time": "05:45",
        "rain": "0",
        "rain24h": "0",
        "aqi": "68",
        "aqi_pm25": "68",
        "weather": "雾",
        "weathere": "Foggy",
        "weathercode": "d18",
        "limitnumber": "1和6",
        "date": "01月24日(星期五)"
      },
      "weather": {
        "day": {
          "date": "23日夜间",
          "weather": "晴",
          "temp": "-1",
          "tempUnit": "°C",
          "wind": {
            "direction": "东北风",
            "directionCode": "NE",
            "level": "<3级"
          },
          "sunrise": "日落 17:21"
        },
        "night": {
          "date": "24日白天",
          "weather": "晴",
          "temp": "7",
          "tempUnit": "°C",
          "wind": {
            "direction": "东风",
            "directionCode": "E",
            "level": "<3级"
          },
          "sunset": "日出 07:24"
        }
      }
    },
    {
      "id": "101040100",
      "province": "重庆",
      "city": "重庆",
      "realtime": {
        "nameen": "chongqing",
        "cityname": "重庆",
        "city": "101040100",
        "temp": "11.1",
        "tempf": "52",
        "WD": "东南风",
        "wde": "SE",
        "WS": "1级",
        "wse": "1km/h",
        "SD": "97%",
        "sd": "97%",
        "qy": "979",
        "njd": "0km",
        "time": "05:45",
        "rain": "0.3",
        "rain24h": "0.3",
        "aqi": "130",
        "aqi_pm25": "130",
        "weather": "阴",
        "weathere": "Overcast",
        "weathercode": "d02",
        "limitnumber": "5和0",
        "date": "01月24日(星期五)"
      },
      "weather": {
        "day": {
          "date": "23日夜间",
          "weather": "小雨",
          "temp": "11",
          "tempUnit": "°C",
          "wind": {
            "direction": "北风",
            "directionCode": "N",
            "level": "<3级"
          },
          "sunrise": "日落 18:23"
        },
        "night": {
          "date": "24日白天",
          "weather": "小雨",
          "temp": "12",
          "tempUnit": "°C",
          "wind": {
            "direction": "西南风",
            "directionCode": "SW",
            "level": "<3级"
          },
          "sunset": "日出 07:47"
        }
      }
    },
    {
      "id": "101050101",
      "province": "黑龙江",
      "city": "哈尔滨",
      "realtime": {
        "nameen": "haerbin",
        "cityname": "哈尔滨",
        "city": "101050101",
        "temp": "-25.6",
        "tempf": "-14.1",
        "WD": "东北风",
        "wde": "NE",
        "WS": "1级",
        "wse": "3km/h",
        "SD": "78%",
        "sd": "78%",
        "qy": "1018",
        "njd": "1km",
        "time": "05:45",
        "rain": "0",
        "rain24h": "0",
        "aqi": "300",
        "aqi_pm25": "300",
        "weather": "霾",
        "weathere": "haze",
        "weathercode": "d53",
        "limitnumber": "",
        "date": "01月24日(星期五)"
      },
      "weather": {
        "day": {
          "date": "23日夜间",
          "weather": "晴",
          "temp": "-19",
          "tempUnit": "°C",
          "wind": {
            "direction": "东北风",
            "directionCode": "NE",
            "level": "<3级"
          },
          "sunrise": "日落 16:26"
        },
        "night": {
          "date": "24日白天",
          "weather": "晴",
          "temp": "-11",
          "tempUnit": "°C",
          "wind": {
            "direction": "北风",
            "directionCode": "N",
            "level": "<3级"
          },
          "sunset": "日出 07:05"
        }
      }
    },
    {
      "id": "101060101",
      "province": "吉林",
      "city": "长春",
      "realtime": {
        "nameen": "changchun",
        "cityname": "长春",
        "city": "101060101",
        "temp": "-15.1",
        "tempf": "4.8",
        "WD": "北风",
        "wde": "N",
        "WS": "1级",
        "wse": "1km/h",
        "SD": "90%",
        "sd": "90%",
        "qy": "1001",
        "njd": "4km",
        "time": "05:45",
        "rain": "0",
        "rain24h": "0",
        "aqi": "92",
        "aqi_pm25": "92",
        "weather": "多云",
        "weathere": "Cloudy",
        "weathercode": "d01",
        "limitnumber": "",
        "date": "01月24日(星期五)"
      },
      "weather": {
        "day": {
          "date": "23日夜间",
          "weather": "晴",
          "temp": "-15",
          "tempUnit": "°C",
          "wind": {
            "direction": "东风",
            "directionCode": "E",
            "level": "<3级"
          },
          "sunrise": "日落 16:36"
        },
        "night": {
          "date": "24日白天",
          "weather": "晴",
          "temp": "-4",
          "tempUnit": "°C",
          "wind": {
            "direction": "北风",
            "directionCode": "N",
            "level": "<3级"
          },
          "sunset": "日出 07:04"
        }
      }
    },
    {
      "id": "101070101",
      "province": "辽宁",
      "city": "沈阳",
      "realtime": {
        "nameen": "shenyang",
        "cityname": "沈阳",
        "city": "101070101",
        "temp": "-7.8",
        "tempf": "18",
        "WD": "北风",
        "wde": "N",
        "WS": "1级",
        "wse": "4km/h",
        "SD": "69%",
        "sd": "69%",
        "qy": "1023",
        "njd": "22km",
        "time": "05:45",
        "rain": "0",
        "rain24h": "0",
        "aqi": "114",
        "aqi_pm25": "114",
        "weather": "晴",
        "weathere": "Sunny",
        "weathercode": "d00",
        "limitnumber": "",
        "date": "01月24日(星期五)"
      },
      "weather": {
        "day": {
          "date": "23日夜间",
          "weather": "晴",
          "temp": "-11",
          "tempUnit": "°C",
          "wind": {
            "direction": "东北风",
            "directionCode": "NE",
            "level": "<3级"
          },
          "sunrise": "日落 16:49"
        },
        "night": {
          "date": "24日白天",
          "weather": "晴",
          "temp": "3",
          "tempUnit": "°C",
          "wind": {
            "direction": "东北风",
            "directionCode": "NE",
            "level": "3-4级"
          },
          "sunset": "日出 07:06"
        }
      }
    },
    {
      "id": "101080101",
      "province": "内蒙古",
      "city": "呼和浩特",
      "realtime": {
        "nameen": "huhehaote",
        "cityname": "呼和浩特",
        "city": "101080101",
        "temp": "-5.6",
        "tempf": "21.9",
        "WD": "东风",
        "wde": "E",
        "WS": "2级",
        "wse": "5km/h",
        "SD": "43%",
        "sd": "43%",
        "qy": "901",
        "njd": "30km",
        "time": "05:45",
        "rain": "0",
        "rain24h": "0",
        "aqi": "29",
        "aqi_pm25": "29",
        "weather": "晴",
        "weathere": "Sunny",
        "weathercode": "d00",
        "limitnumber": "",
        "date": "01月24日(星期五)"
      },
      "weather": {
        "day": {
          "date": "23日夜间",
          "weather": "晴",
          "temp": "-9",
          "tempUnit": "°C",
          "wind": {
            "direction": "东北风",
            "directionCode": "NE",
            "level": "<3级"
          },
          "sunrise": "日落 17:38"
        },
        "night": {
          "date": "24日白天",
          "weather": "晴",
          "temp": "8",
          "tempUnit": "°C",
          "wind": {
            "direction": "东北风",
            "directionCode": "NE",
            "level": "<3级"
          },
          "sunset": "日出 07:50"
        }
      }
    },
    {
      "id": "101090101",
      "province": "河北",
      "city": "石家庄",
      "realtime": {
        "nameen": "shijiazhuang",
        "cityname": "石家庄",
        "city": "101090101",
        "temp": "-1",
        "tempf": "30.2",
        "WD": "北风",
        "wde": "N",
        "WS": "2级",
        "wse": "7km/h",
        "SD": "48%",
        "sd": "48%",
        "qy": "1016",
        "njd": "13km",
        "time": "05:40",
        "rain": "0",
        "rain24h": "0",
        "aqi": "99",
        "aqi_pm25": "99",
        "weather": "晴",
        "weathere": "Sunny",
        "weathercode": "d00",
        "limitnumber": "",
        "date": "01月24日(星期五)"
      },
      "weather": {
        "day": {
          "date": "23日夜间",
          "weather": "晴",
          "temp": "-1",
          "tempUnit": "°C",
          "wind": {
            "direction": "西北风",
            "directionCode": "NW",
            "level": "<3级"
          },
          "sunrise": "日落 17:34"
        },
        "night": {
          "date": "24日白天",
          "weather": "晴",
          "temp": "6",
          "tempUnit": "°C",
          "wind": {
            "direction": "东北风",
            "directionCode": "NE",
            "level": "<3级"
          },
          "sunset": "日出 07:32"
        }
      }
    },
    {
      "id": "101100101",
      "province": "山西",
      "city": "太原",
      "realtime": {
        "nameen": "taiyuan",
        "cityname": "太原",
        "city": "101100101",
        "temp": "-4.4",
        "tempf": "24.1",
        "WD": "东北风",
        "wde": "NE",
        "WS": "1级",
        "wse": "3km/h",
        "SD": "62%",
        "sd": "62%",
        "qy": "931",
        "njd": "6km",
        "time": "05:45",
        "rain": "0",
        "rain24h": "0",
        "aqi": "127",
        "aqi_pm25": "127",
        "weather": "霾",
        "weathere": "haze",
        "weathercode": "d53",
        "limitnumber": "",
        "date": "01月24日(星期五)"
      },
      "weather": {
        "day": {
          "date": "23日夜间",
          "weather": "多云",
          "temp": "-6",
          "tempUnit": "°C",
          "wind": {
            "direction": "北风",
            "directionCode": "N",
            "level": "<3级"
          },
          "sunrise": "日落 17:42"
        },
        "night": {
          "date": "24日白天",
          "weather": "多云",
          "temp": "8",
          "tempUnit": "°C",
          "wind": {
            "direction": "东北风",
            "directionCode": "NE",
            "level": "<3级"
          },
          "sunset": "日出 07:40"
        }
      }
    },
    {
      "id": "101110101",
      "province": "陕西",
      "city": "西安",
      "realtime": {
        "nameen": "xian",
        "cityname": "西安",
        "city": "101110101",
        "temp": "2.9",
        "tempf": "37.2",
        "WD": "东南风",
        "wde": "SE",
        "WS": "1级",
        "wse": "3km/h",
        "SD": "100%",
        "sd": "100%",
        "qy": "974",
        "njd": "2km",
        "time": "05:45",
        "rain": "0.5",
        "rain24h": "0.5",
        "aqi": "166",
        "aqi_pm25": "166",
        "weather": "阴",
        "weathere": "Overcast",
        "weathercode": "d02",
        "limitnumber": "5和0",
        "date": "01月24日(星期五)"
      },
      "weather": {
        "day": {
          "date": "23日夜间",
          "weather": "小雨",
          "temp": "3",
          "tempUnit": "°C",
          "wind": {
            "direction": "无持续风向",
            "directionCode": "NNW",
            "level": "<3级"
          },
          "sunrise": "日落 18:04"
        },
        "night": {
          "date": "24日白天",
          "weather": "小雨",
          "temp": "3",
          "tempUnit": "°C",
          "wind": {
            "direction": "无持续风向",
            "directionCode": "NNW",
            "level": "<3级"
          },
          "sunset": "日出 07:47"
        }
      }
    },
    {
      "id": "101120101",
      "province": "山东",
      "city": "济南",
      "realtime": {
        "nameen": "jinan",
        "cityname": "济南",
        "city": "101120101",
        "temp": "2",
        "tempf": "35.6",
        "WD": "北风",
        "wde": "N",
        "WS": "1级",
        "wse": "2km/h",
        "SD": "82%",
        "sd": "82%",
        "qy": "1005",
        "njd": "2km",
        "time": "05:45",
        "rain": "0",
        "rain24h": "0",
        "aqi": "173",
        "aqi_pm25": "173",
        "weather": "雾",
        "weathere": "Foggy",
        "weathercode": "d18",
        "limitnumber": "",
        "date": "01月24日(星期五)"
      },
      "weather": {
        "day": {
          "date": "23日夜间",
          "weather": "多云",
          "temp": "0",
          "tempUnit": "°C",
          "wind": {
            "direction": "无持续风向",
            "directionCode": "NNW",
            "level": "<3级"
          },
          "sunrise": "日落 17:27"
        },
        "night": {
          "date": "24日白天",
          "weather": "阴",
          "temp": "8",
          "tempUnit": "°C",
          "wind": {
            "direction": "无持续风向",
            "directionCode": "NNW",
            "level": "<3级"
          },
          "sunset": "日出 07:19"
        }
      }
    },
    {
      "id": "101130101",
      "province": "新疆",
      "city": "乌鲁木齐",
      "realtime": {
        "nameen": "wulumuqi",
        "cityname": "乌鲁木齐",
        "city": "101130101",
        "temp": "-11.4",
        "tempf": "11.5",
        "WD": "西北风",
        "wde": "NW",
        "WS": "1级",
        "wse": "3km/h",
        "SD": "86%",
        "sd": "86%",
        "qy": "929",
        "njd": "5km",
        "time": "05:45",
        "rain": "0",
        "rain24h": "0",
        "aqi": "23",
        "aqi_pm25": "23",
        "weather": "阴",
        "weathere": "Overcast",
        "weathercode": "d02",
        "limitnumber": "",
        "date": "01月24日(星期五)"
      },
      "weather": {
        "day": {
          "date": "23日夜间",
          "weather": "中雪",
          "temp": "-13",
          "tempUnit": "°C",
          "wind": {
            "direction": "西北风",
            "directionCode": "NW",
            "level": "4-5级"
          },
          "sunrise": "日落 19:07"
        },
        "night": {
          "date": "24日白天",
          "weather": "小雪",
          "temp": "-13",
          "tempUnit": "°C",
          "wind": {
            "direction": "西北风",
            "directionCode": "NW",
            "level": "4-5级"
          },
          "sunset": "日出 09:34"
        }
      }
    },
    {
      "id": "101140101",
      "province": "西藏",
      "city": "拉萨",
      "realtime": {
        "nameen": "lasa",
        "cityname": "拉萨",
        "city": "101140101",
        "temp": "2.3",
        "tempf": "36.1",
        "WD": "东风",
        "wde": "E",
        "WS": "1级",
        "wse": "5km/h",
        "SD": "22%",
        "sd": "22%",
        "qy": "644",
        "njd": "30km",
        "time": "05:45",
        "rain": "0",
        "rain24h": "0",
        "aqi": "39",
        "aqi_pm25": "39",
        "weather": "晴",
        "weathere": "Sunny",
        "weathercode": "d00",
        "limitnumber": "",
        "date": "01月24日(星期五)"
      },
      "weather": {
        "day": {
          "date": "23日夜间",
          "weather": "晴",
          "temp": "0",
          "tempUnit": "°C",
          "wind": {
            "direction": "西风",
            "directionCode": "W",
            "level": "<3级"
          },
          "sunrise": "日落 19:25"
        },
        "night": {
          "date": "24日白天",
          "weather": "晴",
          "temp": "14",
          "tempUnit": "°C",
          "wind": {
            "direction": "西风",
            "directionCode": "W",
            "level": "4-5级"
          },
          "sunset": "日出 08:49"
        }
      }
    },
    {
      "id": "101150101",
      "province": "青海",
      "city": "西宁",
      "realtime": {
        "nameen": "xining",
        "cityname": "西宁",
        "city": "101150101",
        "temp": "-3.6",
        "tempf": "25.5",
        "WD": "南风",
        "wde": "S",
        "WS": "1级",
        "wse": "1km/h",
        "SD": "61%",
        "sd": "61%",
        "qy": "754",
        "njd": "8km",
        "time": "05:45",
        "rain": "0",
        "rain24h": "0",
        "aqi": "95",
        "aqi_pm25": "95",
        "weather": "阴",
        "weathere": "Overcast",
        "weathercode": "d02",
        "limitnumber": "",
        "date": "01月24日(星期五)"
      },
      "weather": {
        "day": {
          "date": "23日夜间",
          "weather": "晴",
          "temp": "-6",
          "tempUnit": "°C",
          "wind": {
            "direction": "无持续风向",
            "directionCode": "NNW",
            "level": "<3级"
          },
          "sunrise": "日落 18:28"
        },
        "night": {
          "date": "24日白天",
          "weather": "小雪",
          "temp": "-2",
          "tempUnit": "°C",
          "wind": {
            "direction": "无持续风向",
            "directionCode": "NNW",
            "level": "<3级"
          },
          "sunset": "日出 08:20"
        }
      }
    },
    {
      "id": "101160101",
      "province": "甘肃",
      "city": "兰州",
      "realtime": {
        "nameen": "lanzhou",
        "cityname": "兰州",
        "city": "101160101",
        "temp": "1",
        "tempf": "33.8",
        "WD": "东风",
        "wde": "E",
        "WS": "1级",
        "wse": "2km/h",
        "SD": "70%",
        "sd": "70%",
        "qy": "845",
        "njd": "4km",
        "time": "05:40",
        "rain": "0",
        "rain24h": "0",
        "aqi": "112",
        "aqi_pm25": "112",
        "weather": "阴",
        "weathere": "Overcast",
        "weathercode": "d02",
        "limitnumber": "5和0",
        "date": "01月24日(星期五)"
      },
      "weather": {
        "day": {
          "date": "23日夜间",
          "weather": "阴",
          "temp": "-2",
          "tempUnit": "°C",
          "wind": {
            "direction": "无持续风向",
            "directionCode": "NNW",
            "level": "<3级"
          },
          "sunrise": "日落 18:21"
        },
        "night": {
          "date": "24日白天",
          "weather": "中雪",
          "temp": "0",
          "tempUnit": "°C",
          "wind": {
            "direction": "无持续风向",
            "directionCode": "NNW",
            "level": "<3级"
          },
          "sunset": "日出 08:11"
        }
      }
    },
    {
      "id": "101170101",
      "province": "宁夏",
      "city": "银川",
      "realtime": {
        "nameen": "yinchuan",
        "cityname": "银川",
        "city": "101170101",
        "temp": "1.7",
        "tempf": "35.1",
        "WD": "北风",
        "wde": "N",
        "WS": "2级",
        "wse": "8km/h",
        "SD": "73%",
        "sd": "73%",
        "qy": "890",
        "njd": "3km",
        "time": "05:45",
        "rain": "0",
        "rain24h": "0",
        "aqi": "124",
        "aqi_pm25": "124",
        "weather": "霾",
        "weathere": "haze",
        "weathercode": "d53",
        "limitnumber": "",
        "date": "01月24日(星期五)"
      },
      "weather": {
        "day": {
          "date": "23日夜间",
          "weather": "多云",
          "temp": "-2",
          "tempUnit": "°C",
          "wind": {
            "direction": "无持续风向",
            "directionCode": "NNW",
            "level": "<3级"
          },
          "sunrise": "日落 18:06"
        },
        "night": {
          "date": "24日白天",
          "weather": "小雪",
          "temp": "4",
          "tempUnit": "°C",
          "wind": {
            "direction": "无持续风向",
            "directionCode": "NNW",
            "level": "<3级"
          },
          "sunset": "日出 08:07"
        }
      }
    },
    {
      "id": "101180101",
      "province": "河南",
      "city": "郑州",
      "realtime": {
        "nameen": "zhengzhou",
        "cityname": "郑州",
        "city": "101180101",
        "temp": "1.8",
        "tempf": "35.2",
        "WD": "西北风",
        "wde": "NW",
        "WS": "2级",
        "wse": "7km/h",
        "SD": "90%",
        "sd": "90%",
        "qy": "1011",
        "njd": "2km",
        "time": "05:40",
        "rain": "0.4",
        "rain24h": "0.4",
        "aqi": "127",
        "aqi_pm25": "127",
        "weather": "阴",
        "weathere": "Overcast",
        "weathercode": "d02",
        "limitnumber": "5和0",
        "date": "01月24日(星期五)"
      },
      "weather": {
        "day": {
          "date": "23日夜间",
          "weather": "雨夹雪",
          "temp": "2",
          "tempUnit": "°C",
          "wind": {
            "direction": "东北风",
            "directionCode": "NE",
            "level": "<3级"
          },
          "sunrise": "日落 17:45"
        },
        "night": {
          "date": "24日白天",
          "weather": "雨夹雪",
          "temp": "4",
          "tempUnit": "°C",
          "wind": {
            "direction": "东北风",
            "directionCode": "NE",
            "level": "<3级"
          },
          "sunset": "日出 07:29"
        }
      }
    },
    {
      "id": "101190101",
      "province": "江苏",
      "city": "南京",
      "realtime": {
        "nameen": "nanjing",
        "cityname": "南京",
        "city": "101190101",
        "temp": "8.7",
        "tempf": "47.7",
        "WD": "东风",
        "wde": "E",
        "WS": "3级",
        "wse": "15km/h",
        "SD": "86%",
        "sd": "86%",
        "qy": "1016",
        "njd": "3km",
        "time": "05:40",
        "rain": "0",
        "rain24h": "0",
        "aqi": "70",
        "aqi_pm25": "70",
        "weather": "雾",
        "weathere": "Foggy",
        "weathercode": "d18",
        "limitnumber": "",
        "date": "01月24日(星期五)"
      },
      "weather": {
        "day": {
          "date": "23日夜间",
          "weather": "阴",
          "temp": "7",
          "tempUnit": "°C",
          "wind": {
            "direction": "东风",
            "directionCode": "E",
            "level": "3-4级"
          },
          "sunrise": "日落 17:30"
        },
        "night": {
          "date": "24日白天",
          "weather": "小雨",
          "temp": "12",
          "tempUnit": "°C",
          "wind": {
            "direction": "东北风",
            "directionCode": "NE",
            "level": "4-5级"
          },
          "sunset": "日出 07:03"
        }
      }
    },
    {
      "id": "101200101",
      "province": "湖北",
      "city": "武汉",
      "realtime": {
        "nameen": "wuhan",
        "cityname": "武汉",
        "city": "101200101",
        "temp": "7.2",
        "tempf": "45",
        "WD": "北风",
        "wde": "N",
        "WS": "2级",
        "wse": "10km/h",
        "SD": "81%",
        "sd": "81%",
        "qy": "1014",
        "njd": "4km",
        "time": "05:45",
        "rain": "0",
        "rain24h": "0",
        "aqi": "114",
        "aqi_pm25": "114",
        "weather": "霾",
        "weathere": "haze",
        "weathercode": "d53",
        "limitnumber": "单号限行",
        "date": "01月24日(星期五)"
      },
      "weather": {
        "day": {
          "date": "23日夜间",
          "weather": "阴",
          "temp": "8",
          "tempUnit": "°C",
          "wind": {
            "direction": "无持续风向",
            "directionCode": "NNW",
            "level": "<3级"
          },
          "sunrise": "日落 17:50"
        },
        "night": {
          "date": "24日白天",
          "weather": "小雨",
          "temp": "11",
          "tempUnit": "°C",
          "wind": {
            "direction": "无持续风向",
            "directionCode": "NNW",
            "level": "<3级"
          },
          "sunset": "日出 07:18"
        }
      }
    },
    {
      "id": "101210101",
      "province": "浙江",
      "city": "杭州",
      "realtime": {
        "nameen": "hangzhou",
        "cityname": "杭州",
        "city": "101210101",
        "temp": "10.9",
        "tempf": "51.6",
        "WD": "东风",
        "wde": "E",
        "WS": "2级",
        "wse": "7km/h",
        "SD": "93%",
        "sd": "93%",
        "qy": "1015",
        "njd": "3km",
        "time": "05:45",
        "rain": "0",
        "rain24h": "0",
        "aqi": "53",
        "aqi_pm25": "53",
        "weather": "霾",
        "weathere": "haze",
        "weathercode": "d53",
        "limitnumber": "5和0",
        "date": "01月24日(星期五)"
      },
      "weather": {
        "day": {
          "date": "23日夜间",
          "weather": "多云",
          "temp": "10",
          "tempUnit": "°C",
          "wind": {
            "direction": "东北风",
            "directionCode": "NE",
            "level": "<3级"
          },
          "sunrise": "日落 17:27"
        },
        "night": {
          "date": "24日白天",
          "weather": "阴",
          "temp": "13",
          "tempUnit": "°C",
          "wind": {
            "direction": "东风",
            "directionCode": "E",
            "level": "4-5级"
          },
          "sunset": "日出 06:54"
        }
      }
    },
    {
      "id": "101220101",
      "province": "安徽",
      "city": "合肥",
      "realtime": {
        "nameen": "hefei",
        "cityname": "合肥",
        "city": "101220101",
        "temp": "8.4",
        "tempf": "47.1",
        "WD": "东风",
        "wde": "E",
        "WS": "2级",
        "wse": "9km/h",
        "SD": "92%",
        "sd": "92%",
        "qy": "1012",
        "njd": "4km",
        "time": "05:45",
        "rain": "0",
        "rain24h": "0",
        "aqi": "64",
        "aqi_pm25": "64",
        "weather": "多云",
        "weathere": "Cloudy",
        "weathercode": "d01",
        "limitnumber": "",
        "date": "01月24日(星期五)"
      },
      "weather": {
        "day": {
          "date": "23日夜间",
          "weather": "小雨",
          "temp": "8",
          "tempUnit": "°C",
          "wind": {
            "direction": "东风",
            "directionCode": "E",
            "level": "3-4级"
          },
          "sunrise": "日落 17:36"
        },
        "night": {
          "date": "24日白天",
          "weather": "小雨",
          "temp": "10",
          "tempUnit": "°C",
          "wind": {
            "direction": "东北风",
            "directionCode": "NE",
            "level": "4-5级"
          },
          "sunset": "日出 07:09"
        }
      }
    },
    {
      "id": "101230101",
      "province": "福建",
      "city": "福州",
      "realtime": {
        "nameen": "fuzhou",
        "cityname": "福州",
        "city": "101230101",
        "temp": "14",
        "tempf": "57.2",
        "WD": "西北风",
        "wde": "NW",
        "WS": "2级",
        "wse": "7km/h",
        "SD": "78%",
        "sd": "78%",
        "qy": "1008",
        "njd": "19km",
        "time": "05:45",
        "rain": "0",
        "rain24h": "0",
        "aqi": "22",
        "aqi_pm25": "22",
        "weather": "晴",
        "weathere": "Sunny",
        "weathercode": "d00",
        "limitnumber": "",
        "date": "01月24日(星期五)"
      },
      "weather": {
        "day": {
          "date": "23日夜间",
          "weather": "多云",
          "temp": "12",
          "tempUnit": "°C",
          "wind": {
            "direction": "无持续风向",
            "directionCode": "NNW",
            "level": "<3级"
          },
          "sunrise": "日落 17:39"
        },
        "night": {
          "date": "24日白天",
          "weather": "多云",
          "temp": "21",
          "tempUnit": "°C",
          "wind": {
            "direction": "无持续风向",
            "directionCode": "NNW",
            "level": "<3级"
          },
          "sunset": "日出 06:50"
        }
      }
    },
    {
      "id": "101240101",
      "province": "江西",
      "city": "南昌",
      "realtime": {
        "nameen": "nanchang",
        "cityname": "南昌",
        "city": "101240101",
        "temp": "11.8",
        "tempf": "53.2",
        "WD": "东北风",
        "wde": "NE",
        "WS": "2级",
        "wse": "7km/h",
        "SD": "69%",
        "sd": "69%",
        "qy": "1010",
        "njd": "3km",
        "time": "05:45",
        "rain": "0",
        "rain24h": "0",
        "aqi": "182",
        "aqi_pm25": "182",
        "weather": "霾",
        "weathere": "haze",
        "weathercode": "d53",
        "limitnumber": "",
        "date": "01月24日(星期五)"
      },
      "weather": {
        "day": {
          "date": "23日夜间",
          "weather": "多云",
          "temp": "12",
          "tempUnit": "°C",
          "wind": {
            "direction": "北风",
            "directionCode": "N",
            "level": "<3级"
          },
          "sunrise": "日落 17:48"
        },
        "night": {
          "date": "24日白天",
          "weather": "多云",
          "temp": "18",
          "tempUnit": "°C",
          "wind": {
            "direction": "西北风",
            "directionCode": "NW",
            "level": "<3级"
          },
          "sunset": "日出 07:08"
        }
      }
    },
    {
      "id": "101250101",
      "province": "湖南",
      "city": "长沙",
      "realtime": {
        "nameen": "changsha",
        "cityname": "长沙",
        "city": "101250101",
        "temp": "8",
        "tempf": "46.4",
        "WD": "西北风",
        "wde": "NW",
        "WS": "4级",
        "wse": "22km/h",
        "SD": "87%",
        "sd": "87%",
        "qy": "1001",
        "njd": "2km",
        "time": "05:45",
        "rain": "0",
        "rain24h": "0",
        "aqi": "238",
        "aqi_pm25": "238",
        "weather": "雾",
        "weathere": "Foggy",
        "weathercode": "d18",
        "limitnumber": "",
        "date": "01月24日(星期五)"
      },
      "weather": {
        "day": {
          "date": "23日夜间",
          "weather": "小雨",
          "temp": "9",
          "tempUnit": "°C",
          "wind": {
            "direction": "西北风",
            "directionCode": "NW",
            "level": "<3级"
          },
          "sunrise": "日落 18:00"
        },
        "night": {
          "date": "24日白天",
          "weather": "小雨",
          "temp": "9",
          "tempUnit": "°C",
          "wind": {
            "direction": "西北风",
            "directionCode": "NW",
            "level": "<3级"
          },
          "sunset": "日出 07:19"
        }
      }
    },
    {
      "id": "101260101",
      "province": "贵州",
      "city": "贵阳",
      "realtime": {
        "nameen": "guiyang",
        "cityname": "贵阳",
        "city": "101260101",
        "temp": "12.3",
        "tempf": "54.1",
        "WD": "东南风",
        "wde": "SE",
        "WS": "2级",
        "wse": "9km/h",
        "SD": "89%",
        "sd": "89%",
        "qy": "871",
        "njd": "6km",
        "time": "05:45",
        "rain": "0",
        "rain24h": "0",
        "aqi": "46",
        "aqi_pm25": "46",
        "weather": "霾",
        "weathere": "haze",
        "weathercode": "d53",
        "limitnumber": null,
        "date": "01月24日(星期五)"
      },
      "weather": {
        "day": {
          "date": "23日夜间",
          "weather": "小雨",
          "temp": "9",
          "tempUnit": "°C",
          "wind": {
            "direction": "南风",
            "directionCode": "S",
            "level": "<3级"
          },
          "sunrise": "日落 18:28"
        },
        "night": {
          "date": "24日白天",
          "weather": "小雨",
          "temp": "13",
          "tempUnit": "°C",
          "wind": {
            "direction": "北风",
            "directionCode": "N",
            "level": "<3级"
          },
          "sunset": "日出 07:41"
        }
      }
    },
    {
      "id": "101270101",
      "province": "四川",
      "city": "成都",
      "realtime": {
        "nameen": "chengdu",
        "cityname": "成都",
        "city": "101270101",
        "temp": "9.2",
        "tempf": "48.6",
        "WD": "北风",
        "wde": "N",
        "WS": "1级",
        "wse": "1km/h",
        "SD": "100%",
        "sd": "100%",
        "qy": "953",
        "njd": "1km",
        "time": "05:45",
        "rain": "0.2",
        "rain24h": "0.2",
        "aqi": "137",
        "aqi_pm25": "137",
        "weather": "阴",
        "weathere": "Overcast",
        "weathercode": "d02",
        "limitnumber": "5和0",
        "date": "01月24日(星期五)"
      },
      "weather": {
        "day": {
          "date": "23日夜间",
          "weather": "小雨",
          "temp": "9",
          "tempUnit": "°C",
          "wind": {
            "direction": "无持续风向",
            "directionCode": "NNW",
            "level": "<3级"
          },
          "sunrise": "日落 18:31"
        },
        "night": {
          "date": "24日白天",
          "weather": "小雨",
          "temp": "12",
          "tempUnit": "°C",
          "wind": {
            "direction": "无持续风向",
            "directionCode": "NNW",
            "level": "<3级"
          },
          "sunset": "日出 07:59"
        }
      }
    },
    {
      "id": "101280101",
      "province": "广东",
      "city": "广州",
      "realtime": {
        "nameen": "guangzhou",
        "cityname": "广州",
        "city": "101280101",
        "temp": "17.8",
        "tempf": "64",
        "WD": "西南风",
        "wde": "SW",
        "WS": "1级",
        "wse": "3km/h",
        "SD": "83%",
        "sd": "83%",
        "qy": "1010",
        "njd": "7km",
        "time": "05:40",
        "rain": "0",
        "rain24h": "0",
        "aqi": "65",
        "aqi_pm25": "65",
        "weather": "多云",
        "weathere": "Cloudy",
        "weathercode": "d01",
        "limitnumber": "单号限行",
        "date": "01月24日(星期五)"
      },
      "weather": {
        "day": {
          "date": "23日夜间",
          "weather": "多云",
          "temp": "15",
          "tempUnit": "°C",
          "wind": {
            "direction": "无持续风向",
            "directionCode": "NNW",
            "level": "<3级"
          },
          "sunrise": "日落 18:08"
        },
        "night": {
          "date": "24日白天",
          "weather": "多云",
          "temp": "23",
          "tempUnit": "°C",
          "wind": {
            "direction": "东南风",
            "directionCode": "SE",
            "level": "3-4级"
          },
          "sunset": "日出 07:09"
        }
      }
    },
    {
      "id": "101290101",
      "province": "云南",
      "city": "昆明",
      "realtime": {
        "nameen": "kunming",
        "cityname": "昆明",
        "city": "101290101",
        "temp": "10",
        "tempf": "50",
        "WD": "西南风",
        "wde": "SW",
        "WS": "2级",
        "wse": "10km/h",
        "SD": "67%",
        "sd": "67%",
        "qy": "806",
        "njd": "25km",
        "time": "05:45",
        "rain": "0",
        "rain24h": "0",
        "aqi": "25",
        "aqi_pm25": "25",
        "weather": "晴",
        "weathere": "Sunny",
        "weathercode": "d00",
        "limitnumber": "",
        "date": "01月24日(星期五)"
      },
      "weather": {
        "day": {
          "date": "23日夜间",
          "weather": "晴",
          "temp": "7",
          "tempUnit": "°C",
          "wind": {
            "direction": "无持续风向",
            "directionCode": "NNW",
            "level": "<3级"
          },
          "sunrise": "日落 18:46"
        },
        "night": {
          "date": "24日白天",
          "weather": "晴",
          "temp": "21",
          "tempUnit": "°C",
          "wind": {
            "direction": "西风",
            "directionCode": "W",
            "level": "3-4级"
          },
          "sunset": "日出 07:53"
        }
      }
    },
    {
      "id": "101300101",
      "province": "广西",
      "city": "南宁",
      "realtime": {
        "nameen": "nanning",
        "cityname": "南宁",
        "city": "101300101",
        "temp": "17.7",
        "tempf": "63.9",
        "WD": "东南风",
        "wde": "SE",
        "WS": "1级",
        "wse": "4km/h",
        "SD": "90%",
        "sd": "90%",
        "qy": "994",
        "njd": "3km",
        "time": "05:45",
        "rain": "0",
        "rain24h": "0",
        "aqi": "70",
        "aqi_pm25": "70",
        "weather": "多云",
        "weathere": "Cloudy",
        "weathercode": "d01",
        "limitnumber": "",
        "date": "01月24日(星期五)"
      },
      "weather": {
        "day": {
          "date": "23日夜间",
          "weather": "阴",
          "temp": "15",
          "tempUnit": "°C",
          "wind": {
            "direction": "南风",
            "directionCode": "S",
            "level": "<3级"
          },
          "sunrise": "日落 18:28"
        },
        "night": {
          "date": "24日白天",
          "weather": "小雨",
          "temp": "22",
          "tempUnit": "°C",
          "wind": {
            "direction": "南风",
            "directionCode": "S",
            "level": "<3级"
          },
          "sunset": "日出 07:28"
        }
      }
    },
    {
      "id": "101310101",
      "province": "海南",
      "city": "海口",
      "realtime": {
        "nameen": "haikou",
        "cityname": "海口",
        "city": "101310101",
        "temp": "19.5",
        "tempf": "67.1",
        "WD": "东风",
        "wde": "E",
        "WS": "1级",
        "wse": "5km/h",
        "SD": "95%",
        "sd": "95%",
        "qy": "1005",
        "njd": "1km",
        "time": "05:45",
        "rain": "0",
        "rain24h": "0",
        "aqi": "40",
        "aqi_pm25": "40",
        "weather": "雾",
        "weathere": "Foggy",
        "weathercode": "d18",
        "limitnumber": "",
        "date": "01月24日(星期五)"
      },
      "weather": {
        "day": {
          "date": "23日夜间",
          "weather": "多云",
          "temp": "18",
          "tempUnit": "°C",
          "wind": {
            "direction": "无持续风向",
            "directionCode": "NNW",
            "level": "<3级"
          },
          "sunrise": "日落 18:24"
        },
        "night": {
          "date": "24日白天",
          "weather": "多云",
          "temp": "26",
          "tempUnit": "°C",
          "wind": {
            "direction": "无持续风向",
            "directionCode": "NNW",
            "level": "<3级"
          },
          "sunset": "日出 07:16"
        }
      }
    },
    {
      "id": "101320101",
      "province": "香港",
      "city": "香港",
      "realtime": {
        "nameen": "hongkong",
        "cityname": "香港",
        "city": "101320101",
        "temp": "16.9",
        "tempf": "62.4",
        "WD": "微风",
        "wde": "NWW",
        "WS": "4级",
        "wse": "19km/h",
        "SD": "81%",
        "sd": "81%",
        "qy": "999",
        "njd": "19km",
        "time": "05:20",
        "rain": "0",
        "rain24h": "0",
        "aqi": "30",
        "aqi_pm25": "30",
        "weather": "多云",
        "weathere": "Cloudy",
        "weathercode": "d01",
        "limitnumber": "",
        "date": "01月24日(星期五)"
      },
      "weather": {
        "day": {
          "date": "23日夜间",
          "weather": "多云",
          "temp": "18",
          "tempUnit": "°C",
          "wind": {
            "direction": "东风",
            "directionCode": "E",
            "level": "4-5级"
          },
          "sunrise": "日落 18:05"
        },
        "night": {
          "date": "24日白天",
          "weather": "多云",
          "temp": "22",
          "tempUnit": "°C",
          "wind": {
            "direction": "东风",
            "directionCode": "E",
            "level": "4-5级"
          },
          "sunset": "日出 07:04"
        }
      }
    },
    {
      "id": "101330101",
      "province": "澳门",
      "city": "澳门",
      "realtime": {
        "nameen": "macao",
        "cityname": "澳门",
        "city": "101330101",
        "temp": "17.6",
        "tempf": "63.7",
        "WD": "微风",
        "wde": "NWW",
        "WS": "1级",
        "wse": "1km/h",
        "SD": "88%",
        "sd": "88%",
        "qy": "1006",
        "njd": "11km",
        "time": "05:20",
        "rain": "0",
        "rain24h": "0",
        "aqi": "50",
        "aqi_pm25": "50",
        "weather": "多云",
        "weathere": "Cloudy",
        "weathercode": "d01",
        "limitnumber": "",
        "date": "01月24日(星期五)"
      },
      "weather": {
        "day": {
          "date": "23日夜间",
          "weather": "多云",
          "temp": "18",
          "tempUnit": "°C",
          "wind": {
            "direction": "无持续风向",
            "directionCode": "NNW",
            "level": "<3级"
          },
          "sunrise": "日落 18:08"
        },
        "night": {
          "date": "24日白天",
          "weather": "多云",
          "temp": "20",
          "tempUnit": "°C",
          "wind": {
            "direction": "无持续风向",
            "directionCode": "NNW",
            "level": "<3级"
          },
          "sunset": "日出 07:06"
        }
      }
    },
    {
      "id": "101340101",
      "province": "台湾",
      "city": "台北",
      "realtime": {
        "nameen": "taibeixian",
        "cityname": "台北",
        "city": "101340101",
        "temp": "15.6",
        "tempf": "60.1",
        "WD": "微风",
        "wde": "NWW",
        "WS": "1级",
        "wse": "1km/h",
        "SD": "80%",
        "sd": "80%",
        "qy": "1007",
        "njd": "11km",
        "time": "05:20",
        "rain": "0",
        "rain24h": "0",
        "aqi": "93",
        "aqi_pm25": "93",
        "weather": "多云",
        "weathere": "Cloudy",
        "weathercode": "d01",
        "limitnumber": "",
        "date": "01月24日(星期五)"
      },
      "weather": {
        "day": {
          "date": "23日夜间",
          "weather": "多云",
          "temp": "15",
          "tempUnit": "°C",
          "wind": {
            "direction": "无持续风向",
            "directionCode": "NNW",
            "level": "<3级"
          },
          "sunrise": "日落 17:31"
        },
        "night": {
          "date": "24日白天",
          "weather": "小雨",
          "temp": "20",
          "tempUnit": "°C",
          "wind": {
            "direction": "无持续风向",
            "directionCode": "NNW",
            "level": "<3级"
          },
          "sunset": "日出 06:39"
        }
      }
    }
  ]
}
