{
  "timestamp": 1760414670747,
  "lastUpdate": "2025-10-14 12:04:30",
  "data": [
    {
      "id": "101010100",
      "province": "北京",
      "city": "北京",
      "realtime": {
        "nameen": "beijing",
        "cityname": "北京",
        "city": "101010100",
        "temp": "20.1",
        "tempf": "68.2",
        "WD": "南风",
        "wde": "S",
        "WS": "2级",
        "wse": "8km/h",
        "SD": "63%",
        "sd": "63%",
        "qy": "1015",
        "njd": "8km",
        "time": "11:50",
        "rain": "0",
        "rain24h": "0",
        "aqi": "58",
        "aqi_pm25": "58",
        "weather": "晴",
        "weathere": "Sunny",
        "weathercode": "d00",
        "limitnumber": "5和0",
        "date": "10月14日(星期二)"
      },
      "weather": {
        "day": {
          "date": "14日白天",
          "weather": "晴",
          "temp": "22",
          "tempUnit": "°C",
          "wind": {
            "direction": "南风",
            "directionCode": "S",
            "level": "<3级"
          },
          "sunrise": "日出 06:23"
        },
        "night": {
          "date": "14日夜间",
          "weather": "多云",
          "temp": "11",
          "tempUnit": "°C",
          "wind": {
            "direction": "南风",
            "directionCode": "S",
            "level": "<3级"
          },
          "sunset": "日落 17:37"
        }
      }
    },
    {
      "id": "101020100",
      "province": "上海",
      "city": "上海",
      "realtime": {
        "nameen": "shanghai",
        "cityname": "上海",
        "city": "101020100",
        "temp": "23.3",
        "tempf": "73.9",
        "WD": "东风",
        "wde": "E",
        "WS": "1级",
        "wse": "2km/h",
        "SD": "83%",
        "sd": "83%",
        "qy": "1016",
        "njd": "10km",
        "time": "11:55",
        "rain": "0",
        "rain24h": "0",
        "aqi": "48",
        "aqi_pm25": "48",
        "weather": "阴",
        "weathere": "Overcast",
        "weathercode": "d02",
        "limitnumber": "",
        "date": "10月14日(星期二)"
      },
      "weather": {
        "day": {
          "date": "14日白天",
          "weather": "阴",
          "temp": "25",
          "tempUnit": "°C",
          "wind": {
            "direction": "东北风",
            "directionCode": "NE",
            "level": "<3级"
          },
          "sunrise": "日出 05:56"
        },
        "night": {
          "date": "14日夜间",
          "weather": "小雨",
          "temp": "22",
          "tempUnit": "°C",
          "wind": {
            "direction": "东南风",
            "directionCode": "SE",
            "level": "<3级"
          },
          "sunset": "日落 17:24"
        }
      }
    },
    {
      "id": "101030100",
      "province": "天津",
      "city": "天津",
      "realtime": {
        "nameen": "tianjin",
        "cityname": "天津",
        "city": "101030100",
        "temp": "21.7",
        "tempf": "71.1",
        "WD": "西南风",
        "wde": "SW",
        "WS": "2级",
        "wse": "7km/h",
        "SD": "51%",
        "sd": "51%",
        "qy": "1019",
        "njd": "26km",
        "time": "11:55",
        "rain": "0",
        "rain24h": "0",
        "aqi": "47",
        "aqi_pm25": "47",
        "weather": "晴",
        "weathere": "Sunny",
        "weathercode": "d00",
        "limitnumber": "5和0",
        "date": "10月14日(星期二)"
      },
      "weather": {
        "day": {
          "date": "14日白天",
          "weather": "晴",
          "temp": "23",
          "tempUnit": "°C",
          "wind": {
            "direction": "西南风",
            "directionCode": "SW",
            "level": "<3级"
          },
          "sunrise": "日出 06:19"
        },
        "night": {
          "date": "14日夜间",
          "weather": "多云",
          "temp": "14",
          "tempUnit": "°C",
          "wind": {
            "direction": "东南风",
            "directionCode": "SE",
            "level": "<3级"
          },
          "sunset": "日落 17:34"
        }
      }
    },
    {
      "id": "101040100",
      "province": "重庆",
      "city": "重庆",
      "realtime": {
        "nameen": "chongqing",
        "cityname": "重庆",
        "city": "101040100",
        "temp": "21",
        "tempf": "69.8",
        "WD": "北风",
        "wde": "N",
        "WS": "1级",
        "wse": "4km/h",
        "SD": "86%",
        "sd": "86%",
        "qy": "984",
        "njd": "30km",
        "time": "11:55",
        "rain": "0",
        "rain24h": "0",
        "aqi": "19",
        "aqi_pm25": "19",
        "weather": "阴",
        "weathere": "Overcast",
        "weathercode": "d02",
        "limitnumber": "2和7",
        "date": "10月14日(星期二)"
      },
      "weather": {
        "day": {
          "date": "14日白天",
          "weather": "小雨",
          "temp": "23",
          "tempUnit": "°C",
          "wind": {
            "direction": "北风",
            "directionCode": "N",
            "level": "<3级"
          },
          "sunrise": "日出 06:54"
        },
        "night": {
          "date": "14日夜间",
          "weather": "大雨",
          "temp": "19",
          "tempUnit": "°C",
          "wind": {
            "direction": "西北风",
            "directionCode": "NW",
            "level": "<3级"
          },
          "sunset": "日落 18:24"
        }
      }
    },
    {
      "id": "101050101",
      "province": "黑龙江",
      "city": "哈尔滨",
      "realtime": {
        "nameen": "haerbin",
        "cityname": "哈尔滨",
        "city": "101050101",
        "temp": "7.5",
        "tempf": "45.5",
        "WD": "北风",
        "wde": "N",
        "WS": "2级",
        "wse": "7km/h",
        "SD": "53%",
        "sd": "53%",
        "qy": "1011",
        "njd": "26km",
        "time": "11:50",
        "rain": "0",
        "rain24h": "0",
        "aqi": "50",
        "aqi_pm25": "50",
        "weather": "阴",
        "weathere": "Overcast",
        "weathercode": "d02",
        "limitnumber": "",
        "date": "10月14日(星期二)"
      },
      "weather": {
        "day": {
          "date": "14日白天",
          "weather": "阵雨",
          "temp": "11",
          "tempUnit": "°C",
          "wind": {
            "direction": "东北风",
            "directionCode": "NE",
            "level": "3-4级"
          },
          "sunrise": "日出 05:49"
        },
        "night": {
          "date": "14日夜间",
          "weather": "小雨",
          "temp": "2",
          "tempUnit": "°C",
          "wind": {
            "direction": "东北风",
            "directionCode": "NE",
            "level": "3-4级"
          },
          "sunset": "日落 16:50"
        }
      }
    },
    {
      "id": "101060101",
      "province": "吉林",
      "city": "长春",
      "realtime": {
        "nameen": "changchun",
        "cityname": "长春",
        "city": "101060101",
        "temp": "10.8",
        "tempf": "51.4",
        "WD": "东北风",
        "wde": "NE",
        "WS": "2级",
        "wse": "8km/h",
        "SD": "49%",
        "sd": "49%",
        "qy": "994",
        "njd": "14km",
        "time": "11:55",
        "rain": "0",
        "rain24h": "0",
        "aqi": "89",
        "aqi_pm25": "89",
        "weather": "晴",
        "weathere": "Sunny",
        "weathercode": "d00",
        "limitnumber": "",
        "date": "10月14日(星期二)"
      },
      "weather": {
        "day": {
          "date": "14日白天",
          "weather": "晴",
          "temp": "13",
          "tempUnit": "°C",
          "wind": {
            "direction": "东北风",
            "directionCode": "NE",
            "level": "<3级"
          },
          "sunrise": "日出 05:51"
        },
        "night": {
          "date": "14日夜间",
          "weather": "多云",
          "temp": "1",
          "tempUnit": "°C",
          "wind": {
            "direction": "东北风",
            "directionCode": "NE",
            "level": "<3级"
          },
          "sunset": "日落 16:57"
        }
      }
    },
    {
      "id": "101070101",
      "province": "辽宁",
      "city": "沈阳",
      "realtime": {
        "nameen": "shenyang",
        "cityname": "沈阳",
        "city": "101070101",
        "temp": "20",
        "tempf": "68",
        "WD": "西北风",
        "wde": "NW",
        "WS": "2级",
        "wse": "7km/h",
        "SD": "54%",
        "sd": "54%",
        "qy": "1014",
        "njd": "17km",
        "time": "11:55",
        "rain": "0",
        "rain24h": "0",
        "aqi": "92",
        "aqi_pm25": "92",
        "weather": "晴",
        "weathere": "Sunny",
        "weathercode": "d00",
        "limitnumber": "",
        "date": "10月14日(星期二)"
      },
      "weather": {
        "day": {
          "date": "14日白天",
          "weather": "晴",
          "temp": "21",
          "tempUnit": "°C",
          "wind": {
            "direction": "北风",
            "directionCode": "N",
            "level": "<3级"
          },
          "sunrise": "日出 05:57"
        },
        "night": {
          "date": "14日夜间",
          "weather": "晴",
          "temp": "7",
          "tempUnit": "°C",
          "wind": {
            "direction": "北风",
            "directionCode": "N",
            "level": "<3级"
          },
          "sunset": "日落 17:07"
        }
      }
    },
    {
      "id": "101080101",
      "province": "内蒙古",
      "city": "呼和浩特",
      "realtime": {
        "nameen": "huhehaote",
        "cityname": "呼和浩特",
        "city": "101080101",
        "temp": "16.4",
        "tempf": "61.5",
        "WD": "东南风",
        "wde": "SE",
        "WS": "2级",
        "wse": "5km/h",
        "SD": "58%",
        "sd": "58%",
        "qy": "899",
        "njd": "18km",
        "time": "11:55",
        "rain": "0",
        "rain24h": "0",
        "aqi": "59",
        "aqi_pm25": "59",
        "weather": "晴",
        "weathere": "Sunny",
        "weathercode": "d00",
        "limitnumber": "",
        "date": "10月14日(星期二)"
      },
      "weather": {
        "day": {
          "date": "14日白天",
          "weather": "多云",
          "temp": "19",
          "tempUnit": "°C",
          "wind": {
            "direction": "西南风",
            "directionCode": "SW",
            "level": "3-4级"
          },
          "sunrise": "日出 06:43"
        },
        "night": {
          "date": "14日夜间",
          "weather": "多云",
          "temp": "8",
          "tempUnit": "°C",
          "wind": {
            "direction": "西南风",
            "directionCode": "SW",
            "level": "3-4级"
          },
          "sunset": "日落 17:54"
        }
      }
    },
    {
      "id": "101090101",
      "province": "河北",
      "city": "石家庄",
      "realtime": {
        "nameen": "shijiazhuang",
        "cityname": "石家庄",
        "city": "101090101",
        "temp": "21.4",
        "tempf": "70.5",
        "WD": "南风",
        "wde": "S",
        "WS": "2级",
        "wse": "7km/h",
        "SD": "57%",
        "sd": "57%",
        "qy": "1008",
        "njd": "26km",
        "time": "11:55",
        "rain": "0",
        "rain24h": "0",
        "aqi": "42",
        "aqi_pm25": "42",
        "weather": "晴",
        "weathere": "Sunny",
        "weathercode": "d00",
        "limitnumber": "",
        "date": "10月14日(星期二)"
      },
      "weather": {
        "day": {
          "date": "14日白天",
          "weather": "晴",
          "temp": "23",
          "tempUnit": "°C",
          "wind": {
            "direction": "东南风",
            "directionCode": "SE",
            "level": "<3级"
          },
          "sunrise": "日出 06:29"
        },
        "night": {
          "date": "14日夜间",
          "weather": "多云",
          "temp": "12",
          "tempUnit": "°C",
          "wind": {
            "direction": "西北风",
            "directionCode": "NW",
            "level": "<3级"
          },
          "sunset": "日落 17:46"
        }
      }
    },
    {
      "id": "101100101",
      "province": "山西",
      "city": "太原",
      "realtime": {
        "nameen": "taiyuan",
        "cityname": "太原",
        "city": "101100101",
        "temp": "17.8",
        "tempf": "64",
        "WD": "西北风",
        "wde": "NW",
        "WS": "1级",
        "wse": "5km/h",
        "SD": "60%",
        "sd": "60%",
        "qy": "930",
        "njd": "8km",
        "time": "11:55",
        "rain": "0",
        "rain24h": "0",
        "aqi": "73",
        "aqi_pm25": "73",
        "weather": "晴",
        "weathere": "Sunny",
        "weathercode": "d00",
        "limitnumber": "",
        "date": "10月14日(星期二)"
      },
      "weather": {
        "day": {
          "date": "14日白天",
          "weather": "多云",
          "temp": "20",
          "tempUnit": "°C",
          "wind": {
            "direction": "东北风",
            "directionCode": "NE",
            "level": "<3级"
          },
          "sunrise": "日出 06:37"
        },
        "night": {
          "date": "14日夜间",
          "weather": "多云",
          "temp": "9",
          "tempUnit": "°C",
          "wind": {
            "direction": "北风",
            "directionCode": "N",
            "level": "<3级"
          },
          "sunset": "日落 17:54"
        }
      }
    },
    {
      "id": "101110101",
      "province": "陕西",
      "city": "西安",
      "realtime": {
        "nameen": "xian",
        "cityname": "西安",
        "city": "101110101",
        "temp": "15.5",
        "tempf": "59.9",
        "WD": "西风",
        "wde": "W",
        "WS": "1级",
        "wse": "2km/h",
        "SD": "100%",
        "sd": "100%",
        "qy": "971",
        "njd": "6km",
        "time": "11:55",
        "rain": "0",
        "rain24h": "0",
        "aqi": "53",
        "aqi_pm25": "53",
        "weather": "阴",
        "weathere": "Overcast",
        "weathercode": "d02",
        "limitnumber": "2和7",
        "date": "10月14日(星期二)"
      },
      "weather": {
        "day": {
          "date": "14日白天",
          "weather": "小雨",
          "temp": "15",
          "tempUnit": "°C",
          "wind": {
            "direction": "无持续风向",
            "directionCode": "NNW",
            "level": "<3级"
          },
          "sunrise": "日出 06:48"
        },
        "night": {
          "date": "14日夜间",
          "weather": "小雨",
          "temp": "13",
          "tempUnit": "°C",
          "wind": {
            "direction": "无持续风向",
            "directionCode": "NNW",
            "level": "<3级"
          },
          "sunset": "日落 18:11"
        }
      }
    },
    {
      "id": "101120101",
      "province": "山东",
      "city": "济南",
      "realtime": {
        "nameen": "jinan",
        "cityname": "济南",
        "city": "101120101",
        "temp": "21.3",
        "tempf": "70.3",
        "WD": "东北风",
        "wde": "NE",
        "WS": "1级",
        "wse": "5km/h",
        "SD": "58%",
        "sd": "58%",
        "qy": "999",
        "njd": "14km",
        "time": "11:55",
        "rain": "0",
        "rain24h": "0",
        "aqi": "50",
        "aqi_pm25": "50",
        "weather": "晴",
        "weathere": "Sunny",
        "weathercode": "d00",
        "limitnumber": "",
        "date": "10月14日(星期二)"
      },
      "weather": {
        "day": {
          "date": "14日白天",
          "weather": "多云",
          "temp": "22",
          "tempUnit": "°C",
          "wind": {
            "direction": "无持续风向",
            "directionCode": "NNW",
            "level": "<3级"
          },
          "sunrise": "日出 06:17"
        },
        "night": {
          "date": "14日夜间",
          "weather": "阴",
          "temp": "14",
          "tempUnit": "°C",
          "wind": {
            "direction": "无持续风向",
            "directionCode": "NNW",
            "level": "<3级"
          },
          "sunset": "日落 17:37"
        }
      }
    },
    {
      "id": "101130101",
      "province": "新疆",
      "city": "乌鲁木齐",
      "realtime": {
        "nameen": "wulumuqi",
        "cityname": "乌鲁木齐",
        "city": "101130101",
        "temp": "3.7",
        "tempf": "38.7",
        "WD": "北风",
        "wde": "N",
        "WS": "1级",
        "wse": "4km/h",
        "SD": "92%",
        "sd": "92%",
        "qy": "916",
        "njd": "23km",
        "time": "11:55",
        "rain": "0.8",
        "rain24h": "0.8",
        "aqi": "19",
        "aqi_pm25": "19",
        "weather": "多云",
        "weathere": "Cloudy",
        "weathercode": "d01",
        "limitnumber": "",
        "date": "10月14日(星期二)"
      },
      "weather": {
        "day": {
          "date": "14日白天",
          "weather": "小雨",
          "temp": "8",
          "tempUnit": "°C",
          "wind": {
            "direction": "西北风",
            "directionCode": "NW",
            "level": "3-4级"
          },
          "sunrise": "日出 08:22"
        },
        "night": {
          "date": "14日夜间",
          "weather": "小雨",
          "temp": "2",
          "tempUnit": "°C",
          "wind": {
            "direction": "西北风",
            "directionCode": "NW",
            "level": "3-4级"
          },
          "sunset": "日落 19:28"
        }
      }
    },
    {
      "id": "101140101",
      "province": "西藏",
      "city": "拉萨",
      "realtime": {
        "nameen": "lasa",
        "cityname": "拉萨",
        "city": "101140101",
        "temp": "14",
        "tempf": "57.2",
        "WD": "东南风",
        "wde": "SE",
        "WS": "2级",
        "wse": "9km/h",
        "SD": "32%",
        "sd": "32%",
        "qy": "658",
        "njd": "30km",
        "time": "11:55",
        "rain": "0",
        "rain24h": "0",
        "aqi": "25",
        "aqi_pm25": "25",
        "weather": "晴",
        "weathere": "Sunny",
        "weathercode": "d00",
        "limitnumber": "",
        "date": "10月14日(星期二)"
      },
      "weather": {
        "day": {
          "date": "14日白天",
          "weather": "晴",
          "temp": "18",
          "tempUnit": "°C",
          "wind": {
            "direction": "无持续风向",
            "directionCode": "NNW",
            "level": "<3级"
          },
          "sunrise": "日出 07:56"
        },
        "night": {
          "date": "14日夜间",
          "weather": "晴",
          "temp": "4",
          "tempUnit": "°C",
          "wind": {
            "direction": "无持续风向",
            "directionCode": "NNW",
            "level": "<3级"
          },
          "sunset": "日落 19:26"
        }
      }
    },
    {
      "id": "101150101",
      "province": "青海",
      "city": "西宁",
      "realtime": {
        "nameen": "xining",
        "cityname": "西宁",
        "city": "101150101",
        "temp": "6.8",
        "tempf": "44.2",
        "WD": "东北风",
        "wde": "NE",
        "WS": "1级",
        "wse": "3km/h",
        "SD": "85%",
        "sd": "85%",
        "qy": "760",
        "njd": "7km",
        "time": "11:50",
        "rain": "0.2",
        "rain24h": "0.2",
        "aqi": "66",
        "aqi_pm25": "66",
        "weather": "阴",
        "weathere": "Overcast",
        "weathercode": "d02",
        "limitnumber": "",
        "date": "10月14日(星期二)"
      },
      "weather": {
        "day": {
          "date": "14日白天",
          "weather": "多云",
          "temp": "15",
          "tempUnit": "°C",
          "wind": {
            "direction": "无持续风向",
            "directionCode": "NNW",
            "level": "<3级"
          },
          "sunrise": "日出 07:19"
        },
        "night": {
          "date": "14日夜间",
          "weather": "晴",
          "temp": "2",
          "tempUnit": "°C",
          "wind": {
            "direction": "无持续风向",
            "directionCode": "NNW",
            "level": "<3级"
          },
          "sunset": "日落 18:38"
        }
      }
    },
    {
      "id": "101160101",
      "province": "甘肃",
      "city": "兰州",
      "realtime": {
        "nameen": "lanzhou",
        "cityname": "兰州",
        "city": "101160101",
        "temp": "14.2",
        "tempf": "57.6",
        "WD": "东风",
        "wde": "E",
        "WS": "1级",
        "wse": "4km/h",
        "SD": "65%",
        "sd": "65%",
        "qy": "848",
        "njd": "20km",
        "time": "11:55",
        "rain": "0",
        "rain24h": "0",
        "aqi": "55",
        "aqi_pm25": "55",
        "weather": "晴",
        "weathere": "Sunny",
        "weathercode": "d00",
        "limitnumber": "2和7",
        "date": "10月14日(星期二)"
      },
      "weather": {
        "day": {
          "date": "14日白天",
          "weather": "多云",
          "temp": "19",
          "tempUnit": "°C",
          "wind": {
            "direction": "无持续风向",
            "directionCode": "NNW",
            "level": "<3级"
          },
          "sunrise": "日出 07:10"
        },
        "night": {
          "date": "14日夜间",
          "weather": "晴",
          "temp": "6",
          "tempUnit": "°C",
          "wind": {
            "direction": "无持续风向",
            "directionCode": "NNW",
            "level": "<3级"
          },
          "sunset": "日落 18:30"
        }
      }
    },
    {
      "id": "101170101",
      "province": "宁夏",
      "city": "银川",
      "realtime": {
        "nameen": "yinchuan",
        "cityname": "银川",
        "city": "101170101",
        "temp": "17",
        "tempf": "62.6",
        "WD": "西南风",
        "wde": "SW",
        "WS": "2级",
        "wse": "8km/h",
        "SD": "61%",
        "sd": "61%",
        "qy": "889",
        "njd": "13km",
        "time": "11:55",
        "rain": "0",
        "rain24h": "0",
        "aqi": "34",
        "aqi_pm25": "34",
        "weather": "晴",
        "weathere": "Sunny",
        "weathercode": "d00",
        "limitnumber": "",
        "date": "10月14日(星期二)"
      },
      "weather": {
        "day": {
          "date": "14日白天",
          "weather": "阴",
          "temp": "18",
          "tempUnit": "°C",
          "wind": {
            "direction": "无持续风向",
            "directionCode": "NNW",
            "level": "<3级"
          },
          "sunrise": "日出 07:03"
        },
        "night": {
          "date": "14日夜间",
          "weather": "晴",
          "temp": "7",
          "tempUnit": "°C",
          "wind": {
            "direction": "无持续风向",
            "directionCode": "NNW",
            "level": "<3级"
          },
          "sunset": "日落 18:19"
        }
      }
    },
    {
      "id": "101180101",
      "province": "河南",
      "city": "郑州",
      "realtime": {
        "nameen": "zhengzhou",
        "cityname": "郑州",
        "city": "101180101",
        "temp": "20.4",
        "tempf": "68.7",
        "WD": "东南风",
        "wde": "SE",
        "WS": "1级",
        "wse": "5km/h",
        "SD": "66%",
        "sd": "66%",
        "qy": "1006",
        "njd": "8km",
        "time": "11:50",
        "rain": "0",
        "rain24h": "0",
        "aqi": "60",
        "aqi_pm25": "60",
        "weather": "多云",
        "weathere": "Cloudy",
        "weathercode": "d01",
        "limitnumber": "2和7",
        "date": "10月14日(星期二)"
      },
      "weather": {
        "day": {
          "date": "14日白天",
          "weather": "阴",
          "temp": "22",
          "tempUnit": "°C",
          "wind": {
            "direction": "东风",
            "directionCode": "E",
            "level": "<3级"
          },
          "sunrise": "日出 06:30"
        },
        "night": {
          "date": "14日夜间",
          "weather": "小雨",
          "temp": "14",
          "tempUnit": "°C",
          "wind": {
            "direction": "东南风",
            "directionCode": "SE",
            "level": "<3级"
          },
          "sunset": "日落 17:52"
        }
      }
    },
    {
      "id": "101190101",
      "province": "江苏",
      "city": "南京",
      "realtime": {
        "nameen": "nanjing",
        "cityname": "南京",
        "city": "101190101",
        "temp": "18.7",
        "tempf": "65.7",
        "WD": "北风",
        "wde": "N",
        "WS": "2级",
        "wse": "7km/h",
        "SD": "99%",
        "sd": "99%",
        "qy": "1015",
        "njd": "10km",
        "time": "11:50",
        "rain": "0.3",
        "rain24h": "0.3",
        "aqi": "12",
        "aqi_pm25": "12",
        "weather": "阴",
        "weathere": "Overcast",
        "weathercode": "d02",
        "limitnumber": "",
        "date": "10月14日(星期二)"
      },
      "weather": {
        "day": {
          "date": "14日白天",
          "weather": "阴",
          "temp": "21",
          "tempUnit": "°C",
          "wind": {
            "direction": "北风",
            "directionCode": "N",
            "level": "3-4级"
          },
          "sunrise": "日出 06:07"
        },
        "night": {
          "date": "14日夜间",
          "weather": "阴",
          "temp": "18",
          "tempUnit": "°C",
          "wind": {
            "direction": "东风",
            "directionCode": "E",
            "level": "<3级"
          },
          "sunset": "日落 17:34"
        }
      }
    },
    {
      "id": "101200101",
      "province": "湖北",
      "city": "武汉",
      "realtime": {
        "nameen": "wuhan",
        "cityname": "武汉",
        "city": "101200101",
        "temp": "22.6",
        "tempf": "72.7",
        "WD": "东北风",
        "wde": "NE",
        "WS": "2级",
        "wse": "9km/h",
        "SD": "64%",
        "sd": "64%",
        "qy": "1015",
        "njd": "22km",
        "time": "11:50",
        "rain": "0",
        "rain24h": "0",
        "aqi": "21",
        "aqi_pm25": "21",
        "weather": "多云",
        "weathere": "Cloudy",
        "weathercode": "d01",
        "limitnumber": "单号限行",
        "date": "10月14日(星期二)"
      },
      "weather": {
        "day": {
          "date": "14日白天",
          "weather": "阴",
          "temp": "22",
          "tempUnit": "°C",
          "wind": {
            "direction": "无持续风向",
            "directionCode": "NNW",
            "level": "<3级"
          },
          "sunrise": "日出 06:24"
        },
        "night": {
          "date": "14日夜间",
          "weather": "阴",
          "temp": "16",
          "tempUnit": "°C",
          "wind": {
            "direction": "无持续风向",
            "directionCode": "NNW",
            "level": "<3级"
          },
          "sunset": "日落 17:53"
        }
      }
    },
    {
      "id": "101210101",
      "province": "浙江",
      "city": "杭州",
      "realtime": {
        "nameen": "hangzhou",
        "cityname": "杭州",
        "city": "101210101",
        "temp": "24.4",
        "tempf": "75.9",
        "WD": "东北风",
        "wde": "NE",
        "WS": "2级",
        "wse": "11km/h",
        "SD": "70%",
        "sd": "70%",
        "qy": "1011",
        "njd": "19km",
        "time": "11:55",
        "rain": "0",
        "rain24h": "0",
        "aqi": "26",
        "aqi_pm25": "26",
        "weather": "阴",
        "weathere": "Overcast",
        "weathercode": "d02",
        "limitnumber": "2和8",
        "date": "10月14日(星期二)"
      },
      "weather": {
        "day": {
          "date": "14日白天",
          "weather": "小雨",
          "temp": "23",
          "tempUnit": "°C",
          "wind": {
            "direction": "北风",
            "directionCode": "N",
            "level": "<3级"
          },
          "sunrise": "日出 06:00"
        },
        "night": {
          "date": "14日夜间",
          "weather": "多云",
          "temp": "21",
          "tempUnit": "°C",
          "wind": {
            "direction": "西北风",
            "directionCode": "NW",
            "level": "<3级"
          },
          "sunset": "日落 17:29"
        }
      }
    },
    {
      "id": "101220101",
      "province": "安徽",
      "city": "合肥",
      "realtime": {
        "nameen": "hefei",
        "cityname": "合肥",
        "city": "101220101",
        "temp": "18.7",
        "tempf": "65.7",
        "WD": "西北风",
        "wde": "NW",
        "WS": "1级",
        "wse": "4km/h",
        "SD": "95%",
        "sd": "95%",
        "qy": "1012",
        "njd": "4km",
        "time": "11:55",
        "rain": "0",
        "rain24h": "0",
        "aqi": "38",
        "aqi_pm25": "38",
        "weather": "雾",
        "weathere": "Foggy",
        "weathercode": "d18",
        "limitnumber": "",
        "date": "10月14日(星期二)"
      },
      "weather": {
        "day": {
          "date": "14日白天",
          "weather": "阴",
          "temp": "21",
          "tempUnit": "°C",
          "wind": {
            "direction": "东北风",
            "directionCode": "NE",
            "level": "<3级"
          },
          "sunrise": "日出 06:13"
        },
        "night": {
          "date": "14日夜间",
          "weather": "阴",
          "temp": "16",
          "tempUnit": "°C",
          "wind": {
            "direction": "东北风",
            "directionCode": "NE",
            "level": "<3级"
          },
          "sunset": "日落 17:40"
        }
      }
    },
    {
      "id": "101230101",
      "province": "福建",
      "city": "福州",
      "realtime": {
        "nameen": "fuzhou",
        "cityname": "福州",
        "city": "101230101",
        "temp": "28.5",
        "tempf": "83.3",
        "WD": "西风",
        "wde": "W",
        "WS": "3级",
        "wse": "14km/h",
        "SD": "81%",
        "sd": "81%",
        "qy": "1004",
        "njd": "2km",
        "time": "11:55",
        "rain": "1.6",
        "rain24h": "1.6",
        "aqi": "39",
        "aqi_pm25": "39",
        "weather": "雨",
        "weathere": null,
        "weathercode": "d301",
        "limitnumber": "",
        "date": "10月14日(星期二)"
      },
      "weather": {
        "day": {
          "date": "14日白天",
          "weather": "小雨",
          "temp": "35",
          "tempUnit": "°C",
          "wind": {
            "direction": "无持续风向",
            "directionCode": "NNW",
            "level": "<3级"
          },
          "sunrise": "日出 06:01"
        },
        "night": {
          "date": "14日夜间",
          "weather": "多云",
          "temp": "26",
          "tempUnit": "°C",
          "wind": {
            "direction": "无持续风向",
            "directionCode": "NNW",
            "level": "<3级"
          },
          "sunset": "日落 17:36"
        }
      }
    },
    {
      "id": "101240101",
      "province": "江西",
      "city": "南昌",
      "realtime": {
        "nameen": "nanchang",
        "cityname": "南昌",
        "city": "101240101",
        "temp": "22.5",
        "tempf": "72.5",
        "WD": "东北风",
        "wde": "NE",
        "WS": "2级",
        "wse": "8km/h",
        "SD": "75%",
        "sd": "75%",
        "qy": "1011",
        "njd": "10km",
        "time": "11:50",
        "rain": "0",
        "rain24h": "0",
        "aqi": "52",
        "aqi_pm25": "52",
        "weather": "阴",
        "weathere": "Overcast",
        "weathercode": "d02",
        "limitnumber": "",
        "date": "10月14日(星期二)"
      },
      "weather": {
        "day": {
          "date": "14日白天",
          "weather": "阴",
          "temp": "27",
          "tempUnit": "°C",
          "wind": {
            "direction": "东北风",
            "directionCode": "NE",
            "level": "<3级"
          },
          "sunrise": "日出 06:16"
        },
        "night": {
          "date": "14日夜间",
          "weather": "多云",
          "temp": "21",
          "tempUnit": "°C",
          "wind": {
            "direction": "东北风",
            "directionCode": "NE",
            "level": "<3级"
          },
          "sunset": "日落 17:48"
        }
      }
    },
    {
      "id": "101250101",
      "province": "湖南",
      "city": "长沙",
      "realtime": {
        "nameen": "changsha",
        "cityname": "长沙",
        "city": "101250101",
        "temp": "17.1",
        "tempf": "62.8",
        "WD": "西北风",
        "wde": "NW",
        "WS": "2级",
        "wse": "6km/h",
        "SD": "98%",
        "sd": "98%",
        "qy": "1004",
        "njd": "3km",
        "time": "11:55",
        "rain": "0.5",
        "rain24h": "0.5",
        "aqi": "80",
        "aqi_pm25": "80",
        "weather": "阴",
        "weathere": "Overcast",
        "weathercode": "d02",
        "limitnumber": "",
        "date": "10月14日(星期二)"
      },
      "weather": {
        "day": {
          "date": "14日白天",
          "weather": "小雨",
          "temp": "21",
          "tempUnit": "°C",
          "wind": {
            "direction": "北风",
            "directionCode": "N",
            "level": "<3级"
          },
          "sunrise": "日出 06:28"
        },
        "night": {
          "date": "14日夜间",
          "weather": "阴",
          "temp": "16",
          "tempUnit": "°C",
          "wind": {
            "direction": "西北风",
            "directionCode": "NW",
            "level": "<3级"
          },
          "sunset": "日落 18:00"
        }
      }
    },
    {
      "id": "101260101",
      "province": "贵州",
      "city": "贵阳",
      "realtime": {
        "nameen": "guiyang",
        "cityname": "贵阳",
        "city": "101260101",
        "temp": "24.9",
        "tempf": "76.8",
        "WD": "西南风",
        "wde": "SW",
        "WS": "2级",
        "wse": "5km/h",
        "SD": "68%",
        "sd": "68%",
        "qy": "879",
        "njd": "22km",
        "time": "11:50",
        "rain": "0",
        "rain24h": "0",
        "aqi": "32",
        "aqi_pm25": "32",
        "weather": "多云",
        "weathere": "Cloudy",
        "weathercode": "d01",
        "limitnumber": null,
        "date": "10月14日(星期二)"
      },
      "weather": {
        "day": {
          "date": "14日白天",
          "weather": "阴",
          "temp": "24",
          "tempUnit": "°C",
          "wind": {
            "direction": "南风",
            "directionCode": "S",
            "level": "<3级"
          },
          "sunrise": "日出 06:52"
        },
        "night": {
          "date": "14日夜间",
          "weather": "阴",
          "temp": "17",
          "tempUnit": "°C",
          "wind": {
            "direction": "南风",
            "directionCode": "S",
            "level": "<3级"
          },
          "sunset": "日落 18:26"
        }
      }
    },
    {
      "id": "101270101",
      "province": "四川",
      "city": "成都",
      "realtime": {
        "nameen": "chengdu",
        "cityname": "成都",
        "city": "101270101",
        "temp": "23.3",
        "tempf": "73.9",
        "WD": "西南风",
        "wde": "SW",
        "WS": "1级",
        "wse": "2km/h",
        "SD": "61%",
        "sd": "61%",
        "qy": "957",
        "njd": "20km",
        "time": "11:55",
        "rain": "0",
        "rain24h": "0",
        "aqi": "25",
        "aqi_pm25": "25",
        "weather": "阴",
        "weathere": "Overcast",
        "weathercode": "d02",
        "limitnumber": "2和7",
        "date": "10月14日(星期二)"
      },
      "weather": {
        "day": {
          "date": "14日白天",
          "weather": "多云",
          "temp": "23",
          "tempUnit": "°C",
          "wind": {
            "direction": "无持续风向",
            "directionCode": "NNW",
            "level": "<3级"
          },
          "sunrise": "日出 07:05"
        },
        "night": {
          "date": "14日夜间",
          "weather": "阴",
          "temp": "18",
          "tempUnit": "°C",
          "wind": {
            "direction": "无持续风向",
            "directionCode": "NNW",
            "level": "<3级"
          },
          "sunset": "日落 18:34"
        }
      }
    },
    {
      "id": "101280101",
      "province": "广东",
      "city": "广州",
      "realtime": {
        "nameen": "guangzhou",
        "cityname": "广州",
        "city": "101280101",
        "temp": "30.7",
        "tempf": "87.3",
        "WD": "东北风",
        "wde": "NE",
        "WS": "1级",
        "wse": "4km/h",
        "SD": "79%",
        "sd": "79%",
        "qy": "1009",
        "njd": "23km",
        "time": "11:55",
        "rain": "0",
        "rain24h": "0",
        "aqi": "20",
        "aqi_pm25": "20",
        "weather": "多云",
        "weathere": "Cloudy",
        "weathercode": "d01",
        "limitnumber": "单号限行",
        "date": "10月14日(星期二)"
      },
      "weather": {
        "day": {
          "date": "14日白天",
          "weather": "雷阵雨",
          "temp": "33",
          "tempUnit": "°C",
          "wind": {
            "direction": "无持续风向",
            "directionCode": "NNW",
            "level": "<3级"
          },
          "sunrise": "日出 06:23"
        },
        "night": {
          "date": "14日夜间",
          "weather": "雷阵雨",
          "temp": "24",
          "tempUnit": "°C",
          "wind": {
            "direction": "无持续风向",
            "directionCode": "NNW",
            "level": "<3级"
          },
          "sunset": "日落 18:02"
        }
      }
    },
    {
      "id": "101290101",
      "province": "云南",
      "city": "昆明",
      "realtime": {
        "nameen": "kunming",
        "cityname": "昆明",
        "city": "101290101",
        "temp": "22.4",
        "tempf": "72.3",
        "WD": "东南风",
        "wde": "SE",
        "WS": "2级",
        "wse": "10km/h",
        "SD": "66%",
        "sd": "66%",
        "qy": "814",
        "njd": "18km",
        "time": "11:55",
        "rain": "0",
        "rain24h": "0",
        "aqi": "23",
        "aqi_pm25": "23",
        "weather": "多云",
        "weathere": "Cloudy",
        "weathercode": "d01",
        "limitnumber": "",
        "date": "10月14日(星期二)"
      },
      "weather": {
        "day": {
          "date": "14日白天",
          "weather": "阵雨",
          "temp": "24",
          "tempUnit": "°C",
          "wind": {
            "direction": "无持续风向",
            "directionCode": "NNW",
            "level": "<3级"
          },
          "sunrise": "日出 07:06"
        },
        "night": {
          "date": "14日夜间",
          "weather": "阵雨",
          "temp": "15",
          "tempUnit": "°C",
          "wind": {
            "direction": "无持续风向",
            "directionCode": "NNW",
            "level": "<3级"
          },
          "sunset": "日落 18:43"
        }
      }
    },
    {
      "id": "101300101",
      "province": "广西",
      "city": "南宁",
      "realtime": {
        "nameen": "nanning",
        "cityname": "南宁",
        "city": "101300101",
        "temp": "30.4",
        "tempf": "86.7",
        "WD": "东风",
        "wde": "E",
        "WS": "2级",
        "wse": "9km/h",
        "SD": "69%",
        "sd": "69%",
        "qy": "995",
        "njd": "30km",
        "time": "11:50",
        "rain": "0",
        "rain24h": "0",
        "aqi": "24",
        "aqi_pm25": "24",
        "weather": "多云",
        "weathere": "Cloudy",
        "weathercode": "d01",
        "limitnumber": "",
        "date": "10月14日(星期二)"
      },
      "weather": {
        "day": {
          "date": "14日白天",
          "weather": "阵雨",
          "temp": "31",
          "tempUnit": "°C",
          "wind": {
            "direction": "东南风",
            "directionCode": "SE",
            "level": "<3级"
          },
          "sunrise": "日出 06:42"
        },
        "night": {
          "date": "14日夜间",
          "weather": "多云",
          "temp": "23",
          "tempUnit": "°C",
          "wind": {
            "direction": "东南风",
            "directionCode": "SE",
            "level": "<3级"
          },
          "sunset": "日落 18:22"
        }
      }
    },
    {
      "id": "101310101",
      "province": "海南",
      "city": "海口",
      "realtime": {
        "nameen": "haikou",
        "cityname": "海口",
        "city": "101310101",
        "temp": "28.2",
        "tempf": "82.8",
        "WD": "北风",
        "wde": "N",
        "WS": "2级",
        "wse": "5km/h",
        "SD": "85%",
        "sd": "85%",
        "qy": "1005",
        "njd": "25km",
        "time": "11:50",
        "rain": "0.2",
        "rain24h": "0.2",
        "aqi": "12",
        "aqi_pm25": "12",
        "weather": "多云",
        "weathere": "Cloudy",
        "weathercode": "d01",
        "limitnumber": "",
        "date": "10月14日(星期二)"
      },
      "weather": {
        "day": {
          "date": "14日白天",
          "weather": "雷阵雨",
          "temp": "30",
          "tempUnit": "°C",
          "wind": {
            "direction": "无持续风向",
            "directionCode": "NNW",
            "level": "<3级"
          },
          "sunrise": "日出 06:33"
        },
        "night": {
          "date": "14日夜间",
          "weather": "多云",
          "temp": "25",
          "tempUnit": "°C",
          "wind": {
            "direction": "无持续风向",
            "directionCode": "NNW",
            "level": "<3级"
          },
          "sunset": "日落 18:16"
        }
      }
    },
    {
      "id": "101320101",
      "province": "香港",
      "city": "香港",
      "realtime": {
        "nameen": "hongkong",
        "cityname": "香港",
        "city": "101320101",
        "temp": "29.8",
        "tempf": "85.6",
        "WD": "微风",
        "wde": "NWW",
        "WS": "3级",
        "wse": "12km/h",
        "SD": "79%",
        "sd": "79%",
        "qy": "999",
        "njd": "31km",
        "time": "11:30",
        "rain": "0",
        "rain24h": "0",
        "aqi": "10",
        "aqi_pm25": "10",
        "weather": "多云",
        "weathere": "Cloudy",
        "weathercode": "d01",
        "limitnumber": "",
        "date": "10月14日(星期二)"
      },
      "weather": {
        "day": {
          "date": "14日白天",
          "weather": "多云",
          "temp": "32",
          "tempUnit": "°C",
          "wind": {
            "direction": "无持续风向",
            "directionCode": "NNW",
            "level": "<3级"
          },
          "sunrise": "日出 06:19"
        },
        "night": {
          "date": "14日夜间",
          "weather": "多云",
          "temp": "27",
          "tempUnit": "°C",
          "wind": {
            "direction": "无持续风向",
            "directionCode": "NNW",
            "level": "<3级"
          },
          "sunset": "日落 17:59"
        }
      }
    },
    {
      "id": "101330101",
      "province": "澳门",
      "city": "澳门",
      "realtime": {
        "nameen": "macao",
        "cityname": "澳门",
        "city": "101330101",
        "temp": "31.1",
        "tempf": "88",
        "WD": "微风",
        "wde": "NWW",
        "WS": "2级",
        "wse": "5km/h",
        "SD": "71%",
        "sd": "71%",
        "qy": "1006",
        "njd": "31km",
        "time": "12:00",
        "rain": "0",
        "rain24h": "0",
        "aqi": "13",
        "aqi_pm25": "13",
        "weather": "多云",
        "weathere": "Cloudy",
        "weathercode": "d01",
        "limitnumber": "",
        "date": "10月14日(星期二)"
      },
      "weather": {
        "day": {
          "date": "14日白天",
          "weather": "阵雨",
          "temp": "32",
          "tempUnit": "°C",
          "wind": {
            "direction": "无持续风向",
            "directionCode": "NNW",
            "level": "<3级"
          },
          "sunrise": "日出 06:21"
        },
        "night": {
          "date": "14日夜间",
          "weather": "多云",
          "temp": "27",
          "tempUnit": "°C",
          "wind": {
            "direction": "无持续风向",
            "directionCode": "NNW",
            "level": "<3级"
          },
          "sunset": "日落 18:01"
        }
      }
    },
    {
      "id": "101340101",
      "province": "台湾",
      "city": "台北",
      "realtime": {
        "nameen": "taibeixian",
        "cityname": "台北",
        "city": "101340101",
        "temp": "36.5",
        "tempf": "97.7",
        "WD": "微风",
        "wde": "NWW",
        "WS": "2级",
        "wse": "5km/h",
        "SD": "41%",
        "sd": "41%",
        "qy": "1007",
        "njd": "13km",
        "time": "12:00",
        "rain": "0",
        "rain24h": "0",
        "aqi": "81",
        "aqi_pm25": "81",
        "weather": "晴",
        "weathere": "Sunny",
        "weathercode": "d00",
        "limitnumber": "",
        "date": "10月14日(星期二)"
      },
      "weather": {
        "day": {
          "date": "14日白天",
          "weather": "晴",
          "temp": "32",
          "tempUnit": "°C",
          "wind": {
            "direction": "无持续风向",
            "directionCode": "NNW",
            "level": "<3级"
          },
          "sunrise": "日出 05:51"
        },
        "night": {
          "date": "14日夜间",
          "weather": "晴",
          "temp": "24",
          "tempUnit": "°C",
          "wind": {
            "direction": "无持续风向",
            "directionCode": "NNW",
            "level": "<3级"
          },
          "sunset": "日落 17:28"
        }
      }
    }
  ]
}
