{
  "timestamp": 1746936326778,
  "lastUpdate": "2025-05-11 12:05:26",
  "data": [
    {
      "id": "101010100",
      "province": "北京",
      "city": "北京",
      "realtime": {
        "nameen": "beijing",
        "cityname": "北京",
        "city": "101010100",
        "temp": "25",
        "tempf": "77",
        "WD": "东南风",
        "wde": "SE",
        "WS": "2级",
        "wse": "5km/h",
        "SD": "32%",
        "sd": "32%",
        "qy": "997",
        "njd": "9km",
        "time": "11:35",
        "rain": "0",
        "rain24h": "0",
        "aqi": "52",
        "aqi_pm25": "52",
        "weather": "晴",
        "weathere": "Sunny",
        "weathercode": "d00",
        "limitnumber": "不限行",
        "date": "05月11日(星期日)"
      },
      "weather": {
        "day": {
          "date": "11日白天",
          "weather": "晴",
          "temp": "28",
          "tempUnit": "°C",
          "wind": {
            "direction": "西南风",
            "directionCode": "SW",
            "level": "<3级"
          },
          "sunrise": "日出 05:03"
        },
        "night": {
          "date": "11日夜间",
          "weather": "多云",
          "temp": "14",
          "tempUnit": "°C",
          "wind": {
            "direction": "西南风",
            "directionCode": "SW",
            "level": "<3级"
          },
          "sunset": "日落 19:18"
        }
      }
    },
    {
      "id": "101020100",
      "province": "上海",
      "city": "上海",
      "realtime": {
        "nameen": "shanghai",
        "cityname": "上海",
        "city": "101020100",
        "temp": "24.1",
        "tempf": "75.4",
        "WD": "南风",
        "wde": "S",
        "WS": "1级",
        "wse": "2km/h",
        "SD": "32%",
        "sd": "32%",
        "qy": "1010",
        "njd": "25km",
        "time": "11:35",
        "rain": "0",
        "rain24h": "0",
        "aqi": "40",
        "aqi_pm25": "40",
        "weather": "晴",
        "weathere": "Sunny",
        "weathercode": "d00",
        "limitnumber": "",
        "date": "05月11日(星期日)"
      },
      "weather": {
        "day": {
          "date": "11日白天",
          "weather": "晴",
          "temp": "26",
          "tempUnit": "°C",
          "wind": {
            "direction": "西风",
            "directionCode": "W",
            "level": "<3级"
          },
          "sunrise": "日出 05:00"
        },
        "night": {
          "date": "11日夜间",
          "weather": "晴",
          "temp": "18",
          "tempUnit": "°C",
          "wind": {
            "direction": "南风",
            "directionCode": "S",
            "level": "<3级"
          },
          "sunset": "日落 18:40"
        }
      }
    },
    {
      "id": "101030100",
      "province": "天津",
      "city": "天津",
      "realtime": {
        "nameen": "tianjin",
        "cityname": "天津",
        "city": "101030100",
        "temp": "23.8",
        "tempf": "74.8",
        "WD": "东南风",
        "wde": "SE",
        "WS": "2级",
        "wse": "6km/h",
        "SD": "36%",
        "sd": "36%",
        "qy": "1001",
        "njd": "11km",
        "time": "11:35",
        "rain": "0",
        "rain24h": "0",
        "aqi": "77",
        "aqi_pm25": "77",
        "weather": "晴",
        "weathere": "Sunny",
        "weathercode": "d00",
        "limitnumber": "不限行",
        "date": "05月11日(星期日)"
      },
      "weather": {
        "day": {
          "date": "11日白天",
          "weather": "晴",
          "temp": "27",
          "tempUnit": "°C",
          "wind": {
            "direction": "南风",
            "directionCode": "S",
            "level": "<3级"
          },
          "sunrise": "日出 05:01"
        },
        "night": {
          "date": "11日夜间",
          "weather": "多云",
          "temp": "16",
          "tempUnit": "°C",
          "wind": {
            "direction": "南风",
            "directionCode": "S",
            "level": "<3级"
          },
          "sunset": "日落 19:13"
        }
      }
    },
    {
      "id": "101040100",
      "province": "重庆",
      "city": "重庆",
      "realtime": {
        "nameen": "chongqing",
        "cityname": "重庆",
        "city": "101040100",
        "temp": "24.1",
        "tempf": "75.4",
        "WD": "东北风",
        "wde": "NE",
        "WS": "2级",
        "wse": "6km/h",
        "SD": "48%",
        "sd": "48%",
        "qy": "985",
        "njd": "22km",
        "time": "11:35",
        "rain": "0",
        "rain24h": "0",
        "aqi": "49",
        "aqi_pm25": "49",
        "weather": "晴",
        "weathere": "Sunny",
        "weathercode": "d00",
        "limitnumber": "不限行",
        "date": "05月11日(星期日)"
      },
      "weather": {
        "day": {
          "date": "11日白天",
          "weather": "晴",
          "temp": "28",
          "tempUnit": "°C",
          "wind": {
            "direction": "东风",
            "directionCode": "E",
            "level": "<3级"
          },
          "sunrise": "日出 06:03"
        },
        "night": {
          "date": "11日夜间",
          "weather": "晴",
          "temp": "16",
          "tempUnit": "°C",
          "wind": {
            "direction": "东风",
            "directionCode": "E",
            "level": "<3级"
          },
          "sunset": "日落 19:36"
        }
      }
    },
    {
      "id": "101050101",
      "province": "黑龙江",
      "city": "哈尔滨",
      "realtime": {
        "nameen": "haerbin",
        "cityname": "哈尔滨",
        "city": "101050101",
        "temp": "23.8",
        "tempf": "74.8",
        "WD": "南风",
        "wde": "S",
        "WS": "4级",
        "wse": "23km/h",
        "SD": "25%",
        "sd": "25%",
        "qy": "983",
        "njd": "30km",
        "time": "11:35",
        "rain": "0",
        "rain24h": "0",
        "aqi": "52",
        "aqi_pm25": "52",
        "weather": "晴",
        "weathere": "Sunny",
        "weathercode": "d00",
        "limitnumber": "",
        "date": "05月11日(星期日)"
      },
      "weather": {
        "day": {
          "date": "11日白天",
          "weather": "多云",
          "temp": "25",
          "tempUnit": "°C",
          "wind": {
            "direction": "西南风",
            "directionCode": "SW",
            "level": "4-5级"
          },
          "sunrise": "日出 04:07"
        },
        "night": {
          "date": "11日夜间",
          "weather": "多云",
          "temp": "12",
          "tempUnit": "°C",
          "wind": {
            "direction": "西南风",
            "directionCode": "SW",
            "level": "3-4级"
          },
          "sunset": "日落 18:53"
        }
      }
    },
    {
      "id": "101060101",
      "province": "吉林",
      "city": "长春",
      "realtime": {
        "nameen": "changchun",
        "cityname": "长春",
        "city": "101060101",
        "temp": "22.8",
        "tempf": "73",
        "WD": "西南风",
        "wde": "SW",
        "WS": "3级",
        "wse": "18km/h",
        "SD": "17%",
        "sd": "17%",
        "qy": "972",
        "njd": "28km",
        "time": "11:35",
        "rain": "0",
        "rain24h": "0",
        "aqi": "37",
        "aqi_pm25": "37",
        "weather": "晴",
        "weathere": "Sunny",
        "weathercode": "d00",
        "limitnumber": "",
        "date": "05月11日(星期日)"
      },
      "weather": {
        "day": {
          "date": "11日白天",
          "weather": "晴",
          "temp": "24",
          "tempUnit": "°C",
          "wind": {
            "direction": "西南风",
            "directionCode": "SW",
            "level": "<3级"
          },
          "sunrise": "日出 04:17"
        },
        "night": {
          "date": "11日夜间",
          "weather": "晴",
          "temp": "12",
          "tempUnit": "°C",
          "wind": {
            "direction": "西南风",
            "directionCode": "SW",
            "level": "3-4级"
          },
          "sunset": "日落 18:52"
        }
      }
    },
    {
      "id": "101070101",
      "province": "辽宁",
      "city": "沈阳",
      "realtime": {
        "nameen": "shenyang",
        "cityname": "沈阳",
        "city": "101070101",
        "temp": "24.9",
        "tempf": "76.8",
        "WD": "西风",
        "wde": "W",
        "WS": "2级",
        "wse": "10km/h",
        "SD": "18%",
        "sd": "18%",
        "qy": "994",
        "njd": "30km",
        "time": "11:35",
        "rain": "0",
        "rain24h": "0",
        "aqi": "51",
        "aqi_pm25": "51",
        "weather": "晴",
        "weathere": "Sunny",
        "weathercode": "d00",
        "limitnumber": "",
        "date": "05月11日(星期日)"
      },
      "weather": {
        "day": {
          "date": "11日白天",
          "weather": "晴",
          "temp": "28",
          "tempUnit": "°C",
          "wind": {
            "direction": "南风",
            "directionCode": "S",
            "level": "3-4级"
          },
          "sunrise": "日出 04:30"
        },
        "night": {
          "date": "11日夜间",
          "weather": "晴",
          "temp": "12",
          "tempUnit": "°C",
          "wind": {
            "direction": "南风",
            "directionCode": "S",
            "level": "3-4级"
          },
          "sunset": "日落 18:54"
        }
      }
    },
    {
      "id": "101080101",
      "province": "内蒙古",
      "city": "呼和浩特",
      "realtime": {
        "nameen": "huhehaote",
        "cityname": "呼和浩特",
        "city": "101080101",
        "temp": "18.7",
        "tempf": "65.7",
        "WD": "南风",
        "wde": "S",
        "WS": "2级",
        "wse": "7km/h",
        "SD": "29%",
        "sd": "29%",
        "qy": "889",
        "njd": "29km",
        "time": "11:35",
        "rain": "0",
        "rain24h": "0",
        "aqi": "51",
        "aqi_pm25": "51",
        "weather": "多云",
        "weathere": "Cloudy",
        "weathercode": "d01",
        "limitnumber": "",
        "date": "05月11日(星期日)"
      },
      "weather": {
        "day": {
          "date": "11日白天",
          "weather": "晴",
          "temp": "27",
          "tempUnit": "°C",
          "wind": {
            "direction": "西南风",
            "directionCode": "SW",
            "level": "3-4级"
          },
          "sunrise": "日出 05:19"
        },
        "night": {
          "date": "11日夜间",
          "weather": "多云",
          "temp": "12",
          "tempUnit": "°C",
          "wind": {
            "direction": "西南风",
            "directionCode": "SW",
            "level": "3-4级"
          },
          "sunset": "日落 19:39"
        }
      }
    },
    {
      "id": "101090101",
      "province": "河北",
      "city": "石家庄",
      "realtime": {
        "nameen": "shijiazhuang",
        "cityname": "石家庄",
        "city": "101090101",
        "temp": "30.6",
        "tempf": "87.1",
        "WD": "西风",
        "wde": "W",
        "WS": "2级",
        "wse": "8km/h",
        "SD": "15%",
        "sd": "15%",
        "qy": "990",
        "njd": "30km",
        "time": "11:35",
        "rain": "0",
        "rain24h": "0",
        "aqi": "39",
        "aqi_pm25": "39",
        "weather": "晴",
        "weathere": "Sunny",
        "weathercode": "d00",
        "limitnumber": "",
        "date": "05月11日(星期日)"
      },
      "weather": {
        "day": {
          "date": "11日白天",
          "weather": "晴",
          "temp": "29",
          "tempUnit": "°C",
          "wind": {
            "direction": "西风",
            "directionCode": "W",
            "level": "3-4级"
          },
          "sunrise": "日出 05:14"
        },
        "night": {
          "date": "11日夜间",
          "weather": "多云",
          "temp": "18",
          "tempUnit": "°C",
          "wind": {
            "direction": "西风",
            "directionCode": "W",
            "level": "<3级"
          },
          "sunset": "日落 19:21"
        }
      }
    },
    {
      "id": "101100101",
      "province": "山西",
      "city": "太原",
      "realtime": {
        "nameen": "taiyuan",
        "cityname": "太原",
        "city": "101100101",
        "temp": "22.8",
        "tempf": "73",
        "WD": "南风",
        "wde": "S",
        "WS": "2级",
        "wse": "10km/h",
        "SD": "24%",
        "sd": "24%",
        "qy": "919",
        "njd": "17km",
        "time": "11:35",
        "rain": "0",
        "rain24h": "0",
        "aqi": "69",
        "aqi_pm25": "69",
        "weather": "晴",
        "weathere": "Sunny",
        "weathercode": "d00",
        "limitnumber": "",
        "date": "05月11日(星期日)"
      },
      "weather": {
        "day": {
          "date": "11日白天",
          "weather": "晴",
          "temp": "28",
          "tempUnit": "°C",
          "wind": {
            "direction": "西风",
            "directionCode": "W",
            "level": "<3级"
          },
          "sunrise": "日出 05:23"
        },
        "night": {
          "date": "11日夜间",
          "weather": "多云",
          "temp": "9",
          "tempUnit": "°C",
          "wind": {
            "direction": "西南风",
            "directionCode": "SW",
            "level": "<3级"
          },
          "sunset": "日落 19:29"
        }
      }
    },
    {
      "id": "101110101",
      "province": "陕西",
      "city": "西安",
      "realtime": {
        "nameen": "xian",
        "cityname": "西安",
        "city": "101110101",
        "temp": "25.6",
        "tempf": "78.1",
        "WD": "东风",
        "wde": "E",
        "WS": "1级",
        "wse": "5km/h",
        "SD": "20%",
        "sd": "20%",
        "qy": "965",
        "njd": "26km",
        "time": "11:35",
        "rain": "0",
        "rain24h": "0",
        "aqi": "54",
        "aqi_pm25": "54",
        "weather": "晴",
        "weathere": "Sunny",
        "weathercode": "d00",
        "limitnumber": "不限行",
        "date": "05月11日(星期日)"
      },
      "weather": {
        "day": {
          "date": "11日白天",
          "weather": "晴",
          "temp": "30",
          "tempUnit": "°C",
          "wind": {
            "direction": "无持续风向",
            "directionCode": "NNW",
            "level": "<3级"
          },
          "sunrise": "日出 05:45"
        },
        "night": {
          "date": "11日夜间",
          "weather": "多云",
          "temp": "15",
          "tempUnit": "°C",
          "wind": {
            "direction": "无持续风向",
            "directionCode": "NNW",
            "level": "<3级"
          },
          "sunset": "日落 19:36"
        }
      }
    },
    {
      "id": "101120101",
      "province": "山东",
      "city": "济南",
      "realtime": {
        "nameen": "jinan",
        "cityname": "济南",
        "city": "101120101",
        "temp": "26.5",
        "tempf": "79.7",
        "WD": "西风",
        "wde": "W",
        "WS": "3级",
        "wse": "13km/h",
        "SD": "24%",
        "sd": "24%",
        "qy": "985",
        "njd": "28km",
        "time": "11:35",
        "rain": "0",
        "rain24h": "0",
        "aqi": "51",
        "aqi_pm25": "51",
        "weather": "晴",
        "weathere": "Sunny",
        "weathercode": "d00",
        "limitnumber": "",
        "date": "05月11日(星期日)"
      },
      "weather": {
        "day": {
          "date": "11日白天",
          "weather": "晴",
          "temp": "29",
          "tempUnit": "°C",
          "wind": {
            "direction": "无持续风向",
            "directionCode": "NNW",
            "level": "<3级"
          },
          "sunrise": "日出 05:07"
        },
        "night": {
          "date": "11日夜间",
          "weather": "晴",
          "temp": "19",
          "tempUnit": "°C",
          "wind": {
            "direction": "南风",
            "directionCode": "S",
            "level": "3-4级"
          },
          "sunset": "日落 19:08"
        }
      }
    },
    {
      "id": "101130101",
      "province": "新疆",
      "city": "乌鲁木齐",
      "realtime": {
        "nameen": "wulumuqi",
        "cityname": "乌鲁木齐",
        "city": "101130101",
        "temp": "22.6",
        "tempf": "72.7",
        "WD": "西风",
        "wde": "W",
        "WS": "4级",
        "wse": "21km/h",
        "SD": "40%",
        "sd": "40%",
        "qy": "909",
        "njd": "35km",
        "time": "11:35",
        "rain": "0",
        "rain24h": "0",
        "aqi": "51",
        "aqi_pm25": "51",
        "weather": "多云",
        "weathere": "Cloudy",
        "weathercode": "d01",
        "limitnumber": "",
        "date": "05月11日(星期日)"
      },
      "weather": {
        "day": {
          "date": "11日白天",
          "weather": "多云",
          "temp": "25",
          "tempUnit": "°C",
          "wind": {
            "direction": "西北风",
            "directionCode": "NW",
            "level": "<3级"
          },
          "sunrise": "日出 06:48"
        },
        "night": {
          "date": "11日夜间",
          "weather": "小雨",
          "temp": "15",
          "tempUnit": "°C",
          "wind": {
            "direction": "西北风",
            "directionCode": "NW",
            "level": "<3级"
          },
          "sunset": "日落 21:23"
        }
      }
    },
    {
      "id": "101140101",
      "province": "西藏",
      "city": "拉萨",
      "realtime": {
        "nameen": "lasa",
        "cityname": "拉萨",
        "city": "101140101",
        "temp": "15.2",
        "tempf": "59.4",
        "WD": "南风",
        "wde": "S",
        "WS": "2级",
        "wse": "8km/h",
        "SD": "34%",
        "sd": "34%",
        "qy": "655",
        "njd": "30km",
        "time": "11:35",
        "rain": "0",
        "rain24h": "0",
        "aqi": "36",
        "aqi_pm25": "36",
        "weather": "多云",
        "weathere": "Cloudy",
        "weathercode": "d01",
        "limitnumber": "",
        "date": "05月11日(星期日)"
      },
      "weather": {
        "day": {
          "date": "11日白天",
          "weather": "阴",
          "temp": "22",
          "tempUnit": "°C",
          "wind": {
            "direction": "无持续风向",
            "directionCode": "NNW",
            "level": "<3级"
          },
          "sunrise": "日出 07:05"
        },
        "night": {
          "date": "11日夜间",
          "weather": "多云",
          "temp": "10",
          "tempUnit": "°C",
          "wind": {
            "direction": "无持续风向",
            "directionCode": "NNW",
            "level": "<3级"
          },
          "sunset": "日落 20:38"
        }
      }
    },
    {
      "id": "101150101",
      "province": "青海",
      "city": "西宁",
      "realtime": {
        "nameen": "xining",
        "cityname": "西宁",
        "city": "101150101",
        "temp": "17.8",
        "tempf": "64",
        "WD": "东南风",
        "wde": "SE",
        "WS": "2级",
        "wse": "8km/h",
        "SD": "15%",
        "sd": "15%",
        "qy": "758",
        "njd": "30km",
        "time": "11:35",
        "rain": "0",
        "rain24h": "0",
        "aqi": "64",
        "aqi_pm25": "64",
        "weather": "晴",
        "weathere": "Sunny",
        "weathercode": "d00",
        "limitnumber": "",
        "date": "05月11日(星期日)"
      },
      "weather": {
        "day": {
          "date": "11日白天",
          "weather": "晴",
          "temp": "25",
          "tempUnit": "°C",
          "wind": {
            "direction": "无持续风向",
            "directionCode": "NNW",
            "level": "<3级"
          },
          "sunrise": "日出 06:08"
        },
        "night": {
          "date": "11日夜间",
          "weather": "多云",
          "temp": "7",
          "tempUnit": "°C",
          "wind": {
            "direction": "无持续风向",
            "directionCode": "NNW",
            "level": "<3级"
          },
          "sunset": "日落 20:09"
        }
      }
    },
    {
      "id": "101160101",
      "province": "甘肃",
      "city": "兰州",
      "realtime": {
        "nameen": "lanzhou",
        "cityname": "兰州",
        "city": "101160101",
        "temp": "21.2",
        "tempf": "70.2",
        "WD": "西南风",
        "wde": "SW",
        "WS": "2级",
        "wse": "6km/h",
        "SD": "13%",
        "sd": "13%",
        "qy": "845",
        "njd": "30km",
        "time": "11:35",
        "rain": "0",
        "rain24h": "0",
        "aqi": "57",
        "aqi_pm25": "57",
        "weather": "晴",
        "weathere": "Sunny",
        "weathercode": "d00",
        "limitnumber": "不限行",
        "date": "05月11日(星期日)"
      },
      "weather": {
        "day": {
          "date": "11日白天",
          "weather": "晴",
          "temp": "30",
          "tempUnit": "°C",
          "wind": {
            "direction": "无持续风向",
            "directionCode": "NNW",
            "level": "<3级"
          },
          "sunrise": "日出 06:01"
        },
        "night": {
          "date": "11日夜间",
          "weather": "多云",
          "temp": "12",
          "tempUnit": "°C",
          "wind": {
            "direction": "无持续风向",
            "directionCode": "NNW",
            "level": "<3级"
          },
          "sunset": "日落 20:00"
        }
      }
    },
    {
      "id": "101170101",
      "province": "宁夏",
      "city": "银川",
      "realtime": {
        "nameen": "yinchuan",
        "cityname": "银川",
        "city": "101170101",
        "temp": "23.3",
        "tempf": "73.9",
        "WD": "南风",
        "wde": "S",
        "WS": "2级",
        "wse": "8km/h",
        "SD": "12%",
        "sd": "12%",
        "qy": "885",
        "njd": "28km",
        "time": "11:35",
        "rain": "0",
        "rain24h": "0",
        "aqi": "44",
        "aqi_pm25": "44",
        "weather": "晴",
        "weathere": "Sunny",
        "weathercode": "d00",
        "limitnumber": "",
        "date": "05月11日(星期日)"
      },
      "weather": {
        "day": {
          "date": "11日白天",
          "weather": "晴",
          "temp": "29",
          "tempUnit": "°C",
          "wind": {
            "direction": "无持续风向",
            "directionCode": "NNW",
            "level": "<3级"
          },
          "sunrise": "日出 05:47"
        },
        "night": {
          "date": "11日夜间",
          "weather": "多云",
          "temp": "14",
          "tempUnit": "°C",
          "wind": {
            "direction": "无持续风向",
            "directionCode": "NNW",
            "level": "<3级"
          },
          "sunset": "日落 19:55"
        }
      }
    },
    {
      "id": "101180101",
      "province": "河南",
      "city": "郑州",
      "realtime": {
        "nameen": "zhengzhou",
        "cityname": "郑州",
        "city": "101180101",
        "temp": "29.9",
        "tempf": "85.8",
        "WD": "西风",
        "wde": "W",
        "WS": "3级",
        "wse": "14km/h",
        "SD": "12%",
        "sd": "12%",
        "qy": "994",
        "njd": "30km",
        "time": "11:35",
        "rain": "0",
        "rain24h": "0",
        "aqi": "57",
        "aqi_pm25": "57",
        "weather": "晴",
        "weathere": "Sunny",
        "weathercode": "d00",
        "limitnumber": "不限行",
        "date": "05月11日(星期日)"
      },
      "weather": {
        "day": {
          "date": "11日白天",
          "weather": "晴",
          "temp": "32",
          "tempUnit": "°C",
          "wind": {
            "direction": "西风",
            "directionCode": "W",
            "level": "<3级"
          },
          "sunrise": "日出 05:25"
        },
        "night": {
          "date": "11日夜间",
          "weather": "晴",
          "temp": "17",
          "tempUnit": "°C",
          "wind": {
            "direction": "西南风",
            "directionCode": "SW",
            "level": "<3级"
          },
          "sunset": "日落 19:18"
        }
      }
    },
    {
      "id": "101190101",
      "province": "江苏",
      "city": "南京",
      "realtime": {
        "nameen": "nanjing",
        "cityname": "南京",
        "city": "101190101",
        "temp": "24.7",
        "tempf": "76.5",
        "WD": "西风",
        "wde": "W",
        "WS": "3级",
        "wse": "15km/h",
        "SD": "32%",
        "sd": "32%",
        "qy": "1006",
        "njd": "19km",
        "time": "11:35",
        "rain": "0",
        "rain24h": "0",
        "aqi": "43",
        "aqi_pm25": "43",
        "weather": "晴",
        "weathere": "Sunny",
        "weathercode": "d00",
        "limitnumber": "",
        "date": "05月11日(星期日)"
      },
      "weather": {
        "day": {
          "date": "11日白天",
          "weather": "晴",
          "temp": "26",
          "tempUnit": "°C",
          "wind": {
            "direction": "西风",
            "directionCode": "W",
            "level": "5-6级"
          },
          "sunrise": "日出 05:10"
        },
        "night": {
          "date": "11日夜间",
          "weather": "晴",
          "temp": "16",
          "tempUnit": "°C",
          "wind": {
            "direction": "西南风",
            "directionCode": "SW",
            "level": "3-4级"
          },
          "sunset": "日落 18:52"
        }
      }
    },
    {
      "id": "101200101",
      "province": "湖北",
      "city": "武汉",
      "realtime": {
        "nameen": "wuhan",
        "cityname": "武汉",
        "city": "101200101",
        "temp": "24.1",
        "tempf": "75.4",
        "WD": "西南风",
        "wde": "SW",
        "WS": "3级",
        "wse": "13km/h",
        "SD": "50%",
        "sd": "50%",
        "qy": "1010",
        "njd": "29km",
        "time": "11:35",
        "rain": "0.1",
        "rain24h": "0.1",
        "aqi": "37",
        "aqi_pm25": "37",
        "weather": "晴",
        "weathere": "Sunny",
        "weathercode": "d00",
        "limitnumber": "不限行",
        "date": "05月11日(星期日)"
      },
      "weather": {
        "day": {
          "date": "11日白天",
          "weather": "晴",
          "temp": "28",
          "tempUnit": "°C",
          "wind": {
            "direction": "无持续风向",
            "directionCode": "NNW",
            "level": "<3级"
          },
          "sunrise": "日出 05:30"
        },
        "night": {
          "date": "11日夜间",
          "weather": "晴",
          "temp": "13",
          "tempUnit": "°C",
          "wind": {
            "direction": "无持续风向",
            "directionCode": "NNW",
            "level": "<3级"
          },
          "sunset": "日落 19:07"
        }
      }
    },
    {
      "id": "101210101",
      "province": "浙江",
      "city": "杭州",
      "realtime": {
        "nameen": "hangzhou",
        "cityname": "杭州",
        "city": "101210101",
        "temp": "24",
        "tempf": "75.2",
        "WD": "南风",
        "wde": "S",
        "WS": "2级",
        "wse": "8km/h",
        "SD": "36%",
        "sd": "36%",
        "qy": "1006",
        "njd": "30km",
        "time": "11:35",
        "rain": "0",
        "rain24h": "0",
        "aqi": "39",
        "aqi_pm25": "39",
        "weather": "晴",
        "weathere": "Sunny",
        "weathercode": "d00",
        "limitnumber": "不限行",
        "date": "05月11日(星期日)"
      },
      "weather": {
        "day": {
          "date": "11日白天",
          "weather": "晴",
          "temp": "28",
          "tempUnit": "°C",
          "wind": {
            "direction": "西风",
            "directionCode": "W",
            "level": "<3级"
          },
          "sunrise": "日出 05:07"
        },
        "night": {
          "date": "11日夜间",
          "weather": "晴",
          "temp": "17",
          "tempUnit": "°C",
          "wind": {
            "direction": "西南风",
            "directionCode": "SW",
            "level": "<3级"
          },
          "sunset": "日落 18:43"
        }
      }
    },
    {
      "id": "101220101",
      "province": "安徽",
      "city": "合肥",
      "realtime": {
        "nameen": "hefei",
        "cityname": "合肥",
        "city": "101220101",
        "temp": "25.6",
        "tempf": "78.1",
        "WD": "西风",
        "wde": "W",
        "WS": "3级",
        "wse": "16km/h",
        "SD": "34%",
        "sd": "34%",
        "qy": "1004",
        "njd": "30km",
        "time": "11:35",
        "rain": "0",
        "rain24h": "0",
        "aqi": "51",
        "aqi_pm25": "51",
        "weather": "晴",
        "weathere": "Sunny",
        "weathercode": "d00",
        "limitnumber": "",
        "date": "05月11日(星期日)"
      },
      "weather": {
        "day": {
          "date": "11日白天",
          "weather": "晴",
          "temp": "28",
          "tempUnit": "°C",
          "wind": {
            "direction": "西风",
            "directionCode": "W",
            "level": "4-5级"
          },
          "sunrise": "日出 05:16"
        },
        "night": {
          "date": "11日夜间",
          "weather": "晴",
          "temp": "13",
          "tempUnit": "°C",
          "wind": {
            "direction": "西南风",
            "directionCode": "SW",
            "level": "<3级"
          },
          "sunset": "日落 18:58"
        }
      }
    },
    {
      "id": "101230101",
      "province": "福建",
      "city": "福州",
      "realtime": {
        "nameen": "fuzhou",
        "cityname": "福州",
        "city": "101230101",
        "temp": "19.9",
        "tempf": "67.8",
        "WD": "西风",
        "wde": "W",
        "WS": "1级",
        "wse": "5km/h",
        "SD": "75%",
        "sd": "75%",
        "qy": "1002",
        "njd": "30km",
        "time": "11:35",
        "rain": "0",
        "rain24h": "0",
        "aqi": "29",
        "aqi_pm25": "29",
        "weather": "阴",
        "weathere": "Overcast",
        "weathercode": "d02",
        "limitnumber": "",
        "date": "05月11日(星期日)"
      },
      "weather": {
        "day": {
          "date": "11日白天",
          "weather": "阵雨",
          "temp": "24",
          "tempUnit": "°C",
          "wind": {
            "direction": "无持续风向",
            "directionCode": "NNW",
            "level": "<3级"
          },
          "sunrise": "日出 05:18"
        },
        "night": {
          "date": "11日夜间",
          "weather": "阴",
          "temp": "16",
          "tempUnit": "°C",
          "wind": {
            "direction": "无持续风向",
            "directionCode": "NNW",
            "level": "<3级"
          },
          "sunset": "日落 18:39"
        }
      }
    },
    {
      "id": "101240101",
      "province": "江西",
      "city": "南昌",
      "realtime": {
        "nameen": "nanchang",
        "cityname": "南昌",
        "city": "101240101",
        "temp": "24",
        "tempf": "75.2",
        "WD": "西风",
        "wde": "W",
        "WS": "2级",
        "wse": "7km/h",
        "SD": "33%",
        "sd": "33%",
        "qy": "1008",
        "njd": "27km",
        "time": "11:35",
        "rain": "0",
        "rain24h": "0",
        "aqi": "43",
        "aqi_pm25": "43",
        "weather": "晴",
        "weathere": "Sunny",
        "weathercode": "d00",
        "limitnumber": "",
        "date": "05月11日(星期日)"
      },
      "weather": {
        "day": {
          "date": "11日白天",
          "weather": "晴",
          "temp": "27",
          "tempUnit": "°C",
          "wind": {
            "direction": "西南风",
            "directionCode": "SW",
            "level": "<3级"
          },
          "sunrise": "日出 05:28"
        },
        "night": {
          "date": "11日夜间",
          "weather": "多云",
          "temp": "16",
          "tempUnit": "°C",
          "wind": {
            "direction": "西南风",
            "directionCode": "SW",
            "level": "<3级"
          },
          "sunset": "日落 18:57"
        }
      }
    },
    {
      "id": "101250101",
      "province": "湖南",
      "city": "长沙",
      "realtime": {
        "nameen": "changsha",
        "cityname": "长沙",
        "city": "101250101",
        "temp": "23.9",
        "tempf": "75",
        "WD": "西南风",
        "wde": "SW",
        "WS": "2级",
        "wse": "7km/h",
        "SD": "41%",
        "sd": "41%",
        "qy": "1001",
        "njd": "14km",
        "time": "11:35",
        "rain": "0",
        "rain24h": "0",
        "aqi": "51",
        "aqi_pm25": "51",
        "weather": "晴",
        "weathere": "Sunny",
        "weathercode": "d00",
        "limitnumber": "",
        "date": "05月11日(星期日)"
      },
      "weather": {
        "day": {
          "date": "11日白天",
          "weather": "晴",
          "temp": "27",
          "tempUnit": "°C",
          "wind": {
            "direction": "南风",
            "directionCode": "S",
            "level": "<3级"
          },
          "sunrise": "日出 05:40"
        },
        "night": {
          "date": "11日夜间",
          "weather": "晴",
          "temp": "13",
          "tempUnit": "°C",
          "wind": {
            "direction": "南风",
            "directionCode": "S",
            "level": "<3级"
          },
          "sunset": "日落 19:08"
        }
      }
    },
    {
      "id": "101260101",
      "province": "贵州",
      "city": "贵阳",
      "realtime": {
        "nameen": "guiyang",
        "cityname": "贵阳",
        "city": "101260101",
        "temp": "18.5",
        "tempf": "65.3",
        "WD": "东风",
        "wde": "E",
        "WS": "2级",
        "wse": "7km/h",
        "SD": "53%",
        "sd": "53%",
        "qy": "881",
        "njd": "17km",
        "time": "11:35",
        "rain": "0",
        "rain24h": "0",
        "aqi": "62",
        "aqi_pm25": "62",
        "weather": "多云",
        "weathere": "Cloudy",
        "weathercode": "d01",
        "limitnumber": null,
        "date": "05月11日(星期日)"
      },
      "weather": {
        "day": {
          "date": "11日白天",
          "weather": "晴",
          "temp": "24",
          "tempUnit": "°C",
          "wind": {
            "direction": "西南风",
            "directionCode": "SW",
            "level": "<3级"
          },
          "sunrise": "日出 06:08"
        },
        "night": {
          "date": "11日夜间",
          "weather": "晴",
          "temp": "8",
          "tempUnit": "°C",
          "wind": {
            "direction": "南风",
            "directionCode": "S",
            "level": "<3级"
          },
          "sunset": "日落 19:31"
        }
      }
    },
    {
      "id": "101270101",
      "province": "四川",
      "city": "成都",
      "realtime": {
        "nameen": "chengdu",
        "cityname": "成都",
        "city": "101270101",
        "temp": "27.2",
        "tempf": "81",
        "WD": "南风",
        "wde": "S",
        "WS": "1级",
        "wse": "2km/h",
        "SD": "35%",
        "sd": "35%",
        "qy": "957",
        "njd": "12km",
        "time": "11:35",
        "rain": "0",
        "rain24h": "0",
        "aqi": "70",
        "aqi_pm25": "70",
        "weather": "晴",
        "weathere": "Sunny",
        "weathercode": "d00",
        "limitnumber": "不限行",
        "date": "05月11日(星期日)"
      },
      "weather": {
        "day": {
          "date": "11日白天",
          "weather": "晴",
          "temp": "30",
          "tempUnit": "°C",
          "wind": {
            "direction": "无持续风向",
            "directionCode": "NNW",
            "level": "<3级"
          },
          "sunrise": "日出 06:11"
        },
        "night": {
          "date": "11日夜间",
          "weather": "多云",
          "temp": "13",
          "tempUnit": "°C",
          "wind": {
            "direction": "无持续风向",
            "directionCode": "NNW",
            "level": "<3级"
          },
          "sunset": "日落 19:48"
        }
      }
    },
    {
      "id": "101280101",
      "province": "广东",
      "city": "广州",
      "realtime": {
        "nameen": "guangzhou",
        "cityname": "广州",
        "city": "101280101",
        "temp": "23.7",
        "tempf": "74.7",
        "WD": "东北风",
        "wde": "NE",
        "WS": "2级",
        "wse": "9km/h",
        "SD": "51%",
        "sd": "51%",
        "qy": "1008",
        "njd": "25km",
        "time": "11:35",
        "rain": "0",
        "rain24h": "0",
        "aqi": "33",
        "aqi_pm25": "33",
        "weather": "阴",
        "weathere": "Overcast",
        "weathercode": "d02",
        "limitnumber": "不限行",
        "date": "05月11日(星期日)"
      },
      "weather": {
        "day": {
          "date": "11日白天",
          "weather": "多云",
          "temp": "27",
          "tempUnit": "°C",
          "wind": {
            "direction": "无持续风向",
            "directionCode": "NNW",
            "level": "<3级"
          },
          "sunrise": "日出 05:47"
        },
        "night": {
          "date": "11日夜间",
          "weather": "多云",
          "temp": "17",
          "tempUnit": "°C",
          "wind": {
            "direction": "无持续风向",
            "directionCode": "NNW",
            "level": "<3级"
          },
          "sunset": "日落 18:59"
        }
      }
    },
    {
      "id": "101290101",
      "province": "云南",
      "city": "昆明",
      "realtime": {
        "nameen": "kunming",
        "cityname": "昆明",
        "city": "101290101",
        "temp": "18.3",
        "tempf": "64.9",
        "WD": "东北风",
        "wde": "NE",
        "WS": "1级",
        "wse": "5km/h",
        "SD": "47%",
        "sd": "47%",
        "qy": "814",
        "njd": "30km",
        "time": "11:35",
        "rain": "0",
        "rain24h": "0",
        "aqi": "27",
        "aqi_pm25": "27",
        "weather": "多云",
        "weathere": "Cloudy",
        "weathercode": "d01",
        "limitnumber": "",
        "date": "05月11日(星期日)"
      },
      "weather": {
        "day": {
          "date": "11日白天",
          "weather": "多云",
          "temp": "23",
          "tempUnit": "°C",
          "wind": {
            "direction": "无持续风向",
            "directionCode": "NNW",
            "level": "<3级"
          },
          "sunrise": "日出 06:26"
        },
        "night": {
          "date": "11日夜间",
          "weather": "晴",
          "temp": "12",
          "tempUnit": "°C",
          "wind": {
            "direction": "无持续风向",
            "directionCode": "NNW",
            "level": "<3级"
          },
          "sunset": "日落 19:43"
        }
      }
    },
    {
      "id": "101300101",
      "province": "广西",
      "city": "南宁",
      "realtime": {
        "nameen": "nanning",
        "cityname": "南宁",
        "city": "101300101",
        "temp": "24.6",
        "tempf": "76.3",
        "WD": "北风",
        "wde": "N",
        "WS": "2级",
        "wse": "10km/h",
        "SD": "48%",
        "sd": "48%",
        "qy": "997",
        "njd": "30km",
        "time": "11:35",
        "rain": "0",
        "rain24h": "0",
        "aqi": "29",
        "aqi_pm25": "29",
        "weather": "多云",
        "weathere": "Cloudy",
        "weathercode": "d01",
        "limitnumber": "",
        "date": "05月11日(星期日)"
      },
      "weather": {
        "day": {
          "date": "11日白天",
          "weather": "多云",
          "temp": "27",
          "tempUnit": "°C",
          "wind": {
            "direction": "东北风",
            "directionCode": "NE",
            "level": "<3级"
          },
          "sunrise": "日出 06:07"
        },
        "night": {
          "date": "11日夜间",
          "weather": "多云",
          "temp": "18",
          "tempUnit": "°C",
          "wind": {
            "direction": "东北风",
            "directionCode": "NE",
            "level": "<3级"
          },
          "sunset": "日落 19:18"
        }
      }
    },
    {
      "id": "101310101",
      "province": "海南",
      "city": "海口",
      "realtime": {
        "nameen": "haikou",
        "cityname": "海口",
        "city": "101310101",
        "temp": "23.9",
        "tempf": "75",
        "WD": "东北风",
        "wde": "NE",
        "WS": "4级",
        "wse": "23km/h",
        "SD": "77%",
        "sd": "77%",
        "qy": "1003",
        "njd": "24km",
        "time": "11:35",
        "rain": "0",
        "rain24h": "0",
        "aqi": "32",
        "aqi_pm25": "32",
        "weather": "阴",
        "weathere": "Overcast",
        "weathercode": "d02",
        "limitnumber": "",
        "date": "05月11日(星期日)"
      },
      "weather": {
        "day": {
          "date": "11日白天",
          "weather": "小雨",
          "temp": "25",
          "tempUnit": "°C",
          "wind": {
            "direction": "东北风",
            "directionCode": "NE",
            "level": "3-4级"
          },
          "sunrise": "日出 06:04"
        },
        "night": {
          "date": "11日夜间",
          "weather": "阴",
          "temp": "22",
          "tempUnit": "°C",
          "wind": {
            "direction": "无持续风向",
            "directionCode": "NNW",
            "level": "<3级"
          },
          "sunset": "日落 19:06"
        }
      }
    },
    {
      "id": "101320101",
      "province": "香港",
      "city": "香港",
      "realtime": {
        "nameen": "hongkong",
        "cityname": "香港",
        "city": "101320101",
        "temp": "25.7",
        "tempf": "78.3",
        "WD": "微风",
        "wde": "NWW",
        "WS": "2级",
        "wse": "5km/h",
        "SD": "56%",
        "sd": "56%",
        "qy": "999",
        "njd": "27km",
        "time": "11:10",
        "rain": "0",
        "rain24h": "0",
        "aqi": "32",
        "aqi_pm25": "32",
        "weather": "阴",
        "weathere": "Overcast",
        "weathercode": "d02",
        "limitnumber": "",
        "date": "05月11日(星期日)"
      },
      "weather": {
        "day": {
          "date": "11日白天",
          "weather": "阵雨",
          "temp": "26",
          "tempUnit": "°C",
          "wind": {
            "direction": "东北风",
            "directionCode": "NE",
            "level": "4-5级"
          },
          "sunrise": "日出 05:45"
        },
        "night": {
          "date": "11日夜间",
          "weather": "晴",
          "temp": "21",
          "tempUnit": "°C",
          "wind": {
            "direction": "东北风",
            "directionCode": "NE",
            "level": "4-5级"
          },
          "sunset": "日落 18:54"
        }
      }
    },
    {
      "id": "101330101",
      "province": "澳门",
      "city": "澳门",
      "realtime": {
        "nameen": "macao",
        "cityname": "澳门",
        "city": "101330101",
        "temp": "24.3",
        "tempf": "75.7",
        "WD": "微风",
        "wde": "NWW",
        "WS": "2级",
        "wse": "5km/h",
        "SD": "59%",
        "sd": "59%",
        "qy": "1006",
        "njd": "27km",
        "time": "11:10",
        "rain": "0",
        "rain24h": "0",
        "aqi": "30",
        "aqi_pm25": "30",
        "weather": "多云",
        "weathere": "Cloudy",
        "weathercode": "d01",
        "limitnumber": "",
        "date": "05月11日(星期日)"
      },
      "weather": {
        "day": {
          "date": "11日白天",
          "weather": "阵雨",
          "temp": "24",
          "tempUnit": "°C",
          "wind": {
            "direction": "无持续风向",
            "directionCode": "NNW",
            "level": "<3级"
          },
          "sunrise": "日出 05:47"
        },
        "night": {
          "date": "11日夜间",
          "weather": "多云",
          "temp": "19",
          "tempUnit": "°C",
          "wind": {
            "direction": "无持续风向",
            "directionCode": "NNW",
            "level": "<3级"
          },
          "sunset": "日落 18:56"
        }
      }
    },
    {
      "id": "101340101",
      "province": "台湾",
      "city": "台北",
      "realtime": {
        "nameen": "taibeixian",
        "cityname": "台北",
        "city": "101340101",
        "temp": "17.7",
        "tempf": "63.9",
        "WD": "微风",
        "wde": "NWW",
        "WS": "2级",
        "wse": "5km/h",
        "SD": "93%",
        "sd": "93%",
        "qy": "1007",
        "njd": "3km",
        "time": "11:10",
        "rain": "0",
        "rain24h": "0",
        "aqi": "45",
        "aqi_pm25": "45",
        "weather": "阴",
        "weathere": "Overcast",
        "weathercode": "d02",
        "limitnumber": "",
        "date": "05月11日(星期日)"
      },
      "weather": {
        "day": {
          "date": "11日白天",
          "weather": "大雨",
          "temp": "22",
          "tempUnit": "°C",
          "wind": {
            "direction": "无持续风向",
            "directionCode": "NNW",
            "level": "<3级"
          },
          "sunrise": "日出 05:11"
        },
        "night": {
          "date": "11日夜间",
          "weather": "阴",
          "temp": "19",
          "tempUnit": "°C",
          "wind": {
            "direction": "无持续风向",
            "directionCode": "NNW",
            "level": "<3级"
          },
          "sunset": "日落 18:29"
        }
      }
    }
  ]
}
