{
  "timestamp": 1754222782056,
  "lastUpdate": "2025-08-03 20:06:22",
  "data": [
    {
      "id": "101010100",
      "province": "北京",
      "city": "北京",
      "realtime": {
        "nameen": "beijing",
        "cityname": "北京",
        "city": "101010100",
        "temp": "31.7",
        "tempf": "89.1",
        "WD": "东风",
        "wde": "E",
        "WS": "1级",
        "wse": "5km/h",
        "SD": "63%",
        "sd": "63%",
        "qy": "995",
        "njd": "20km",
        "time": "19:50",
        "rain": "0",
        "rain24h": "0",
        "aqi": "40",
        "aqi_pm25": "40",
        "weather": "多云",
        "weathere": "Cloudy",
        "weathercode": "d01",
        "limitnumber": "不限行",
        "date": "08月03日(星期日)"
      },
      "weather": {
        "day": {
          "date": "3日夜间",
          "weather": "雷阵雨",
          "temp": "25",
          "tempUnit": "°C",
          "wind": {
            "direction": "东北风",
            "directionCode": "NE",
            "level": "<3级"
          },
          "sunrise": "日落 19:26"
        },
        "night": {
          "date": "4日白天",
          "weather": "中雨",
          "temp": "28",
          "tempUnit": "°C",
          "wind": {
            "direction": "东南风",
            "directionCode": "SE",
            "level": "<3级"
          },
          "sunset": "日出 05:14"
        }
      }
    },
    {
      "id": "101020100",
      "province": "上海",
      "city": "上海",
      "realtime": {
        "nameen": "shanghai",
        "cityname": "上海",
        "city": "101020100",
        "temp": "32.3",
        "tempf": "90.1",
        "WD": "北风",
        "wde": "N",
        "WS": "1级",
        "wse": "1km/h",
        "SD": "69%",
        "sd": "69%",
        "qy": "999",
        "njd": "14km",
        "time": "19:55",
        "rain": "0",
        "rain24h": "0",
        "aqi": "40",
        "aqi_pm25": "40",
        "weather": "阴",
        "weathere": "Overcast",
        "weathercode": "d02",
        "limitnumber": "",
        "date": "08月03日(星期日)"
      },
      "weather": {
        "day": {
          "date": "3日夜间",
          "weather": "多云",
          "temp": "27",
          "tempUnit": "°C",
          "wind": {
            "direction": "南风",
            "directionCode": "S",
            "level": "<3级"
          },
          "sunrise": "日落 18:48"
        },
        "night": {
          "date": "4日白天",
          "weather": "多云",
          "temp": "34",
          "tempUnit": "°C",
          "wind": {
            "direction": "东南风",
            "directionCode": "SE",
            "level": "3-4级"
          },
          "sunset": "日出 05:12"
        }
      }
    },
    {
      "id": "101030100",
      "province": "天津",
      "city": "天津",
      "realtime": {
        "nameen": "tianjin",
        "cityname": "天津",
        "city": "101030100",
        "temp": "31.3",
        "tempf": "88.3",
        "WD": "东风",
        "wde": "E",
        "WS": "1级",
        "wse": "5km/h",
        "SD": "69%",
        "sd": "69%",
        "qy": "999",
        "njd": "17km",
        "time": "19:55",
        "rain": "0",
        "rain24h": "0",
        "aqi": "53",
        "aqi_pm25": "53",
        "weather": "多云",
        "weathere": "Cloudy",
        "weathercode": "d01",
        "limitnumber": "不限行",
        "date": "08月03日(星期日)"
      },
      "weather": {
        "day": {
          "date": "3日夜间",
          "weather": "多云",
          "temp": "26",
          "tempUnit": "°C",
          "wind": {
            "direction": "东风",
            "directionCode": "E",
            "level": "<3级"
          },
          "sunrise": "日落 19:21"
        },
        "night": {
          "date": "4日白天",
          "weather": "雷阵雨",
          "temp": "29",
          "tempUnit": "°C",
          "wind": {
            "direction": "东南风",
            "directionCode": "SE",
            "level": "<3级"
          },
          "sunset": "日出 05:13"
        }
      }
    },
    {
      "id": "101040100",
      "province": "重庆",
      "city": "重庆",
      "realtime": {
        "nameen": "chongqing",
        "cityname": "重庆",
        "city": "101040100",
        "temp": "39.1",
        "tempf": "102.4",
        "WD": "东风",
        "wde": "E",
        "WS": "2级",
        "wse": "5km/h",
        "SD": "35%",
        "sd": "35%",
        "qy": "963",
        "njd": "30km",
        "time": "19:55",
        "rain": "0",
        "rain24h": "0",
        "aqi": "47",
        "aqi_pm25": "47",
        "weather": "晴",
        "weathere": "Sunny",
        "weathercode": "d00",
        "limitnumber": "不限行",
        "date": "08月03日(星期日)"
      },
      "weather": {
        "day": {
          "date": "3日夜间",
          "weather": "晴",
          "temp": "31",
          "tempUnit": "°C",
          "wind": {
            "direction": "东南风",
            "directionCode": "SE",
            "level": "<3级"
          },
          "sunrise": "日落 19:45"
        },
        "night": {
          "date": "4日白天",
          "weather": "晴",
          "temp": "41",
          "tempUnit": "°C",
          "wind": {
            "direction": "东南风",
            "directionCode": "SE",
            "level": "<3级"
          },
          "sunset": "日出 06:14"
        }
      }
    },
    {
      "id": "101050101",
      "province": "黑龙江",
      "city": "哈尔滨",
      "realtime": {
        "nameen": "haerbin",
        "cityname": "哈尔滨",
        "city": "101050101",
        "temp": "22.4",
        "tempf": "72.3",
        "WD": "北风",
        "wde": "N",
        "WS": "1级",
        "wse": "4km/h",
        "SD": "79%",
        "sd": "79%",
        "qy": "988",
        "njd": "30km",
        "time": "19:55",
        "rain": "0",
        "rain24h": "0",
        "aqi": "17",
        "aqi_pm25": "17",
        "weather": "多云",
        "weathere": "Cloudy",
        "weathercode": "d01",
        "limitnumber": "",
        "date": "08月03日(星期日)"
      },
      "weather": {
        "day": {
          "date": "3日夜间",
          "weather": "晴",
          "temp": "17",
          "tempUnit": "°C",
          "wind": {
            "direction": "西北风",
            "directionCode": "NW",
            "level": "<3级"
          },
          "sunrise": "日落 19:00"
        },
        "night": {
          "date": "4日白天",
          "weather": "多云",
          "temp": "28",
          "tempUnit": "°C",
          "wind": {
            "direction": "西北风",
            "directionCode": "NW",
            "level": "<3级"
          },
          "sunset": "日出 04:19"
        }
      }
    },
    {
      "id": "101060101",
      "province": "吉林",
      "city": "长春",
      "realtime": {
        "nameen": "changchun",
        "cityname": "长春",
        "city": "101060101",
        "temp": "21.8",
        "tempf": "71.2",
        "WD": "西风",
        "wde": "W",
        "WS": "1级",
        "wse": "5km/h",
        "SD": "85%",
        "sd": "85%",
        "qy": "975",
        "njd": "24km",
        "time": "19:55",
        "rain": "0",
        "rain24h": "0",
        "aqi": "19",
        "aqi_pm25": "19",
        "weather": "多云",
        "weathere": "Cloudy",
        "weathercode": "d01",
        "limitnumber": "",
        "date": "08月03日(星期日)"
      },
      "weather": {
        "day": {
          "date": "3日夜间",
          "weather": "晴",
          "temp": "18",
          "tempUnit": "°C",
          "wind": {
            "direction": "东北风",
            "directionCode": "NE",
            "level": "<3级"
          },
          "sunrise": "日落 19:00"
        },
        "night": {
          "date": "4日白天",
          "weather": "晴",
          "temp": "28",
          "tempUnit": "°C",
          "wind": {
            "direction": "东北风",
            "directionCode": "NE",
            "level": "<3级"
          },
          "sunset": "日出 04:29"
        }
      }
    },
    {
      "id": "101070101",
      "province": "辽宁",
      "city": "沈阳",
      "realtime": {
        "nameen": "shenyang",
        "cityname": "沈阳",
        "city": "101070101",
        "temp": "25.3",
        "tempf": "77.5",
        "WD": "北风",
        "wde": "N",
        "WS": "2级",
        "wse": "7km/h",
        "SD": "80%",
        "sd": "80%",
        "qy": "996",
        "njd": "30km",
        "time": "19:55",
        "rain": "0",
        "rain24h": "0",
        "aqi": "22",
        "aqi_pm25": "22",
        "weather": "多云",
        "weathere": "Cloudy",
        "weathercode": "d01",
        "limitnumber": "",
        "date": "08月03日(星期日)"
      },
      "weather": {
        "day": {
          "date": "3日夜间",
          "weather": "多云",
          "temp": "20",
          "tempUnit": "°C",
          "wind": {
            "direction": "东北风",
            "directionCode": "NE",
            "level": "<3级"
          },
          "sunrise": "日落 19:02"
        },
        "night": {
          "date": "4日白天",
          "weather": "多云",
          "temp": "30",
          "tempUnit": "°C",
          "wind": {
            "direction": "东北风",
            "directionCode": "NE",
            "level": "3-4级"
          },
          "sunset": "日出 04:42"
        }
      }
    },
    {
      "id": "101080101",
      "province": "内蒙古",
      "city": "呼和浩特",
      "realtime": {
        "nameen": "huhehaote",
        "cityname": "呼和浩特",
        "city": "101080101",
        "temp": "26.7",
        "tempf": "80.1",
        "WD": "北风",
        "wde": "N",
        "WS": "1级",
        "wse": "3km/h",
        "SD": "58%",
        "sd": "58%",
        "qy": "887",
        "njd": "30km",
        "time": "19:55",
        "rain": "0",
        "rain24h": "0",
        "aqi": "34",
        "aqi_pm25": "34",
        "weather": "阴",
        "weathere": "Overcast",
        "weathercode": "d02",
        "limitnumber": "",
        "date": "08月03日(星期日)"
      },
      "weather": {
        "day": {
          "date": "3日夜间",
          "weather": "小雨",
          "temp": "21",
          "tempUnit": "°C",
          "wind": {
            "direction": "南风",
            "directionCode": "S",
            "level": "3-4级"
          },
          "sunrise": "日落 19:47"
        },
        "night": {
          "date": "4日白天",
          "weather": "中雨",
          "temp": "30",
          "tempUnit": "°C",
          "wind": {
            "direction": "南风",
            "directionCode": "S",
            "level": "<3级"
          },
          "sunset": "日出 05:31"
        }
      }
    },
    {
      "id": "101090101",
      "province": "河北",
      "city": "石家庄",
      "realtime": {
        "nameen": "shijiazhuang",
        "cityname": "石家庄",
        "city": "101090101",
        "temp": "25.1",
        "tempf": "77.2",
        "WD": "西北风",
        "wde": "NW",
        "WS": "2级",
        "wse": "7km/h",
        "SD": "93%",
        "sd": "93%",
        "qy": "988",
        "njd": "10km",
        "time": "19:55",
        "rain": "6",
        "rain24h": "6",
        "aqi": "88",
        "aqi_pm25": "88",
        "weather": "雨",
        "weathere": null,
        "weathercode": "d301",
        "limitnumber": "",
        "date": "08月03日(星期日)"
      },
      "weather": {
        "day": {
          "date": "3日夜间",
          "weather": "大雨",
          "temp": "25",
          "tempUnit": "°C",
          "wind": {
            "direction": "西北风",
            "directionCode": "NW",
            "level": "<3级"
          },
          "sunrise": "日落 19:29"
        },
        "night": {
          "date": "4日白天",
          "weather": "大雨",
          "temp": "28",
          "tempUnit": "°C",
          "wind": {
            "direction": "北风",
            "directionCode": "N",
            "level": "<3级"
          },
          "sunset": "日出 05:26"
        }
      }
    },
    {
      "id": "101100101",
      "province": "山西",
      "city": "太原",
      "realtime": {
        "nameen": "taiyuan",
        "cityname": "太原",
        "city": "101100101",
        "temp": "30.2",
        "tempf": "86.4",
        "WD": "东北风",
        "wde": "NE",
        "WS": "2级",
        "wse": "11km/h",
        "SD": "64%",
        "sd": "64%",
        "qy": "914",
        "njd": "10km",
        "time": "19:55",
        "rain": "0",
        "rain24h": "0",
        "aqi": "44",
        "aqi_pm25": "44",
        "weather": "多云",
        "weathere": "Cloudy",
        "weathercode": "d01",
        "limitnumber": "",
        "date": "08月03日(星期日)"
      },
      "weather": {
        "day": {
          "date": "3日夜间",
          "weather": "小雨",
          "temp": "25",
          "tempUnit": "°C",
          "wind": {
            "direction": "东北风",
            "directionCode": "NE",
            "level": "<3级"
          },
          "sunrise": "日落 19:37"
        },
        "night": {
          "date": "4日白天",
          "weather": "小雨",
          "temp": "28",
          "tempUnit": "°C",
          "wind": {
            "direction": "北风",
            "directionCode": "N",
            "level": "<3级"
          },
          "sunset": "日出 05:34"
        }
      }
    },
    {
      "id": "101110101",
      "province": "陕西",
      "city": "西安",
      "realtime": {
        "nameen": "xian",
        "cityname": "西安",
        "city": "101110101",
        "temp": "37.5",
        "tempf": "99.5",
        "WD": "西南风",
        "wde": "SW",
        "WS": "1级",
        "wse": "2km/h",
        "SD": "32%",
        "sd": "32%",
        "qy": "949",
        "njd": "30km",
        "time": "19:50",
        "rain": "0",
        "rain24h": "0",
        "aqi": "40",
        "aqi_pm25": "40",
        "weather": "多云",
        "weathere": "Cloudy",
        "weathercode": "d01",
        "limitnumber": "不限行",
        "date": "08月03日(星期日)"
      },
      "weather": {
        "day": {
          "date": "3日夜间",
          "weather": "阴",
          "temp": "31",
          "tempUnit": "°C",
          "wind": {
            "direction": "无持续风向",
            "directionCode": "NNW",
            "level": "<3级"
          },
          "sunrise": "日落 19:44"
        },
        "night": {
          "date": "4日白天",
          "weather": "小雨",
          "temp": "40",
          "tempUnit": "°C",
          "wind": {
            "direction": "无持续风向",
            "directionCode": "NNW",
            "level": "<3级"
          },
          "sunset": "日出 05:56"
        }
      }
    },
    {
      "id": "101120101",
      "province": "山东",
      "city": "济南",
      "realtime": {
        "nameen": "jinan",
        "cityname": "济南",
        "city": "101120101",
        "temp": "32.2",
        "tempf": "90",
        "WD": "西北风",
        "wde": "NW",
        "WS": "2级",
        "wse": "8km/h",
        "SD": "64%",
        "sd": "64%",
        "qy": "979",
        "njd": "22km",
        "time": "19:55",
        "rain": "0",
        "rain24h": "0",
        "aqi": "48",
        "aqi_pm25": "48",
        "weather": "多云",
        "weathere": "Cloudy",
        "weathercode": "d01",
        "limitnumber": "",
        "date": "08月03日(星期日)"
      },
      "weather": {
        "day": {
          "date": "3日夜间",
          "weather": "多云",
          "temp": "27",
          "tempUnit": "°C",
          "wind": {
            "direction": "无持续风向",
            "directionCode": "NNW",
            "level": "<3级"
          },
          "sunrise": "日落 19:16"
        },
        "night": {
          "date": "4日白天",
          "weather": "雷阵雨",
          "temp": "34",
          "tempUnit": "°C",
          "wind": {
            "direction": "无持续风向",
            "directionCode": "NNW",
            "level": "<3级"
          },
          "sunset": "日出 05:19"
        }
      }
    },
    {
      "id": "101130101",
      "province": "新疆",
      "city": "乌鲁木齐",
      "realtime": {
        "nameen": "wulumuqi",
        "cityname": "乌鲁木齐",
        "city": "101130101",
        "temp": "26.6",
        "tempf": "79.9",
        "WD": "西北风",
        "wde": "NW",
        "WS": "2级",
        "wse": "11km/h",
        "SD": "33%",
        "sd": "33%",
        "qy": "903",
        "njd": "48km",
        "time": "19:55",
        "rain": "0",
        "rain24h": "0",
        "aqi": "37",
        "aqi_pm25": "37",
        "weather": "阴",
        "weathere": "Overcast",
        "weathercode": "d02",
        "limitnumber": "",
        "date": "08月03日(星期日)"
      },
      "weather": {
        "day": {
          "date": "3日夜间",
          "weather": "多云",
          "temp": "20",
          "tempUnit": "°C",
          "wind": {
            "direction": "西北风",
            "directionCode": "NW",
            "level": "3-4级"
          },
          "sunrise": "日落 21:31"
        },
        "night": {
          "date": "4日白天",
          "weather": "多云",
          "temp": "28",
          "tempUnit": "°C",
          "wind": {
            "direction": "西北风",
            "directionCode": "NW",
            "level": "3-4级"
          },
          "sunset": "日出 07:00"
        }
      }
    },
    {
      "id": "101140101",
      "province": "西藏",
      "city": "拉萨",
      "realtime": {
        "nameen": "lasa",
        "cityname": "拉萨",
        "city": "101140101",
        "temp": "22.8",
        "tempf": "73",
        "WD": "西风",
        "wde": "W",
        "WS": "1级",
        "wse": "1km/h",
        "SD": "44%",
        "sd": "44%",
        "qy": "652",
        "njd": "30km",
        "time": "19:55",
        "rain": "0",
        "rain24h": "0",
        "aqi": "29",
        "aqi_pm25": "29",
        "weather": "多云",
        "weathere": "Cloudy",
        "weathercode": "d01",
        "limitnumber": "",
        "date": "08月03日(星期日)"
      },
      "weather": {
        "day": {
          "date": "3日夜间",
          "weather": "阵雨",
          "temp": "14",
          "tempUnit": "°C",
          "wind": {
            "direction": "无持续风向",
            "directionCode": "NNW",
            "level": "<3级"
          },
          "sunrise": "日落 20:47"
        },
        "night": {
          "date": "4日白天",
          "weather": "阴",
          "temp": "25",
          "tempUnit": "°C",
          "wind": {
            "direction": "无持续风向",
            "directionCode": "NNW",
            "level": "<3级"
          },
          "sunset": "日出 07:16"
        }
      }
    },
    {
      "id": "101150101",
      "province": "青海",
      "city": "西宁",
      "realtime": {
        "nameen": "xining",
        "cityname": "西宁",
        "city": "101150101",
        "temp": "20.1",
        "tempf": "68.2",
        "WD": "北风",
        "wde": "N",
        "WS": "4级",
        "wse": "20km/h",
        "SD": "76%",
        "sd": "76%",
        "qy": "754",
        "njd": "30km",
        "time": "19:55",
        "rain": "0",
        "rain24h": "0",
        "aqi": "43",
        "aqi_pm25": "43",
        "weather": "多云",
        "weathere": "Cloudy",
        "weathercode": "d01",
        "limitnumber": "",
        "date": "08月03日(星期日)"
      },
      "weather": {
        "day": {
          "date": "3日夜间",
          "weather": "大雨",
          "temp": "13",
          "tempUnit": "°C",
          "wind": {
            "direction": "无持续风向",
            "directionCode": "NNW",
            "level": "<3级"
          },
          "sunrise": "日落 20:17"
        },
        "night": {
          "date": "4日白天",
          "weather": "小雨",
          "temp": "19",
          "tempUnit": "°C",
          "wind": {
            "direction": "无持续风向",
            "directionCode": "NNW",
            "level": "<3级"
          },
          "sunset": "日出 06:20"
        }
      }
    },
    {
      "id": "101160101",
      "province": "甘肃",
      "city": "兰州",
      "realtime": {
        "nameen": "lanzhou",
        "cityname": "兰州",
        "city": "101160101",
        "temp": "27.7",
        "tempf": "81.9",
        "WD": "东北风",
        "wde": "NE",
        "WS": "2级",
        "wse": "8km/h",
        "SD": "51%",
        "sd": "51%",
        "qy": "837",
        "njd": "30km",
        "time": "19:55",
        "rain": "0",
        "rain24h": "0",
        "aqi": "58",
        "aqi_pm25": "58",
        "weather": "多云",
        "weathere": "Cloudy",
        "weathercode": "d01",
        "limitnumber": "不限行",
        "date": "08月03日(星期日)"
      },
      "weather": {
        "day": {
          "date": "3日夜间",
          "weather": "大雨",
          "temp": "19",
          "tempUnit": "°C",
          "wind": {
            "direction": "无持续风向",
            "directionCode": "NNW",
            "level": "<3级"
          },
          "sunrise": "日落 20:08"
        },
        "night": {
          "date": "4日白天",
          "weather": "小雨",
          "temp": "24",
          "tempUnit": "°C",
          "wind": {
            "direction": "无持续风向",
            "directionCode": "NNW",
            "level": "<3级"
          },
          "sunset": "日出 06:13"
        }
      }
    },
    {
      "id": "101170101",
      "province": "宁夏",
      "city": "银川",
      "realtime": {
        "nameen": "yinchuan",
        "cityname": "银川",
        "city": "101170101",
        "temp": "25.3",
        "tempf": "77.5",
        "WD": "东北风",
        "wde": "NE",
        "WS": "2级",
        "wse": "7km/h",
        "SD": "80%",
        "sd": "80%",
        "qy": "879",
        "njd": "6km",
        "time": "19:55",
        "rain": "0.4",
        "rain24h": "0.4",
        "aqi": "54",
        "aqi_pm25": "54",
        "weather": "阴",
        "weathere": "Overcast",
        "weathercode": "d02",
        "limitnumber": "",
        "date": "08月03日(星期日)"
      },
      "weather": {
        "day": {
          "date": "3日夜间",
          "weather": "大雨",
          "temp": "22",
          "tempUnit": "°C",
          "wind": {
            "direction": "无持续风向",
            "directionCode": "NNW",
            "level": "<3级"
          },
          "sunrise": "日落 20:03"
        },
        "night": {
          "date": "4日白天",
          "weather": "小雨",
          "temp": "26",
          "tempUnit": "°C",
          "wind": {
            "direction": "无持续风向",
            "directionCode": "NNW",
            "level": "<3级"
          },
          "sunset": "日出 05:58"
        }
      }
    },
    {
      "id": "101180101",
      "province": "河南",
      "city": "郑州",
      "realtime": {
        "nameen": "zhengzhou",
        "cityname": "郑州",
        "city": "101180101",
        "temp": "34.5",
        "tempf": "94.1",
        "WD": "东南风",
        "wde": "SE",
        "WS": "2级",
        "wse": "9km/h",
        "SD": "52%",
        "sd": "52%",
        "qy": "984",
        "njd": "30km",
        "time": "19:55",
        "rain": "0",
        "rain24h": "0",
        "aqi": "47",
        "aqi_pm25": "47",
        "weather": "晴",
        "weathere": "Sunny",
        "weathercode": "d00",
        "limitnumber": "不限行",
        "date": "08月03日(星期日)"
      },
      "weather": {
        "day": {
          "date": "3日夜间",
          "weather": "晴",
          "temp": "30",
          "tempUnit": "°C",
          "wind": {
            "direction": "南风",
            "directionCode": "S",
            "level": "<3级"
          },
          "sunrise": "日落 19:26"
        },
        "night": {
          "date": "4日白天",
          "weather": "多云",
          "temp": "39",
          "tempUnit": "°C",
          "wind": {
            "direction": "东南风",
            "directionCode": "SE",
            "level": "<3级"
          },
          "sunset": "日出 05:36"
        }
      }
    },
    {
      "id": "101190101",
      "province": "江苏",
      "city": "南京",
      "realtime": {
        "nameen": "nanjing",
        "cityname": "南京",
        "city": "101190101",
        "temp": "30.8",
        "tempf": "87.4",
        "WD": "东风",
        "wde": "E",
        "WS": "1级",
        "wse": "2km/h",
        "SD": "72%",
        "sd": "72%",
        "qy": "995",
        "njd": "30km",
        "time": "19:50",
        "rain": "0",
        "rain24h": "0",
        "aqi": "30",
        "aqi_pm25": "30",
        "weather": "晴",
        "weathere": "Sunny",
        "weathercode": "d00",
        "limitnumber": "",
        "date": "08月03日(星期日)"
      },
      "weather": {
        "day": {
          "date": "3日夜间",
          "weather": "多云",
          "temp": "26",
          "tempUnit": "°C",
          "wind": {
            "direction": "东风",
            "directionCode": "E",
            "level": "3-4级"
          },
          "sunrise": "日落 19:00"
        },
        "night": {
          "date": "4日白天",
          "weather": "多云",
          "temp": "33",
          "tempUnit": "°C",
          "wind": {
            "direction": "东风",
            "directionCode": "E",
            "level": "3-4级"
          },
          "sunset": "日出 05:21"
        }
      }
    },
    {
      "id": "101200101",
      "province": "湖北",
      "city": "武汉",
      "realtime": {
        "nameen": "wuhan",
        "cityname": "武汉",
        "city": "101200101",
        "temp": "31.7",
        "tempf": "89.1",
        "WD": "北风",
        "wde": "N",
        "WS": "1级",
        "wse": "1km/h",
        "SD": "69%",
        "sd": "69%",
        "qy": "995",
        "njd": "11km",
        "time": "19:55",
        "rain": "0",
        "rain24h": "0",
        "aqi": "45",
        "aqi_pm25": "45",
        "weather": "多云",
        "weathere": "Cloudy",
        "weathercode": "d01",
        "limitnumber": "不限行",
        "date": "08月03日(星期日)"
      },
      "weather": {
        "day": {
          "date": "3日夜间",
          "weather": "晴",
          "temp": "31",
          "tempUnit": "°C",
          "wind": {
            "direction": "无持续风向",
            "directionCode": "NNW",
            "level": "<3级"
          },
          "sunrise": "日落 19:16"
        },
        "night": {
          "date": "4日白天",
          "weather": "小雨",
          "temp": "38",
          "tempUnit": "°C",
          "wind": {
            "direction": "无持续风向",
            "directionCode": "NNW",
            "level": "<3级"
          },
          "sunset": "日出 05:41"
        }
      }
    },
    {
      "id": "101210101",
      "province": "浙江",
      "city": "杭州",
      "realtime": {
        "nameen": "hangzhou",
        "cityname": "杭州",
        "city": "101210101",
        "temp": "31.9",
        "tempf": "89.4",
        "WD": "西风",
        "wde": "W",
        "WS": "3级",
        "wse": "12km/h",
        "SD": "70%",
        "sd": "70%",
        "qy": "994",
        "njd": "24km",
        "time": "19:55",
        "rain": "0",
        "rain24h": "0",
        "aqi": "28",
        "aqi_pm25": "28",
        "weather": "阴",
        "weathere": "Overcast",
        "weathercode": "d02",
        "limitnumber": "不限行",
        "date": "08月03日(星期日)"
      },
      "weather": {
        "day": {
          "date": "3日夜间",
          "weather": "小雨",
          "temp": "27",
          "tempUnit": "°C",
          "wind": {
            "direction": "西南风",
            "directionCode": "SW",
            "level": "<3级"
          },
          "sunrise": "日落 18:51"
        },
        "night": {
          "date": "4日白天",
          "weather": "小雨",
          "temp": "35",
          "tempUnit": "°C",
          "wind": {
            "direction": "东风",
            "directionCode": "E",
            "level": "<3级"
          },
          "sunset": "日出 05:18"
        }
      }
    },
    {
      "id": "101220101",
      "province": "安徽",
      "city": "合肥",
      "realtime": {
        "nameen": "hefei",
        "cityname": "合肥",
        "city": "101220101",
        "temp": "30.1",
        "tempf": "86.2",
        "WD": "东风",
        "wde": "E",
        "WS": "1级",
        "wse": "1km/h",
        "SD": "80%",
        "sd": "80%",
        "qy": "992",
        "njd": "30km",
        "time": "19:55",
        "rain": "0",
        "rain24h": "0",
        "aqi": "33",
        "aqi_pm25": "33",
        "weather": "多云",
        "weathere": "Cloudy",
        "weathercode": "d01",
        "limitnumber": "",
        "date": "08月03日(星期日)"
      },
      "weather": {
        "day": {
          "date": "3日夜间",
          "weather": "多云",
          "temp": "26",
          "tempUnit": "°C",
          "wind": {
            "direction": "东南风",
            "directionCode": "SE",
            "level": "<3级"
          },
          "sunrise": "日落 19:06"
        },
        "night": {
          "date": "4日白天",
          "weather": "小雨",
          "temp": "34",
          "tempUnit": "°C",
          "wind": {
            "direction": "东南风",
            "directionCode": "SE",
            "level": "3-4级"
          },
          "sunset": "日出 05:28"
        }
      }
    },
    {
      "id": "101230101",
      "province": "福建",
      "city": "福州",
      "realtime": {
        "nameen": "fuzhou",
        "cityname": "福州",
        "city": "101230101",
        "temp": "29.2",
        "tempf": "84.6",
        "WD": "西风",
        "wde": "W",
        "WS": "2级",
        "wse": "5km/h",
        "SD": "77%",
        "sd": "77%",
        "qy": "993",
        "njd": "30km",
        "time": "19:55",
        "rain": "0",
        "rain24h": "0",
        "aqi": "27",
        "aqi_pm25": "27",
        "weather": "阴",
        "weathere": "Overcast",
        "weathercode": "d02",
        "limitnumber": "",
        "date": "08月03日(星期日)"
      },
      "weather": {
        "day": {
          "date": "3日夜间",
          "weather": "雷阵雨",
          "temp": "27",
          "tempUnit": "°C",
          "wind": {
            "direction": "无持续风向",
            "directionCode": "NNW",
            "level": "<3级"
          },
          "sunrise": "日落 18:48"
        },
        "night": {
          "date": "4日白天",
          "weather": "雷阵雨",
          "temp": "34",
          "tempUnit": "°C",
          "wind": {
            "direction": "无持续风向",
            "directionCode": "NNW",
            "level": "<3级"
          },
          "sunset": "日出 05:29"
        }
      }
    },
    {
      "id": "101240101",
      "province": "江西",
      "city": "南昌",
      "realtime": {
        "nameen": "nanchang",
        "cityname": "南昌",
        "city": "101240101",
        "temp": "34.1",
        "tempf": "93.4",
        "WD": "西南风",
        "wde": "SW",
        "WS": "2级",
        "wse": "7km/h",
        "SD": "62%",
        "sd": "62%",
        "qy": "993",
        "njd": "27km",
        "time": "19:55",
        "rain": "0",
        "rain24h": "0",
        "aqi": "40",
        "aqi_pm25": "40",
        "weather": "阴",
        "weathere": "Overcast",
        "weathercode": "d02",
        "limitnumber": "",
        "date": "08月03日(星期日)"
      },
      "weather": {
        "day": {
          "date": "3日夜间",
          "weather": "多云",
          "temp": "29",
          "tempUnit": "°C",
          "wind": {
            "direction": "西风",
            "directionCode": "W",
            "level": "<3级"
          },
          "sunrise": "日落 19:06"
        },
        "night": {
          "date": "4日白天",
          "weather": "多云",
          "temp": "37",
          "tempUnit": "°C",
          "wind": {
            "direction": "西南风",
            "directionCode": "SW",
            "level": "<3级"
          },
          "sunset": "日出 05:39"
        }
      }
    },
    {
      "id": "101250101",
      "province": "湖南",
      "city": "长沙",
      "realtime": {
        "nameen": "changsha",
        "cityname": "长沙",
        "city": "101250101",
        "temp": "33.3",
        "tempf": "91.9",
        "WD": "西南风",
        "wde": "SW",
        "WS": "1级",
        "wse": "3km/h",
        "SD": "64%",
        "sd": "64%",
        "qy": "984",
        "njd": "18km",
        "time": "19:55",
        "rain": "0",
        "rain24h": "0",
        "aqi": "41",
        "aqi_pm25": "41",
        "weather": "阴",
        "weathere": "Overcast",
        "weathercode": "d02",
        "limitnumber": "",
        "date": "08月03日(星期日)"
      },
      "weather": {
        "day": {
          "date": "3日夜间",
          "weather": "晴",
          "temp": "27",
          "tempUnit": "°C",
          "wind": {
            "direction": "南风",
            "directionCode": "S",
            "level": "<3级"
          },
          "sunrise": "日落 19:17"
        },
        "night": {
          "date": "4日白天",
          "weather": "小雨",
          "temp": "37",
          "tempUnit": "°C",
          "wind": {
            "direction": "东南风",
            "directionCode": "SE",
            "level": "<3级"
          },
          "sunset": "日出 05:51"
        }
      }
    },
    {
      "id": "101260101",
      "province": "贵州",
      "city": "贵阳",
      "realtime": {
        "nameen": "guiyang",
        "cityname": "贵阳",
        "city": "101260101",
        "temp": "28.6",
        "tempf": "83.5",
        "WD": "东南风",
        "wde": "SE",
        "WS": "2级",
        "wse": "10km/h",
        "SD": "64%",
        "sd": "64%",
        "qy": "868",
        "njd": "22km",
        "time": "19:55",
        "rain": "0",
        "rain24h": "0",
        "aqi": "29",
        "aqi_pm25": "29",
        "weather": "晴",
        "weathere": "Sunny",
        "weathercode": "d00",
        "limitnumber": null,
        "date": "08月03日(星期日)"
      },
      "weather": {
        "day": {
          "date": "3日夜间",
          "weather": "多云",
          "temp": "22",
          "tempUnit": "°C",
          "wind": {
            "direction": "南风",
            "directionCode": "S",
            "level": "<3级"
          },
          "sunrise": "日落 19:39"
        },
        "night": {
          "date": "4日白天",
          "weather": "多云",
          "temp": "32",
          "tempUnit": "°C",
          "wind": {
            "direction": "南风",
            "directionCode": "S",
            "level": "<3级"
          },
          "sunset": "日出 06:19"
        }
      }
    },
    {
      "id": "101270101",
      "province": "四川",
      "city": "成都",
      "realtime": {
        "nameen": "chengdu",
        "cityname": "成都",
        "city": "101270101",
        "temp": "34.9",
        "tempf": "94.8",
        "WD": "北风",
        "wde": "N",
        "WS": "1级",
        "wse": "2km/h",
        "SD": "46%",
        "sd": "46%",
        "qy": "939",
        "njd": "23km",
        "time": "19:55",
        "rain": "0",
        "rain24h": "0",
        "aqi": "74",
        "aqi_pm25": "74",
        "weather": "多云",
        "weathere": "Cloudy",
        "weathercode": "d01",
        "limitnumber": "不限行",
        "date": "08月03日(星期日)"
      },
      "weather": {
        "day": {
          "date": "3日夜间",
          "weather": "阴",
          "temp": "26",
          "tempUnit": "°C",
          "wind": {
            "direction": "无持续风向",
            "directionCode": "NNW",
            "level": "<3级"
          },
          "sunrise": "日落 19:57"
        },
        "night": {
          "date": "4日白天",
          "weather": "阴",
          "temp": "41",
          "tempUnit": "°C",
          "wind": {
            "direction": "无持续风向",
            "directionCode": "NNW",
            "level": "<3级"
          },
          "sunset": "日出 06:22"
        }
      }
    },
    {
      "id": "101280101",
      "province": "广东",
      "city": "广州",
      "realtime": {
        "nameen": "guangzhou",
        "cityname": "广州",
        "city": "101280101",
        "temp": "25.7",
        "tempf": "78.3",
        "WD": "东风",
        "wde": "E",
        "WS": "1级",
        "wse": "1km/h",
        "SD": "100%",
        "sd": "100%",
        "qy": "999",
        "njd": "6km",
        "time": "19:55",
        "rain": "0.6",
        "rain24h": "0.6",
        "aqi": "22",
        "aqi_pm25": "22",
        "weather": "阴",
        "weathere": "Overcast",
        "weathercode": "d02",
        "limitnumber": "不限行",
        "date": "08月03日(星期日)"
      },
      "weather": {
        "day": {
          "date": "3日夜间",
          "weather": "暴雨",
          "temp": "25",
          "tempUnit": "°C",
          "wind": {
            "direction": "无持续风向",
            "directionCode": "NNW",
            "level": "<3级"
          },
          "sunrise": "日落 19:07"
        },
        "night": {
          "date": "4日白天",
          "weather": "暴雨",
          "temp": "29",
          "tempUnit": "°C",
          "wind": {
            "direction": "无持续风向",
            "directionCode": "NNW",
            "level": "<3级"
          },
          "sunset": "日出 05:58"
        }
      }
    },
    {
      "id": "101290101",
      "province": "云南",
      "city": "昆明",
      "realtime": {
        "nameen": "kunming",
        "cityname": "昆明",
        "city": "101290101",
        "temp": "24.8",
        "tempf": "76.6",
        "WD": "西南风",
        "wde": "SW",
        "WS": "1级",
        "wse": "4km/h",
        "SD": "66%",
        "sd": "66%",
        "qy": "805",
        "njd": "30km",
        "time": "19:55",
        "rain": "0",
        "rain24h": "0",
        "aqi": "28",
        "aqi_pm25": "28",
        "weather": "晴",
        "weathere": "Sunny",
        "weathercode": "d00",
        "limitnumber": "",
        "date": "08月03日(星期日)"
      },
      "weather": {
        "day": {
          "date": "3日夜间",
          "weather": "多云",
          "temp": "18",
          "tempUnit": "°C",
          "wind": {
            "direction": "无持续风向",
            "directionCode": "NNW",
            "level": "<3级"
          },
          "sunrise": "日落 19:52"
        },
        "night": {
          "date": "4日白天",
          "weather": "阵雨",
          "temp": "29",
          "tempUnit": "°C",
          "wind": {
            "direction": "无持续风向",
            "directionCode": "NNW",
            "level": "<3级"
          },
          "sunset": "日出 06:37"
        }
      }
    },
    {
      "id": "101300101",
      "province": "广西",
      "city": "南宁",
      "realtime": {
        "nameen": "nanning",
        "cityname": "南宁",
        "city": "101300101",
        "temp": "30.6",
        "tempf": "87.1",
        "WD": "东南风",
        "wde": "SE",
        "WS": "2级",
        "wse": "8km/h",
        "SD": "80%",
        "sd": "80%",
        "qy": "982",
        "njd": "20km",
        "time": "19:50",
        "rain": "0",
        "rain24h": "0",
        "aqi": "29",
        "aqi_pm25": "29",
        "weather": "多云",
        "weathere": "Cloudy",
        "weathercode": "d01",
        "limitnumber": "",
        "date": "08月03日(星期日)"
      },
      "weather": {
        "day": {
          "date": "3日夜间",
          "weather": "阵雨",
          "temp": "26",
          "tempUnit": "°C",
          "wind": {
            "direction": "南风",
            "directionCode": "S",
            "level": "<3级"
          },
          "sunrise": "日落 19:27"
        },
        "night": {
          "date": "4日白天",
          "weather": "阵雨",
          "temp": "31",
          "tempUnit": "°C",
          "wind": {
            "direction": "南风",
            "directionCode": "S",
            "level": "<3级"
          },
          "sunset": "日出 06:18"
        }
      }
    },
    {
      "id": "101310101",
      "province": "海南",
      "city": "海口",
      "realtime": {
        "nameen": "haikou",
        "cityname": "海口",
        "city": "101310101",
        "temp": "32.4",
        "tempf": "90.3",
        "WD": "西南风",
        "wde": "SW",
        "WS": "2级",
        "wse": "6km/h",
        "SD": "62%",
        "sd": "62%",
        "qy": "994",
        "njd": "30km",
        "time": "19:55",
        "rain": "0",
        "rain24h": "0",
        "aqi": "32",
        "aqi_pm25": "32",
        "weather": "阴",
        "weathere": "Overcast",
        "weathercode": "d02",
        "limitnumber": "",
        "date": "08月03日(星期日)"
      },
      "weather": {
        "day": {
          "date": "3日夜间",
          "weather": "多云",
          "temp": "27",
          "tempUnit": "°C",
          "wind": {
            "direction": "无持续风向",
            "directionCode": "NNW",
            "level": "<3级"
          },
          "sunrise": "日落 19:15"
        },
        "night": {
          "date": "4日白天",
          "weather": "多云",
          "temp": "35",
          "tempUnit": "°C",
          "wind": {
            "direction": "无持续风向",
            "directionCode": "NNW",
            "level": "<3级"
          },
          "sunset": "日出 06:14"
        }
      }
    },
    {
      "id": "101320101",
      "province": "香港",
      "city": "香港",
      "realtime": {
        "nameen": "hongkong",
        "cityname": "香港",
        "city": "101320101",
        "temp": "29",
        "tempf": "84.2",
        "WD": "微风",
        "wde": "NWW",
        "WS": "3级",
        "wse": "12km/h",
        "SD": "96%",
        "sd": "96%",
        "qy": "999",
        "njd": "5km",
        "time": "20:00",
        "rain": "0",
        "rain24h": "0",
        "aqi": "41",
        "aqi_pm25": "41",
        "weather": "阴",
        "weathere": "Overcast",
        "weathercode": "d02",
        "limitnumber": "",
        "date": "08月03日(星期日)"
      },
      "weather": {
        "day": {
          "date": "3日夜间",
          "weather": "大雨",
          "temp": "26",
          "tempUnit": "°C",
          "wind": {
            "direction": "西南风",
            "directionCode": "SW",
            "level": "4-5级"
          },
          "sunrise": "日落 19:03"
        },
        "night": {
          "date": "4日白天",
          "weather": "大雨",
          "temp": "29",
          "tempUnit": "°C",
          "wind": {
            "direction": "西南风",
            "directionCode": "SW",
            "level": "4-5级"
          },
          "sunset": "日出 05:56"
        }
      }
    },
    {
      "id": "101330101",
      "province": "澳门",
      "city": "澳门",
      "realtime": {
        "nameen": "macao",
        "cityname": "澳门",
        "city": "101330101",
        "temp": "29.7",
        "tempf": "85.5",
        "WD": "微风",
        "wde": "NWW",
        "WS": "2级",
        "wse": "5km/h",
        "SD": "89%",
        "sd": "89%",
        "qy": "1006",
        "njd": "18km",
        "time": "20:00",
        "rain": "0",
        "rain24h": "0",
        "aqi": "35",
        "aqi_pm25": "35",
        "weather": "阴",
        "weathere": "Overcast",
        "weathercode": "d02",
        "limitnumber": "",
        "date": "08月03日(星期日)"
      },
      "weather": {
        "day": {
          "date": "3日夜间",
          "weather": "暴雨",
          "temp": "26",
          "tempUnit": "°C",
          "wind": {
            "direction": "西南风",
            "directionCode": "SW",
            "level": "3-4级"
          },
          "sunrise": "日落 19:05"
        },
        "night": {
          "date": "4日白天",
          "weather": "大雨",
          "temp": "30",
          "tempUnit": "°C",
          "wind": {
            "direction": "无持续风向",
            "directionCode": "NNW",
            "level": "<3级"
          },
          "sunset": "日出 05:58"
        }
      }
    },
    {
      "id": "101340101",
      "province": "台湾",
      "city": "台北",
      "realtime": {
        "nameen": "taibeixian",
        "cityname": "台北",
        "city": "101340101",
        "temp": "25.4",
        "tempf": "77.7",
        "WD": "微风",
        "wde": "NWW",
        "WS": "1级",
        "wse": "1km/h",
        "SD": "93%",
        "sd": "93%",
        "qy": "1007",
        "njd": "3km",
        "time": "20:00",
        "rain": "0",
        "rain24h": "0",
        "aqi": "41",
        "aqi_pm25": "41",
        "weather": "阴",
        "weathere": "Overcast",
        "weathercode": "d02",
        "limitnumber": "",
        "date": "08月03日(星期日)"
      },
      "weather": {
        "day": {
          "date": "3日夜间",
          "weather": "阴",
          "temp": "26",
          "tempUnit": "°C",
          "wind": {
            "direction": "无持续风向",
            "directionCode": "NNW",
            "level": "<3级"
          },
          "sunrise": "日落 18:37"
        },
        "night": {
          "date": "4日白天",
          "weather": "中雨",
          "temp": "29",
          "tempUnit": "°C",
          "wind": {
            "direction": "无持续风向",
            "directionCode": "NNW",
            "level": "<3级"
          },
          "sunset": "日出 05:22"
        }
      }
    }
  ]
}
