{
  "timestamp": 1764489880798,
  "lastUpdate": "2025-11-30 16:04:40",
  "data": [
    {
      "id": "101010100",
      "province": "北京",
      "city": "北京",
      "realtime": {
        "nameen": "beijing",
        "cityname": "北京",
        "city": "101010100",
        "temp": "8.7",
        "tempf": "47.7",
        "WD": "西北风",
        "wde": "NW",
        "WS": "4级",
        "wse": "25km/h",
        "SD": "11%",
        "sd": "11%",
        "qy": "1015",
        "njd": "19km",
        "time": "15:50",
        "rain": "0",
        "rain24h": "0",
        "aqi": "69",
        "aqi_pm25": "69",
        "weather": "晴",
        "weathere": "Sunny",
        "weathercode": "d00",
        "limitnumber": "不限行",
        "date": "11月30日(星期日)"
      },
      "weather": {
        "day": {
          "date": "30日白天",
          "weather": "晴",
          "temp": "10",
          "tempUnit": "°C",
          "wind": {
            "direction": "西北风",
            "directionCode": "NW",
            "level": "3-4级"
          },
          "sunrise": "日出 07:15"
        },
        "night": {
          "date": "30日夜间",
          "weather": "多云",
          "temp": "-3",
          "tempUnit": "°C",
          "wind": {
            "direction": "西北风",
            "directionCode": "NW",
            "level": "<3级"
          },
          "sunset": "日落 16:50"
        }
      }
    },
    {
      "id": "101020100",
      "province": "上海",
      "city": "上海",
      "realtime": {
        "nameen": "shanghai",
        "cityname": "上海",
        "city": "101020100",
        "temp": "19.6",
        "tempf": "67.3",
        "WD": "北风",
        "wde": "N",
        "WS": "0级",
        "wse": "0km/h",
        "SD": "35%",
        "sd": "35%",
        "qy": "1015",
        "njd": "15km",
        "time": "15:50",
        "rain": "0",
        "rain24h": "0",
        "aqi": "64",
        "aqi_pm25": "64",
        "weather": "晴",
        "weathere": "Sunny",
        "weathercode": "d00",
        "limitnumber": "",
        "date": "11月30日(星期日)"
      },
      "weather": {
        "day": {
          "date": "30日白天",
          "weather": "晴",
          "temp": "22",
          "tempUnit": "°C",
          "wind": {
            "direction": "南风",
            "directionCode": "S",
            "level": "<3级"
          },
          "sunrise": "日出 06:34"
        },
        "night": {
          "date": "30日夜间",
          "weather": "多云",
          "temp": "11",
          "tempUnit": "°C",
          "wind": {
            "direction": "东北风",
            "directionCode": "NE",
            "level": "<3级"
          },
          "sunset": "日落 16:51"
        }
      }
    },
    {
      "id": "101030100",
      "province": "天津",
      "city": "天津",
      "realtime": {
        "nameen": "tianjin",
        "cityname": "天津",
        "city": "101030100",
        "temp": "9.8",
        "tempf": "49.6",
        "WD": "西北风",
        "wde": "NW",
        "WS": "3级",
        "wse": "18km/h",
        "SD": "13%",
        "sd": "13%",
        "qy": "1018",
        "njd": "24km",
        "time": "15:50",
        "rain": "0",
        "rain24h": "0",
        "aqi": "73",
        "aqi_pm25": "73",
        "weather": "晴",
        "weathere": "Sunny",
        "weathercode": "d00",
        "limitnumber": "不限行",
        "date": "11月30日(星期日)"
      },
      "weather": {
        "day": {
          "date": "30日白天",
          "weather": "多云",
          "temp": "12",
          "tempUnit": "°C",
          "wind": {
            "direction": "西风",
            "directionCode": "W",
            "level": "4-5级"
          },
          "sunrise": "日出 07:10"
        },
        "night": {
          "date": "30日夜间",
          "weather": "晴",
          "temp": "-1",
          "tempUnit": "°C",
          "wind": {
            "direction": "西北风",
            "directionCode": "NW",
            "level": "4-5级"
          },
          "sunset": "日落 16:49"
        }
      }
    },
    {
      "id": "101040100",
      "province": "重庆",
      "city": "重庆",
      "realtime": {
        "nameen": "chongqing",
        "cityname": "重庆",
        "city": "101040100",
        "temp": "17.8",
        "tempf": "64",
        "WD": "西风",
        "wde": "W",
        "WS": "2级",
        "wse": "7km/h",
        "SD": "55%",
        "sd": "55%",
        "qy": "985",
        "njd": "6km",
        "time": "15:45",
        "rain": "0",
        "rain24h": "0",
        "aqi": "99",
        "aqi_pm25": "99",
        "weather": "霾",
        "weathere": "haze",
        "weathercode": "d53",
        "limitnumber": "不限行",
        "date": "11月30日(星期日)"
      },
      "weather": {
        "day": {
          "date": "30日白天",
          "weather": "多云",
          "temp": "18",
          "tempUnit": "°C",
          "wind": {
            "direction": "西南风",
            "directionCode": "SW",
            "level": "<3级"
          },
          "sunrise": "日出 07:30"
        },
        "night": {
          "date": "30日夜间",
          "weather": "多云",
          "temp": "9",
          "tempUnit": "°C",
          "wind": {
            "direction": "东北风",
            "directionCode": "NE",
            "level": "<3级"
          },
          "sunset": "日落 17:54"
        }
      }
    },
    {
      "id": "101050101",
      "province": "黑龙江",
      "city": "哈尔滨",
      "realtime": {
        "nameen": "haerbin",
        "cityname": "哈尔滨",
        "city": "101050101",
        "temp": "-7.4",
        "tempf": "18.7",
        "WD": "西风",
        "wde": "W",
        "WS": "2级",
        "wse": "8km/h",
        "SD": "57%",
        "sd": "57%",
        "qy": "1003",
        "njd": "30km",
        "time": "15:50",
        "rain": "0",
        "rain24h": "0",
        "aqi": "38",
        "aqi_pm25": "38",
        "weather": "晴",
        "weathere": "Sunny",
        "weathercode": "d00",
        "limitnumber": "",
        "date": "11月30日(星期日)"
      },
      "weather": {
        "day": {
          "date": "30日白天",
          "weather": "晴",
          "temp": "-5",
          "tempUnit": "°C",
          "wind": {
            "direction": "西风",
            "directionCode": "W",
            "level": "3-4级"
          },
          "sunrise": "日出 06:53"
        },
        "night": {
          "date": "30日夜间",
          "weather": "晴",
          "temp": "-15",
          "tempUnit": "°C",
          "wind": {
            "direction": "西风",
            "directionCode": "W",
            "level": "<3级"
          },
          "sunset": "日落 15:51"
        }
      }
    },
    {
      "id": "101060101",
      "province": "吉林",
      "city": "长春",
      "realtime": {
        "nameen": "changchun",
        "cityname": "长春",
        "city": "101060101",
        "temp": "-3.9",
        "tempf": "25",
        "WD": "北风",
        "wde": "N",
        "WS": "2级",
        "wse": "11km/h",
        "SD": "50%",
        "sd": "50%",
        "qy": "987",
        "njd": "14km",
        "time": "15:50",
        "rain": "0",
        "rain24h": "0",
        "aqi": "48",
        "aqi_pm25": "48",
        "weather": "阴",
        "weathere": "Overcast",
        "weathercode": "d02",
        "limitnumber": "",
        "date": "11月30日(星期日)"
      },
      "weather": {
        "day": {
          "date": "30日白天",
          "weather": "多云",
          "temp": "-3",
          "tempUnit": "°C",
          "wind": {
            "direction": "北风",
            "directionCode": "N",
            "level": "<3级"
          },
          "sunrise": "日出 06:51"
        },
        "night": {
          "date": "30日夜间",
          "weather": "晴",
          "temp": "-10",
          "tempUnit": "°C",
          "wind": {
            "direction": "西风",
            "directionCode": "W",
            "level": "<3级"
          },
          "sunset": "日落 16:03"
        }
      }
    },
    {
      "id": "101070101",
      "province": "辽宁",
      "city": "沈阳",
      "realtime": {
        "nameen": "shenyang",
        "cityname": "沈阳",
        "city": "101070101",
        "temp": "-0.7",
        "tempf": "30.7",
        "WD": "北风",
        "wde": "N",
        "WS": "3级",
        "wse": "12km/h",
        "SD": "66%",
        "sd": "66%",
        "qy": "1010",
        "njd": "27km",
        "time": "15:50",
        "rain": "0",
        "rain24h": "0",
        "aqi": "59",
        "aqi_pm25": "59",
        "weather": "多云",
        "weathere": "Cloudy",
        "weathercode": "d01",
        "limitnumber": "",
        "date": "11月30日(星期日)"
      },
      "weather": {
        "day": {
          "date": "30日白天",
          "weather": "阵雪",
          "temp": "2",
          "tempUnit": "°C",
          "wind": {
            "direction": "北风",
            "directionCode": "N",
            "level": "3-4级"
          },
          "sunrise": "日出 06:52"
        },
        "night": {
          "date": "30日夜间",
          "weather": "多云",
          "temp": "-11",
          "tempUnit": "°C",
          "wind": {
            "direction": "西南风",
            "directionCode": "SW",
            "level": "<3级"
          },
          "sunset": "日落 16:17"
        }
      }
    },
    {
      "id": "101080101",
      "province": "内蒙古",
      "city": "呼和浩特",
      "realtime": {
        "nameen": "huhehaote",
        "cityname": "呼和浩特",
        "city": "101080101",
        "temp": "-1.8",
        "tempf": "28.8",
        "WD": "西北风",
        "wde": "NW",
        "WS": "2级",
        "wse": "8km/h",
        "SD": "31%",
        "sd": "31%",
        "qy": "901",
        "njd": "30km",
        "time": "15:50",
        "rain": "0",
        "rain24h": "0",
        "aqi": "54",
        "aqi_pm25": "54",
        "weather": "晴",
        "weathere": "Sunny",
        "weathercode": "d00",
        "limitnumber": "",
        "date": "11月30日(星期日)"
      },
      "weather": {
        "day": {
          "date": "30日白天",
          "weather": "晴",
          "temp": "0",
          "tempUnit": "°C",
          "wind": {
            "direction": "西北风",
            "directionCode": "NW",
            "level": "4-5级"
          },
          "sunrise": "日出 07:36"
        },
        "night": {
          "date": "30日夜间",
          "weather": "晴",
          "temp": "-11",
          "tempUnit": "°C",
          "wind": {
            "direction": "西北风",
            "directionCode": "NW",
            "level": "3-4级"
          },
          "sunset": "日落 17:06"
        }
      }
    },
    {
      "id": "101090101",
      "province": "河北",
      "city": "石家庄",
      "realtime": {
        "nameen": "shijiazhuang",
        "cityname": "石家庄",
        "city": "101090101",
        "temp": "13.6",
        "tempf": "56.5",
        "WD": "西北风",
        "wde": "NW",
        "WS": "3级",
        "wse": "13km/h",
        "SD": "6%",
        "sd": "6%",
        "qy": "1007",
        "njd": "10km",
        "time": "15:50",
        "rain": "0",
        "rain24h": "0",
        "aqi": "170",
        "aqi_pm25": "170",
        "weather": "晴",
        "weathere": "Sunny",
        "weathercode": "d00",
        "limitnumber": "",
        "date": "11月30日(星期日)"
      },
      "weather": {
        "day": {
          "date": "30日白天",
          "weather": "晴",
          "temp": "16",
          "tempUnit": "°C",
          "wind": {
            "direction": "西北风",
            "directionCode": "NW",
            "level": "3-4级"
          },
          "sunrise": "日出 07:18"
        },
        "night": {
          "date": "30日夜间",
          "weather": "晴",
          "temp": "-1",
          "tempUnit": "°C",
          "wind": {
            "direction": "东南风",
            "directionCode": "SE",
            "level": "<3级"
          },
          "sunset": "日落 17:02"
        }
      }
    },
    {
      "id": "101100101",
      "province": "山西",
      "city": "太原",
      "realtime": {
        "nameen": "taiyuan",
        "cityname": "太原",
        "city": "101100101",
        "temp": "7.4",
        "tempf": "45.3",
        "WD": "西北风",
        "wde": "NW",
        "WS": "2级",
        "wse": "8km/h",
        "SD": "8%",
        "sd": "8%",
        "qy": "930",
        "njd": "28km",
        "time": "15:45",
        "rain": "0",
        "rain24h": "0",
        "aqi": "87",
        "aqi_pm25": "87",
        "weather": "晴",
        "weathere": "Sunny",
        "weathercode": "d00",
        "limitnumber": "",
        "date": "11月30日(星期日)"
      },
      "weather": {
        "day": {
          "date": "30日白天",
          "weather": "晴",
          "temp": "7",
          "tempUnit": "°C",
          "wind": {
            "direction": "西北风",
            "directionCode": "NW",
            "level": "4-5级"
          },
          "sunrise": "日出 07:25"
        },
        "night": {
          "date": "30日夜间",
          "weather": "晴",
          "temp": "-7",
          "tempUnit": "°C",
          "wind": {
            "direction": "西北风",
            "directionCode": "NW",
            "level": "<3级"
          },
          "sunset": "日落 17:11"
        }
      }
    },
    {
      "id": "101110101",
      "province": "陕西",
      "city": "西安",
      "realtime": {
        "nameen": "xian",
        "cityname": "西安",
        "city": "101110101",
        "temp": "17.1",
        "tempf": "62.8",
        "WD": "东北风",
        "wde": "NE",
        "WS": "1级",
        "wse": "4km/h",
        "SD": "6%",
        "sd": "6%",
        "qy": "973",
        "njd": "27km",
        "time": "15:45",
        "rain": "0",
        "rain24h": "0",
        "aqi": "56",
        "aqi_pm25": "56",
        "weather": "晴",
        "weathere": "Sunny",
        "weathercode": "d00",
        "limitnumber": "不限行",
        "date": "11月30日(星期日)"
      },
      "weather": {
        "day": {
          "date": "30日白天",
          "weather": "晴",
          "temp": "18",
          "tempUnit": "°C",
          "wind": {
            "direction": "无持续风向",
            "directionCode": "NNW",
            "level": "<3级"
          },
          "sunrise": "日出 07:31"
        },
        "night": {
          "date": "30日夜间",
          "weather": "晴",
          "temp": "1",
          "tempUnit": "°C",
          "wind": {
            "direction": "无持续风向",
            "directionCode": "NNW",
            "level": "<3级"
          },
          "sunset": "日落 17:34"
        }
      }
    },
    {
      "id": "101120101",
      "province": "山东",
      "city": "济南",
      "realtime": {
        "nameen": "jinan",
        "cityname": "济南",
        "city": "101120101",
        "temp": "13.5",
        "tempf": "56.3",
        "WD": "东北风",
        "wde": "NE",
        "WS": "2级",
        "wse": "8km/h",
        "SD": "22%",
        "sd": "22%",
        "qy": "997",
        "njd": "9km",
        "time": "15:50",
        "rain": "0",
        "rain24h": "0",
        "aqi": "133",
        "aqi_pm25": "133",
        "weather": "晴",
        "weathere": "Sunny",
        "weathercode": "d00",
        "limitnumber": "",
        "date": "11月30日(星期日)"
      },
      "weather": {
        "day": {
          "date": "30日白天",
          "weather": "晴",
          "temp": "17",
          "tempUnit": "°C",
          "wind": {
            "direction": "无持续风向",
            "directionCode": "NNW",
            "level": "<3级"
          },
          "sunrise": "日出 07:04"
        },
        "night": {
          "date": "30日夜间",
          "weather": "晴",
          "temp": "1",
          "tempUnit": "°C",
          "wind": {
            "direction": "无持续风向",
            "directionCode": "NNW",
            "level": "<3级"
          },
          "sunset": "日落 16:56"
        }
      }
    },
    {
      "id": "101130101",
      "province": "新疆",
      "city": "乌鲁木齐",
      "realtime": {
        "nameen": "wulumuqi",
        "cityname": "乌鲁木齐",
        "city": "101130101",
        "temp": "-2.7",
        "tempf": "27.1",
        "WD": "东风",
        "wde": "E",
        "WS": "2级",
        "wse": "10km/h",
        "SD": "70%",
        "sd": "70%",
        "qy": "914",
        "njd": "8km",
        "time": "15:50",
        "rain": "0",
        "rain24h": "0",
        "aqi": "54",
        "aqi_pm25": "54",
        "weather": "晴",
        "weathere": "Sunny",
        "weathercode": "d00",
        "limitnumber": "",
        "date": "11月30日(星期日)"
      },
      "weather": {
        "day": {
          "date": "30日白天",
          "weather": "多云",
          "temp": "-3",
          "tempUnit": "°C",
          "wind": {
            "direction": "北风",
            "directionCode": "N",
            "level": "<3级"
          },
          "sunrise": "日出 09:22"
        },
        "night": {
          "date": "30日夜间",
          "weather": "多云",
          "temp": "-8",
          "tempUnit": "°C",
          "wind": {
            "direction": "北风",
            "directionCode": "N",
            "level": "<3级"
          },
          "sunset": "日落 18:33"
        }
      }
    },
    {
      "id": "101140101",
      "province": "西藏",
      "city": "拉萨",
      "realtime": {
        "nameen": "lasa",
        "cityname": "拉萨",
        "city": "101140101",
        "temp": "11.4",
        "tempf": "52.5",
        "WD": "南风",
        "wde": "S",
        "WS": "1级",
        "wse": "3km/h",
        "SD": "9%",
        "sd": "9%",
        "qy": "654",
        "njd": "24km",
        "time": "15:50",
        "rain": "0",
        "rain24h": "0",
        "aqi": "29",
        "aqi_pm25": "29",
        "weather": "晴",
        "weathere": "Sunny",
        "weathercode": "d00",
        "limitnumber": "",
        "date": "11月30日(星期日)"
      },
      "weather": {
        "day": {
          "date": "30日白天",
          "weather": "晴",
          "temp": "14",
          "tempUnit": "°C",
          "wind": {
            "direction": "南风",
            "directionCode": "S",
            "level": "3-4级"
          },
          "sunrise": "日出 08:32"
        },
        "night": {
          "date": "30日夜间",
          "weather": "晴",
          "temp": "-4",
          "tempUnit": "°C",
          "wind": {
            "direction": "无持续风向",
            "directionCode": "NNW",
            "level": "<3级"
          },
          "sunset": "日落 18:56"
        }
      }
    },
    {
      "id": "101150101",
      "province": "青海",
      "city": "西宁",
      "realtime": {
        "nameen": "xining",
        "cityname": "西宁",
        "city": "101150101",
        "temp": "6.2",
        "tempf": "43.2",
        "WD": "东南风",
        "wde": "SE",
        "WS": "2级",
        "wse": "7km/h",
        "SD": "16%",
        "sd": "16%",
        "qy": "757",
        "njd": "30km",
        "time": "15:50",
        "rain": "0",
        "rain24h": "0",
        "aqi": "57",
        "aqi_pm25": "57",
        "weather": "晴",
        "weathere": "Sunny",
        "weathercode": "d00",
        "limitnumber": "",
        "date": "11月30日(星期日)"
      },
      "weather": {
        "day": {
          "date": "30日白天",
          "weather": "晴",
          "temp": "9",
          "tempUnit": "°C",
          "wind": {
            "direction": "无持续风向",
            "directionCode": "NNW",
            "level": "<3级"
          },
          "sunrise": "日出 08:05"
        },
        "night": {
          "date": "30日夜间",
          "weather": "晴",
          "temp": "-9",
          "tempUnit": "°C",
          "wind": {
            "direction": "无持续风向",
            "directionCode": "NNW",
            "level": "<3级"
          },
          "sunset": "日落 17:57"
        }
      }
    },
    {
      "id": "101160101",
      "province": "甘肃",
      "city": "兰州",
      "realtime": {
        "nameen": "lanzhou",
        "cityname": "兰州",
        "city": "101160101",
        "temp": "8.1",
        "tempf": "46.6",
        "WD": "东北风",
        "wde": "NE",
        "WS": "1级",
        "wse": "1km/h",
        "SD": "18%",
        "sd": "18%",
        "qy": "849",
        "njd": "19km",
        "time": "15:45",
        "rain": "0",
        "rain24h": "0",
        "aqi": "94",
        "aqi_pm25": "94",
        "weather": "晴",
        "weathere": "Sunny",
        "weathercode": "d00",
        "limitnumber": "不限行",
        "date": "11月30日(星期日)"
      },
      "weather": {
        "day": {
          "date": "30日白天",
          "weather": "晴",
          "temp": "6",
          "tempUnit": "°C",
          "wind": {
            "direction": "无持续风向",
            "directionCode": "NNW",
            "level": "<3级"
          },
          "sunrise": "日出 07:55"
        },
        "night": {
          "date": "30日夜间",
          "weather": "多云",
          "temp": "-5",
          "tempUnit": "°C",
          "wind": {
            "direction": "无持续风向",
            "directionCode": "NNW",
            "level": "<3级"
          },
          "sunset": "日落 17:50"
        }
      }
    },
    {
      "id": "101170101",
      "province": "宁夏",
      "city": "银川",
      "realtime": {
        "nameen": "yinchuan",
        "cityname": "银川",
        "city": "101170101",
        "temp": "5.8",
        "tempf": "42.4",
        "WD": "东风",
        "wde": "E",
        "WS": "2级",
        "wse": "7km/h",
        "SD": "12%",
        "sd": "12%",
        "qy": "894",
        "njd": "25km",
        "time": "15:50",
        "rain": "0",
        "rain24h": "0",
        "aqi": "56",
        "aqi_pm25": "56",
        "weather": "晴",
        "weathere": "Sunny",
        "weathercode": "d00",
        "limitnumber": "",
        "date": "11月30日(星期日)"
      },
      "weather": {
        "day": {
          "date": "30日白天",
          "weather": "晴",
          "temp": "6",
          "tempUnit": "°C",
          "wind": {
            "direction": "无持续风向",
            "directionCode": "NNW",
            "level": "<3级"
          },
          "sunrise": "日出 07:52"
        },
        "night": {
          "date": "30日夜间",
          "weather": "晴",
          "temp": "-7",
          "tempUnit": "°C",
          "wind": {
            "direction": "无持续风向",
            "directionCode": "NNW",
            "level": "<3级"
          },
          "sunset": "日落 17:34"
        }
      }
    },
    {
      "id": "101180101",
      "province": "河南",
      "city": "郑州",
      "realtime": {
        "nameen": "zhengzhou",
        "cityname": "郑州",
        "city": "101180101",
        "temp": "19.8",
        "tempf": "67.6",
        "WD": "西风",
        "wde": "W",
        "WS": "2级",
        "wse": "8km/h",
        "SD": "16%",
        "sd": "16%",
        "qy": "1002",
        "njd": "21km",
        "time": "15:50",
        "rain": "0",
        "rain24h": "0",
        "aqi": "86",
        "aqi_pm25": "86",
        "weather": "晴",
        "weathere": "Sunny",
        "weathercode": "d00",
        "limitnumber": "不限行",
        "date": "11月30日(星期日)"
      },
      "weather": {
        "day": {
          "date": "30日白天",
          "weather": "晴",
          "temp": "20",
          "tempUnit": "°C",
          "wind": {
            "direction": "西北风",
            "directionCode": "NW",
            "level": "3-4级"
          },
          "sunrise": "日出 07:13"
        },
        "night": {
          "date": "30日夜间",
          "weather": "晴",
          "temp": "1",
          "tempUnit": "°C",
          "wind": {
            "direction": "西北风",
            "directionCode": "NW",
            "level": "<3级"
          },
          "sunset": "日落 17:14"
        }
      }
    },
    {
      "id": "101190101",
      "province": "江苏",
      "city": "南京",
      "realtime": {
        "nameen": "nanjing",
        "cityname": "南京",
        "city": "101190101",
        "temp": "21.7",
        "tempf": "71.1",
        "WD": "西北风",
        "wde": "NW",
        "WS": "1级",
        "wse": "4km/h",
        "SD": "24%",
        "sd": "24%",
        "qy": "1010",
        "njd": "15km",
        "time": "15:50",
        "rain": "0",
        "rain24h": "0",
        "aqi": "69",
        "aqi_pm25": "69",
        "weather": "晴",
        "weathere": "Sunny",
        "weathercode": "d00",
        "limitnumber": "",
        "date": "11月30日(星期日)"
      },
      "weather": {
        "day": {
          "date": "30日白天",
          "weather": "多云",
          "temp": "22",
          "tempUnit": "°C",
          "wind": {
            "direction": "西风",
            "directionCode": "W",
            "level": "3-4级"
          },
          "sunrise": "日出 06:46"
        },
        "night": {
          "date": "30日夜间",
          "weather": "多云",
          "temp": "8",
          "tempUnit": "°C",
          "wind": {
            "direction": "东北风",
            "directionCode": "NE",
            "level": "3-4级"
          },
          "sunset": "日落 17:00"
        }
      }
    },
    {
      "id": "101200101",
      "province": "湖北",
      "city": "武汉",
      "realtime": {
        "nameen": "wuhan",
        "cityname": "武汉",
        "city": "101200101",
        "temp": "22.2",
        "tempf": "72",
        "WD": "北风",
        "wde": "N",
        "WS": "2级",
        "wse": "8km/h",
        "SD": "32%",
        "sd": "32%",
        "qy": "1011",
        "njd": "17km",
        "time": "15:45",
        "rain": "0",
        "rain24h": "0",
        "aqi": "69",
        "aqi_pm25": "69",
        "weather": "晴",
        "weathere": "Sunny",
        "weathercode": "d00",
        "limitnumber": "不限行",
        "date": "11月30日(星期日)"
      },
      "weather": {
        "day": {
          "date": "30日白天",
          "weather": "多云",
          "temp": "22",
          "tempUnit": "°C",
          "wind": {
            "direction": "无持续风向",
            "directionCode": "NNW",
            "level": "<3级"
          },
          "sunrise": "日出 07:01"
        },
        "night": {
          "date": "30日夜间",
          "weather": "多云",
          "temp": "5",
          "tempUnit": "°C",
          "wind": {
            "direction": "无持续风向",
            "directionCode": "NNW",
            "level": "<3级"
          },
          "sunset": "日落 17:21"
        }
      }
    },
    {
      "id": "101210101",
      "province": "浙江",
      "city": "杭州",
      "realtime": {
        "nameen": "hangzhou",
        "cityname": "杭州",
        "city": "101210101",
        "temp": "21.9",
        "tempf": "71.4",
        "WD": "东风",
        "wde": "E",
        "WS": "2级",
        "wse": "5km/h",
        "SD": "28%",
        "sd": "28%",
        "qy": "1009",
        "njd": "13km",
        "time": "15:50",
        "rain": "0",
        "rain24h": "0",
        "aqi": "54",
        "aqi_pm25": "54",
        "weather": "晴",
        "weathere": "Sunny",
        "weathercode": "d00",
        "limitnumber": "不限行",
        "date": "11月30日(星期日)"
      },
      "weather": {
        "day": {
          "date": "30日白天",
          "weather": "晴",
          "temp": "23",
          "tempUnit": "°C",
          "wind": {
            "direction": "北风",
            "directionCode": "N",
            "level": "<3级"
          },
          "sunrise": "日出 06:37"
        },
        "night": {
          "date": "30日夜间",
          "weather": "晴",
          "temp": "10",
          "tempUnit": "°C",
          "wind": {
            "direction": "北风",
            "directionCode": "N",
            "level": "<3级"
          },
          "sunset": "日落 16:58"
        }
      }
    },
    {
      "id": "101220101",
      "province": "安徽",
      "city": "合肥",
      "realtime": {
        "nameen": "hefei",
        "cityname": "合肥",
        "city": "101220101",
        "temp": "22.3",
        "tempf": "72.1",
        "WD": "西风",
        "wde": "W",
        "WS": "2级",
        "wse": "11km/h",
        "SD": "27%",
        "sd": "27%",
        "qy": "1007",
        "njd": "22km",
        "time": "15:50",
        "rain": "0",
        "rain24h": "0",
        "aqi": "66",
        "aqi_pm25": "66",
        "weather": "晴",
        "weathere": "Sunny",
        "weathercode": "d00",
        "limitnumber": "",
        "date": "11月30日(星期日)"
      },
      "weather": {
        "day": {
          "date": "30日白天",
          "weather": "多云",
          "temp": "21",
          "tempUnit": "°C",
          "wind": {
            "direction": "西风",
            "directionCode": "W",
            "level": "<3级"
          },
          "sunrise": "日出 06:52"
        },
        "night": {
          "date": "30日夜间",
          "weather": "多云",
          "temp": "4",
          "tempUnit": "°C",
          "wind": {
            "direction": "北风",
            "directionCode": "N",
            "level": "<3级"
          },
          "sunset": "日落 17:07"
        }
      }
    },
    {
      "id": "101230101",
      "province": "福建",
      "city": "福州",
      "realtime": {
        "nameen": "fuzhou",
        "cityname": "福州",
        "city": "101230101",
        "temp": "25.7",
        "tempf": "78.3",
        "WD": "南风",
        "wde": "S",
        "WS": "2级",
        "wse": "5km/h",
        "SD": "42%",
        "sd": "42%",
        "qy": "1004",
        "njd": "23km",
        "time": "15:50",
        "rain": "0",
        "rain24h": "0",
        "aqi": "44",
        "aqi_pm25": "44",
        "weather": "晴",
        "weathere": "Sunny",
        "weathercode": "d00",
        "limitnumber": "",
        "date": "11月30日(星期日)"
      },
      "weather": {
        "day": {
          "date": "30日白天",
          "weather": "晴",
          "temp": "26",
          "tempUnit": "°C",
          "wind": {
            "direction": "无持续风向",
            "directionCode": "NNW",
            "level": "<3级"
          },
          "sunrise": "日出 06:32"
        },
        "night": {
          "date": "30日夜间",
          "weather": "晴",
          "temp": "14",
          "tempUnit": "°C",
          "wind": {
            "direction": "无持续风向",
            "directionCode": "NNW",
            "level": "<3级"
          },
          "sunset": "日落 17:10"
        }
      }
    },
    {
      "id": "101240101",
      "province": "江西",
      "city": "南昌",
      "realtime": {
        "nameen": "nanchang",
        "cityname": "南昌",
        "city": "101240101",
        "temp": "23",
        "tempf": "73.4",
        "WD": "南风",
        "wde": "S",
        "WS": "1级",
        "wse": "2km/h",
        "SD": "25%",
        "sd": "25%",
        "qy": "1008",
        "njd": "20km",
        "time": "15:50",
        "rain": "0",
        "rain24h": "0",
        "aqi": "54",
        "aqi_pm25": "54",
        "weather": "晴",
        "weathere": "Sunny",
        "weathercode": "d00",
        "limitnumber": "",
        "date": "11月30日(星期日)"
      },
      "weather": {
        "day": {
          "date": "30日白天",
          "weather": "晴",
          "temp": "23",
          "tempUnit": "°C",
          "wind": {
            "direction": "东风",
            "directionCode": "E",
            "level": "<3级"
          },
          "sunrise": "日出 06:51"
        },
        "night": {
          "date": "30日夜间",
          "weather": "晴",
          "temp": "10",
          "tempUnit": "°C",
          "wind": {
            "direction": "东北风",
            "directionCode": "NE",
            "level": "<3级"
          },
          "sunset": "日落 17:19"
        }
      }
    },
    {
      "id": "101250101",
      "province": "湖南",
      "city": "长沙",
      "realtime": {
        "nameen": "changsha",
        "cityname": "长沙",
        "city": "101250101",
        "temp": "23.4",
        "tempf": "74.1",
        "WD": "东风",
        "wde": "E",
        "WS": "2级",
        "wse": "7km/h",
        "SD": "29%",
        "sd": "29%",
        "qy": "999",
        "njd": "14km",
        "time": "15:50",
        "rain": "0",
        "rain24h": "0",
        "aqi": "55",
        "aqi_pm25": "55",
        "weather": "晴",
        "weathere": "Sunny",
        "weathercode": "d00",
        "limitnumber": "",
        "date": "11月30日(星期日)"
      },
      "weather": {
        "day": {
          "date": "30日白天",
          "weather": "晴",
          "temp": "23",
          "tempUnit": "°C",
          "wind": {
            "direction": "北风",
            "directionCode": "N",
            "level": "<3级"
          },
          "sunrise": "日出 07:01"
        },
        "night": {
          "date": "30日夜间",
          "weather": "晴",
          "temp": "8",
          "tempUnit": "°C",
          "wind": {
            "direction": "西北风",
            "directionCode": "NW",
            "level": "<3级"
          },
          "sunset": "日落 17:31"
        }
      }
    },
    {
      "id": "101260101",
      "province": "贵州",
      "city": "贵阳",
      "realtime": {
        "nameen": "guiyang",
        "cityname": "贵阳",
        "city": "101260101",
        "temp": "13.1",
        "tempf": "55.6",
        "WD": "北风",
        "wde": "N",
        "WS": "3级",
        "wse": "18km/h",
        "SD": "57%",
        "sd": "57%",
        "qy": "878",
        "njd": "5km",
        "time": "15:50",
        "rain": "0",
        "rain24h": "0",
        "aqi": "95",
        "aqi_pm25": "95",
        "weather": "晴",
        "weathere": "Sunny",
        "weathercode": "d00",
        "limitnumber": null,
        "date": "11月30日(星期日)"
      },
      "weather": {
        "day": {
          "date": "30日白天",
          "weather": "多云",
          "temp": "18",
          "tempUnit": "°C",
          "wind": {
            "direction": "北风",
            "directionCode": "N",
            "level": "<3级"
          },
          "sunrise": "日出 07:23"
        },
        "night": {
          "date": "30日夜间",
          "weather": "晴",
          "temp": "5",
          "tempUnit": "°C",
          "wind": {
            "direction": "北风",
            "directionCode": "N",
            "level": "<3级"
          },
          "sunset": "日落 18:00"
        }
      }
    },
    {
      "id": "101270101",
      "province": "四川",
      "city": "成都",
      "realtime": {
        "nameen": "chengdu",
        "cityname": "成都",
        "city": "101270101",
        "temp": "17.4",
        "tempf": "63.3",
        "WD": "北风",
        "wde": "N",
        "WS": "0级",
        "wse": "0km/h",
        "SD": "47%",
        "sd": "47%",
        "qy": "958",
        "njd": "4km",
        "time": "15:50",
        "rain": "0",
        "rain24h": "0",
        "aqi": "135",
        "aqi_pm25": "135",
        "weather": "晴",
        "weathere": "Sunny",
        "weathercode": "d00",
        "limitnumber": "不限行",
        "date": "11月30日(星期日)"
      },
      "weather": {
        "day": {
          "date": "30日白天",
          "weather": "晴",
          "temp": "19",
          "tempUnit": "°C",
          "wind": {
            "direction": "无持续风向",
            "directionCode": "NNW",
            "level": "<3级"
          },
          "sunrise": "日出 07:42"
        },
        "night": {
          "date": "30日夜间",
          "weather": "晴",
          "temp": "5",
          "tempUnit": "°C",
          "wind": {
            "direction": "无持续风向",
            "directionCode": "NNW",
            "level": "<3级"
          },
          "sunset": "日落 18:02"
        }
      }
    },
    {
      "id": "101280101",
      "province": "广东",
      "city": "广州",
      "realtime": {
        "nameen": "guangzhou",
        "cityname": "广州",
        "city": "101280101",
        "temp": "20.5",
        "tempf": "68.9",
        "WD": "东北风",
        "wde": "NE",
        "WS": "1级",
        "wse": "3km/h",
        "SD": "84%",
        "sd": "84%",
        "qy": "1010",
        "njd": "22km",
        "time": "15:50",
        "rain": "0",
        "rain24h": "0",
        "aqi": "37",
        "aqi_pm25": "37",
        "weather": "阴",
        "weathere": "Overcast",
        "weathercode": "d02",
        "limitnumber": "不限行",
        "date": "11月30日(星期日)"
      },
      "weather": {
        "day": {
          "date": "30日白天",
          "weather": "小雨",
          "temp": "23",
          "tempUnit": "°C",
          "wind": {
            "direction": "无持续风向",
            "directionCode": "NNW",
            "level": "<3级"
          },
          "sunrise": "日出 06:50"
        },
        "night": {
          "date": "30日夜间",
          "weather": "阴",
          "temp": "16",
          "tempUnit": "°C",
          "wind": {
            "direction": "无持续风向",
            "directionCode": "NNW",
            "level": "<3级"
          },
          "sunset": "日落 17:40"
        }
      }
    },
    {
      "id": "101290101",
      "province": "云南",
      "city": "昆明",
      "realtime": {
        "nameen": "kunming",
        "cityname": "昆明",
        "city": "101290101",
        "temp": "19.3",
        "tempf": "66.7",
        "WD": "西南风",
        "wde": "SW",
        "WS": "2级",
        "wse": "10km/h",
        "SD": "33%",
        "sd": "33%",
        "qy": "809",
        "njd": "30km",
        "time": "15:50",
        "rain": "0",
        "rain24h": "0",
        "aqi": "30",
        "aqi_pm25": "30",
        "weather": "晴",
        "weathere": "Sunny",
        "weathercode": "d00",
        "limitnumber": "",
        "date": "11月30日(星期日)"
      },
      "weather": {
        "day": {
          "date": "30日白天",
          "weather": "晴",
          "temp": "19",
          "tempUnit": "°C",
          "wind": {
            "direction": "无持续风向",
            "directionCode": "NNW",
            "level": "<3级"
          },
          "sunrise": "日出 07:35"
        },
        "night": {
          "date": "30日夜间",
          "weather": "晴",
          "temp": "5",
          "tempUnit": "°C",
          "wind": {
            "direction": "无持续风向",
            "directionCode": "NNW",
            "level": "<3级"
          },
          "sunset": "日落 18:18"
        }
      }
    },
    {
      "id": "101300101",
      "province": "广西",
      "city": "南宁",
      "realtime": {
        "nameen": "nanning",
        "cityname": "南宁",
        "city": "101300101",
        "temp": "21.8",
        "tempf": "71.2",
        "WD": "东风",
        "wde": "E",
        "WS": "2级",
        "wse": "6km/h",
        "SD": "63%",
        "sd": "63%",
        "qy": "995",
        "njd": "14km",
        "time": "15:50",
        "rain": "0",
        "rain24h": "0",
        "aqi": "63",
        "aqi_pm25": "63",
        "weather": "阴",
        "weathere": "Overcast",
        "weathercode": "d02",
        "limitnumber": "",
        "date": "11月30日(星期日)"
      },
      "weather": {
        "day": {
          "date": "30日白天",
          "weather": "阴",
          "temp": "22",
          "tempUnit": "°C",
          "wind": {
            "direction": "东风",
            "directionCode": "E",
            "level": "<3级"
          },
          "sunrise": "日出 07:09"
        },
        "night": {
          "date": "30日夜间",
          "weather": "阴",
          "temp": "15",
          "tempUnit": "°C",
          "wind": {
            "direction": "东北风",
            "directionCode": "NE",
            "level": "<3级"
          },
          "sunset": "日落 18:00"
        }
      }
    },
    {
      "id": "101310101",
      "province": "海南",
      "city": "海口",
      "realtime": {
        "nameen": "haikou",
        "cityname": "海口",
        "city": "101310101",
        "temp": "22",
        "tempf": "71.6",
        "WD": "东北风",
        "wde": "NE",
        "WS": "2级",
        "wse": "8km/h",
        "SD": "95%",
        "sd": "95%",
        "qy": "1004",
        "njd": "4km",
        "time": "15:50",
        "rain": "0",
        "rain24h": "0",
        "aqi": "51",
        "aqi_pm25": "51",
        "weather": "阴",
        "weathere": "Overcast",
        "weathercode": "d02",
        "limitnumber": "",
        "date": "11月30日(星期日)"
      },
      "weather": {
        "day": {
          "date": "30日白天",
          "weather": "小雨",
          "temp": "23",
          "tempUnit": "°C",
          "wind": {
            "direction": "无持续风向",
            "directionCode": "NNW",
            "level": "<3级"
          },
          "sunrise": "日出 06:56"
        },
        "night": {
          "date": "30日夜间",
          "weather": "小雨",
          "temp": "19",
          "tempUnit": "°C",
          "wind": {
            "direction": "无持续风向",
            "directionCode": "NNW",
            "level": "<3级"
          },
          "sunset": "日落 17:57"
        }
      }
    },
    {
      "id": "101320101",
      "province": "香港",
      "city": "香港",
      "realtime": {
        "nameen": "hongkong",
        "cityname": "香港",
        "city": "101320101",
        "temp": "22.6",
        "tempf": "72.7",
        "WD": "微风",
        "wde": "NWW",
        "WS": "2级",
        "wse": "5km/h",
        "SD": "61%",
        "sd": "61%",
        "qy": "999",
        "njd": "26km",
        "time": "16:00",
        "rain": "0",
        "rain24h": "0",
        "aqi": "50",
        "aqi_pm25": "50",
        "weather": "多云",
        "weathere": "Cloudy",
        "weathercode": "d01",
        "limitnumber": "",
        "date": "11月30日(星期日)"
      },
      "weather": {
        "day": {
          "date": "30日白天",
          "weather": "阴",
          "temp": "24",
          "tempUnit": "°C",
          "wind": {
            "direction": "东北风",
            "directionCode": "NE",
            "level": "3-4级"
          },
          "sunrise": "日出 06:45"
        },
        "night": {
          "date": "30日夜间",
          "weather": "阴",
          "temp": "20",
          "tempUnit": "°C",
          "wind": {
            "direction": "东北风",
            "directionCode": "NE",
            "level": "3-4级"
          },
          "sunset": "日落 17:38"
        }
      }
    },
    {
      "id": "101330101",
      "province": "澳门",
      "city": "澳门",
      "realtime": {
        "nameen": "macao",
        "cityname": "澳门",
        "city": "101330101",
        "temp": "23.7",
        "tempf": "74.7",
        "WD": "微风",
        "wde": "NWW",
        "WS": "1级",
        "wse": "1km/h",
        "SD": "59%",
        "sd": "59%",
        "qy": "1006",
        "njd": "29km",
        "time": "15:30",
        "rain": "0",
        "rain24h": "0",
        "aqi": "55",
        "aqi_pm25": "55",
        "weather": "多云",
        "weathere": "Cloudy",
        "weathercode": "d01",
        "limitnumber": "",
        "date": "11月30日(星期日)"
      },
      "weather": {
        "day": {
          "date": "30日白天",
          "weather": "阵雨",
          "temp": "22",
          "tempUnit": "°C",
          "wind": {
            "direction": "无持续风向",
            "directionCode": "NNW",
            "level": "<3级"
          },
          "sunrise": "日出 06:47"
        },
        "night": {
          "date": "30日夜间",
          "weather": "多云",
          "temp": "19",
          "tempUnit": "°C",
          "wind": {
            "direction": "无持续风向",
            "directionCode": "NNW",
            "level": "<3级"
          },
          "sunset": "日落 17:41"
        }
      }
    },
    {
      "id": "101340101",
      "province": "台湾",
      "city": "台北",
      "realtime": {
        "nameen": "taibeixian",
        "cityname": "台北",
        "city": "101340101",
        "temp": "28.7",
        "tempf": "83.7",
        "WD": "微风",
        "wde": "NWW",
        "WS": "2级",
        "wse": "5km/h",
        "SD": "55%",
        "sd": "55%",
        "qy": "1007",
        "njd": "6km",
        "time": "16:00",
        "rain": "0",
        "rain24h": "0",
        "aqi": "116",
        "aqi_pm25": "116",
        "weather": "阴",
        "weathere": "Overcast",
        "weathercode": "d02",
        "limitnumber": "",
        "date": "11月30日(星期日)"
      },
      "weather": {
        "day": {
          "date": "30日白天",
          "weather": "多云",
          "temp": "24",
          "tempUnit": "°C",
          "wind": {
            "direction": "无持续风向",
            "directionCode": "NNW",
            "level": "<3级"
          },
          "sunrise": "日出 06:21"
        },
        "night": {
          "date": "30日夜间",
          "weather": "多云",
          "temp": "19",
          "tempUnit": "°C",
          "wind": {
            "direction": "无持续风向",
            "directionCode": "NNW",
            "level": "<3级"
          },
          "sunset": "日落 17:03"
        }
      }
    }
  ]
}
