{
  "timestamp": 1728087263820,
  "lastUpdate": "2024-10-05 08:14:23",
  "data": [
    {
      "id": "101010100",
      "province": "北京",
      "city": "北京",
      "realtime": {
        "nameen": "beijing",
        "cityname": "北京",
        "city": "101010100",
        "temp": "13",
        "tempf": "55.4",
        "WD": "东北风",
        "wde": "NE",
        "WS": "2级",
        "wse": "5km/h",
        "SD": "81%",
        "sd": "81%",
        "qy": "1019",
        "njd": "4km",
        "time": "08:00",
        "rain": "0",
        "rain24h": "0",
        "aqi": "80",
        "aqi_pm25": "80",
        "weather": "雾",
        "weathere": "Foggy",
        "weathercode": "d18",
        "limitnumber": "不限行",
        "date": "10月05日(星期六)"
      },
      "weather": {
        "day": {
          "date": "5日白天",
          "weather": "多云",
          "temp": "21",
          "tempUnit": "°C",
          "wind": {
            "direction": "南风",
            "directionCode": "S",
            "level": "<3级"
          },
          "sunrise": "日出 06:13"
        },
        "night": {
          "date": "5日夜间",
          "weather": "阴",
          "temp": "13",
          "tempUnit": "°C",
          "wind": {
            "direction": "东南风",
            "directionCode": "SE",
            "level": "<3级"
          },
          "sunset": "日落 17:52"
        }
      }
    },
    {
      "id": "101020100",
      "province": "上海",
      "city": "上海",
      "realtime": {
        "nameen": "shanghai",
        "cityname": "上海",
        "city": "101020100",
        "temp": "21.9",
        "tempf": "71.4",
        "WD": "北风",
        "wde": "N",
        "WS": "0级",
        "wse": "0km/h",
        "SD": "86%",
        "sd": "86%",
        "qy": "1020",
        "njd": "11km",
        "time": "08:00",
        "rain": "0",
        "rain24h": "0",
        "aqi": "26",
        "aqi_pm25": "26",
        "weather": "阴",
        "weathere": "Overcast",
        "weathercode": "d02",
        "limitnumber": "",
        "date": "10月05日(星期六)"
      },
      "weather": {
        "day": {
          "date": "5日白天",
          "weather": "小雨",
          "temp": "24",
          "tempUnit": "°C",
          "wind": {
            "direction": "东北风",
            "directionCode": "NE",
            "level": "3-4级"
          },
          "sunrise": "日出 05:49"
        },
        "night": {
          "date": "5日夜间",
          "weather": "暴雨",
          "temp": "20",
          "tempUnit": "°C",
          "wind": {
            "direction": "东北风",
            "directionCode": "NE",
            "level": "3-4级"
          },
          "sunset": "日落 17:35"
        }
      }
    },
    {
      "id": "101030100",
      "province": "天津",
      "city": "天津",
      "realtime": {
        "nameen": "tianjin",
        "cityname": "天津",
        "city": "101030100",
        "temp": "16.8",
        "tempf": "62.2",
        "WD": "南风",
        "wde": "S",
        "WS": "1级",
        "wse": "5km/h",
        "SD": "51%",
        "sd": "51%",
        "qy": "1023",
        "njd": "7km",
        "time": "08:00",
        "rain": "0",
        "rain24h": "0",
        "aqi": "90",
        "aqi_pm25": "90",
        "weather": "晴",
        "weathere": "Sunny",
        "weathercode": "d00",
        "limitnumber": "不限行",
        "date": "10月05日(星期六)"
      },
      "weather": {
        "day": {
          "date": "5日白天",
          "weather": "多云",
          "temp": "23",
          "tempUnit": "°C",
          "wind": {
            "direction": "西南风",
            "directionCode": "SW",
            "level": "<3级"
          },
          "sunrise": "日出 06:10"
        },
        "night": {
          "date": "5日夜间",
          "weather": "阴",
          "temp": "15",
          "tempUnit": "°C",
          "wind": {
            "direction": "南风",
            "directionCode": "S",
            "level": "<3级"
          },
          "sunset": "日落 17:49"
        }
      }
    },
    {
      "id": "101040100",
      "province": "重庆",
      "city": "重庆",
      "realtime": {
        "nameen": "chongqing",
        "cityname": "重庆",
        "city": "101040100",
        "temp": "19.5",
        "tempf": "67.1",
        "WD": "西北风",
        "wde": "NW",
        "WS": "2级",
        "wse": "7km/h",
        "SD": "57%",
        "sd": "57%",
        "qy": "989",
        "njd": "22km",
        "time": "08:00",
        "rain": "0",
        "rain24h": "0",
        "aqi": "49",
        "aqi_pm25": "49",
        "weather": "阴",
        "weathere": "Overcast",
        "weathercode": "d02",
        "limitnumber": "不限行",
        "date": "10月05日(星期六)"
      },
      "weather": {
        "day": {
          "date": "5日白天",
          "weather": "阴",
          "temp": "21",
          "tempUnit": "°C",
          "wind": {
            "direction": "东北风",
            "directionCode": "NE",
            "level": "<3级"
          },
          "sunrise": "日出 06:48"
        },
        "night": {
          "date": "5日夜间",
          "weather": "小雨",
          "temp": "18",
          "tempUnit": "°C",
          "wind": {
            "direction": "北风",
            "directionCode": "N",
            "level": "<3级"
          },
          "sunset": "日落 18:36"
        }
      }
    },
    {
      "id": "101050101",
      "province": "黑龙江",
      "city": "哈尔滨",
      "realtime": {
        "nameen": "haerbin",
        "cityname": "哈尔滨",
        "city": "101050101",
        "temp": "14.4",
        "tempf": "57.9",
        "WD": "南风",
        "wde": "S",
        "WS": "3级",
        "wse": "16km/h",
        "SD": "72%",
        "sd": "72%",
        "qy": "1005",
        "njd": "15km",
        "time": "08:00",
        "rain": "0",
        "rain24h": "0",
        "aqi": "48",
        "aqi_pm25": "48",
        "weather": "晴",
        "weathere": "Sunny",
        "weathercode": "d00",
        "limitnumber": "",
        "date": "10月05日(星期六)"
      },
      "weather": {
        "day": {
          "date": "5日白天",
          "weather": "多云",
          "temp": "20",
          "tempUnit": "°C",
          "wind": {
            "direction": "西南风",
            "directionCode": "SW",
            "level": "3-4级"
          },
          "sunrise": "日出 05:36"
        },
        "night": {
          "date": "5日夜间",
          "weather": "多云",
          "temp": "11",
          "tempUnit": "°C",
          "wind": {
            "direction": "西北风",
            "directionCode": "NW",
            "level": "<3级"
          },
          "sunset": "日落 17:08"
        }
      }
    },
    {
      "id": "101060101",
      "province": "吉林",
      "city": "长春",
      "realtime": {
        "nameen": "changchun",
        "cityname": "长春",
        "city": "101060101",
        "temp": "14.5",
        "tempf": "58.1",
        "WD": "南风",
        "wde": "S",
        "WS": "2级",
        "wse": "8km/h",
        "SD": "68%",
        "sd": "68%",
        "qy": "993",
        "njd": "16km",
        "time": "08:00",
        "rain": "0",
        "rain24h": "0",
        "aqi": "29",
        "aqi_pm25": "29",
        "weather": "晴",
        "weathere": "Sunny",
        "weathercode": "d00",
        "limitnumber": "",
        "date": "10月05日(星期六)"
      },
      "weather": {
        "day": {
          "date": "5日白天",
          "weather": "多云",
          "temp": "21",
          "tempUnit": "°C",
          "wind": {
            "direction": "西南风",
            "directionCode": "SW",
            "level": "<3级"
          },
          "sunrise": "日出 05:40"
        },
        "night": {
          "date": "5日夜间",
          "weather": "多云",
          "temp": "8",
          "tempUnit": "°C",
          "wind": {
            "direction": "东南风",
            "directionCode": "SE",
            "level": "<3级"
          },
          "sunset": "日落 17:14"
        }
      }
    },
    {
      "id": "101070101",
      "province": "辽宁",
      "city": "沈阳",
      "realtime": {
        "nameen": "shenyang",
        "cityname": "沈阳",
        "city": "101070101",
        "temp": "14.4",
        "tempf": "57.9",
        "WD": "南风",
        "wde": "S",
        "WS": "1级",
        "wse": "5km/h",
        "SD": "78%",
        "sd": "78%",
        "qy": "1016",
        "njd": "30km",
        "time": "07:55",
        "rain": "0",
        "rain24h": "0",
        "aqi": "36",
        "aqi_pm25": "36",
        "weather": "晴",
        "weathere": "Sunny",
        "weathercode": "d00",
        "limitnumber": "",
        "date": "10月05日(星期六)"
      },
      "weather": {
        "day": {
          "date": "5日白天",
          "weather": "晴",
          "temp": "24",
          "tempUnit": "°C",
          "wind": {
            "direction": "南风",
            "directionCode": "S",
            "level": "4-5级"
          },
          "sunrise": "日出 05:46"
        },
        "night": {
          "date": "5日夜间",
          "weather": "多云",
          "temp": "9",
          "tempUnit": "°C",
          "wind": {
            "direction": "南风",
            "directionCode": "S",
            "level": "<3级"
          },
          "sunset": "日落 17:23"
        }
      }
    },
    {
      "id": "101080101",
      "province": "内蒙古",
      "city": "呼和浩特",
      "realtime": {
        "nameen": "huhehaote",
        "cityname": "呼和浩特",
        "city": "101080101",
        "temp": "9.8",
        "tempf": "49.6",
        "WD": "北风",
        "wde": "N",
        "WS": "0级",
        "wse": "0km/h",
        "SD": "100%",
        "sd": "100%",
        "qy": "903",
        "njd": "11km",
        "time": "08:00",
        "rain": "0",
        "rain24h": "0",
        "aqi": "54",
        "aqi_pm25": "54",
        "weather": "雾",
        "weathere": "Foggy",
        "weathercode": "d18",
        "limitnumber": "",
        "date": "10月05日(星期六)"
      },
      "weather": {
        "day": {
          "date": "5日白天",
          "weather": "多云",
          "temp": "20",
          "tempUnit": "°C",
          "wind": {
            "direction": "西南风",
            "directionCode": "SW",
            "level": "<3级"
          },
          "sunrise": "日出 06:32"
        },
        "night": {
          "date": "5日夜间",
          "weather": "小雨",
          "temp": "9",
          "tempUnit": "°C",
          "wind": {
            "direction": "西南风",
            "directionCode": "SW",
            "level": "<3级"
          },
          "sunset": "日落 18:10"
        }
      }
    },
    {
      "id": "101090101",
      "province": "河北",
      "city": "石家庄",
      "realtime": {
        "nameen": "shijiazhuang",
        "cityname": "石家庄",
        "city": "101090101",
        "temp": "13.4",
        "tempf": "56.1",
        "WD": "西风",
        "wde": "W",
        "WS": "1级",
        "wse": "1km/h",
        "SD": "81%",
        "sd": "81%",
        "qy": "1011",
        "njd": "9km",
        "time": "08:00",
        "rain": "0",
        "rain24h": "0",
        "aqi": "69",
        "aqi_pm25": "69",
        "weather": "晴",
        "weathere": "Sunny",
        "weathercode": "d00",
        "limitnumber": "",
        "date": "10月05日(星期六)"
      },
      "weather": {
        "day": {
          "date": "5日白天",
          "weather": "晴",
          "temp": "23",
          "tempUnit": "°C",
          "wind": {
            "direction": "东南风",
            "directionCode": "SE",
            "level": "<3级"
          },
          "sunrise": "日出 06:20"
        },
        "night": {
          "date": "5日夜间",
          "weather": "小雨",
          "temp": "14",
          "tempUnit": "°C",
          "wind": {
            "direction": "西北风",
            "directionCode": "NW",
            "level": "<3级"
          },
          "sunset": "日落 18:00"
        }
      }
    },
    {
      "id": "101100101",
      "province": "山西",
      "city": "太原",
      "realtime": {
        "nameen": "taiyuan",
        "cityname": "太原",
        "city": "101100101",
        "temp": "9.6",
        "tempf": "49.3",
        "WD": "东风",
        "wde": "E",
        "WS": "1级",
        "wse": "3km/h",
        "SD": "97%",
        "sd": "97%",
        "qy": "934",
        "njd": "6km",
        "time": "08:00",
        "rain": "0",
        "rain24h": "0",
        "aqi": "69",
        "aqi_pm25": "69",
        "weather": "雾",
        "weathere": "Foggy",
        "weathercode": "d18",
        "limitnumber": "",
        "date": "10月05日(星期六)"
      },
      "weather": {
        "day": {
          "date": "5日白天",
          "weather": "多云",
          "temp": "21",
          "tempUnit": "°C",
          "wind": {
            "direction": "东南风",
            "directionCode": "SE",
            "level": "<3级"
          },
          "sunrise": "日出 06:28"
        },
        "night": {
          "date": "5日夜间",
          "weather": "小雨",
          "temp": "6",
          "tempUnit": "°C",
          "wind": {
            "direction": "东风",
            "directionCode": "E",
            "level": "<3级"
          },
          "sunset": "日落 18:08"
        }
      }
    },
    {
      "id": "101110101",
      "province": "陕西",
      "city": "西安",
      "realtime": {
        "nameen": "xian",
        "cityname": "西安",
        "city": "101110101",
        "temp": "17.6",
        "tempf": "63.7",
        "WD": "东风",
        "wde": "E",
        "WS": "1级",
        "wse": "3km/h",
        "SD": "69%",
        "sd": "69%",
        "qy": "974",
        "njd": "5km",
        "time": "08:00",
        "rain": "0",
        "rain24h": "0",
        "aqi": "89",
        "aqi_pm25": "89",
        "weather": "阴",
        "weathere": "Overcast",
        "weathercode": "d02",
        "limitnumber": "不限行",
        "date": "10月05日(星期六)"
      },
      "weather": {
        "day": {
          "date": "5日白天",
          "weather": "多云",
          "temp": "23",
          "tempUnit": "°C",
          "wind": {
            "direction": "无持续风向",
            "directionCode": "NNW",
            "level": "<3级"
          },
          "sunrise": "日出 06:41"
        },
        "night": {
          "date": "5日夜间",
          "weather": "阴",
          "temp": "15",
          "tempUnit": "°C",
          "wind": {
            "direction": "无持续风向",
            "directionCode": "NNW",
            "level": "<3级"
          },
          "sunset": "日落 18:24"
        }
      }
    },
    {
      "id": "101120101",
      "province": "山东",
      "city": "济南",
      "realtime": {
        "nameen": "jinan",
        "cityname": "济南",
        "city": "101120101",
        "temp": "18.8",
        "tempf": "65.8",
        "WD": "东风",
        "wde": "E",
        "WS": "2级",
        "wse": "5km/h",
        "SD": "57%",
        "sd": "57%",
        "qy": "1004",
        "njd": "21km",
        "time": "08:00",
        "rain": "0",
        "rain24h": "0",
        "aqi": "60",
        "aqi_pm25": "60",
        "weather": "晴",
        "weathere": "Sunny",
        "weathercode": "d00",
        "limitnumber": "",
        "date": "10月05日(星期六)"
      },
      "weather": {
        "day": {
          "date": "5日白天",
          "weather": "多云",
          "temp": "24",
          "tempUnit": "°C",
          "wind": {
            "direction": "无持续风向",
            "directionCode": "NNW",
            "level": "<3级"
          },
          "sunrise": "日出 06:09"
        },
        "night": {
          "date": "5日夜间",
          "weather": "阴",
          "temp": "17",
          "tempUnit": "°C",
          "wind": {
            "direction": "无持续风向",
            "directionCode": "NNW",
            "level": "<3级"
          },
          "sunset": "日落 17:50"
        }
      }
    },
    {
      "id": "101130101",
      "province": "新疆",
      "city": "乌鲁木齐",
      "realtime": {
        "nameen": "wulumuqi",
        "cityname": "乌鲁木齐",
        "city": "101130101",
        "temp": "8",
        "tempf": "46.4",
        "WD": "南风",
        "wde": "S",
        "WS": "2级",
        "wse": "10km/h",
        "SD": "67%",
        "sd": "67%",
        "qy": "917",
        "njd": "34km",
        "time": "08:00",
        "rain": "0",
        "rain24h": "0",
        "aqi": "40",
        "aqi_pm25": "40",
        "weather": "晴",
        "weathere": "Sunny",
        "weathercode": "d00",
        "limitnumber": "",
        "date": "10月05日(星期六)"
      },
      "weather": {
        "day": {
          "date": "5日白天",
          "weather": "晴",
          "temp": "19",
          "tempUnit": "°C",
          "wind": {
            "direction": "东南风",
            "directionCode": "SE",
            "level": "4-5级"
          },
          "sunrise": "日出 08:10"
        },
        "night": {
          "date": "5日夜间",
          "weather": "晴",
          "temp": "8",
          "tempUnit": "°C",
          "wind": {
            "direction": "东南风",
            "directionCode": "SE",
            "level": "5-6级"
          },
          "sunset": "日落 19:45"
        }
      }
    },
    {
      "id": "101140101",
      "province": "西藏",
      "city": "拉萨",
      "realtime": {
        "nameen": "lasa",
        "cityname": "拉萨",
        "city": "101140101",
        "temp": "11.8",
        "tempf": "53.2",
        "WD": "东风",
        "wde": "E",
        "WS": "1级",
        "wse": "5km/h",
        "SD": "58%",
        "sd": "58%",
        "qy": "656",
        "njd": "30km",
        "time": "08:00",
        "rain": "0",
        "rain24h": "0",
        "aqi": "21",
        "aqi_pm25": "21",
        "weather": "晴",
        "weathere": "Sunny",
        "weathercode": "d00",
        "limitnumber": "",
        "date": "10月05日(星期六)"
      },
      "weather": {
        "day": {
          "date": "5日白天",
          "weather": "多云",
          "temp": "21",
          "tempUnit": "°C",
          "wind": {
            "direction": "无持续风向",
            "directionCode": "NNW",
            "level": "<3级"
          },
          "sunrise": "日出 07:50"
        },
        "night": {
          "date": "5日夜间",
          "weather": "晴",
          "temp": "9",
          "tempUnit": "°C",
          "wind": {
            "direction": "无持续风向",
            "directionCode": "NNW",
            "level": "<3级"
          },
          "sunset": "日落 19:37"
        }
      }
    },
    {
      "id": "101150101",
      "province": "青海",
      "city": "西宁",
      "realtime": {
        "nameen": "xining",
        "cityname": "西宁",
        "city": "101150101",
        "temp": "8.3",
        "tempf": "46.9",
        "WD": "东风",
        "wde": "E",
        "WS": "1级",
        "wse": "2km/h",
        "SD": "86%",
        "sd": "86%",
        "qy": "763",
        "njd": "7km",
        "time": "08:00",
        "rain": "0",
        "rain24h": "0",
        "aqi": "46",
        "aqi_pm25": "46",
        "weather": "雾",
        "weathere": "Foggy",
        "weathercode": "d18",
        "limitnumber": "",
        "date": "10月05日(星期六)"
      },
      "weather": {
        "day": {
          "date": "5日白天",
          "weather": "小雨",
          "temp": "12",
          "tempUnit": "°C",
          "wind": {
            "direction": "无持续风向",
            "directionCode": "NNW",
            "level": "<3级"
          },
          "sunrise": "日出 07:10"
        },
        "night": {
          "date": "5日夜间",
          "weather": "多云",
          "temp": "5",
          "tempUnit": "°C",
          "wind": {
            "direction": "无持续风向",
            "directionCode": "NNW",
            "level": "<3级"
          },
          "sunset": "日落 18:52"
        }
      }
    },
    {
      "id": "101160101",
      "province": "甘肃",
      "city": "兰州",
      "realtime": {
        "nameen": "lanzhou",
        "cityname": "兰州",
        "city": "101160101",
        "temp": "11.9",
        "tempf": "53.4",
        "WD": "北风",
        "wde": "N",
        "WS": "0级",
        "wse": "0km/h",
        "SD": "80%",
        "sd": "80%",
        "qy": "852",
        "njd": "19km",
        "time": "08:00",
        "rain": "0",
        "rain24h": "0",
        "aqi": "42",
        "aqi_pm25": "42",
        "weather": "阴",
        "weathere": "Overcast",
        "weathercode": "d02",
        "limitnumber": "不限行",
        "date": "10月05日(星期六)"
      },
      "weather": {
        "day": {
          "date": "5日白天",
          "weather": "阴",
          "temp": "17",
          "tempUnit": "°C",
          "wind": {
            "direction": "无持续风向",
            "directionCode": "NNW",
            "level": "<3级"
          },
          "sunrise": "日出 07:02"
        },
        "night": {
          "date": "5日夜间",
          "weather": "小雨",
          "temp": "10",
          "tempUnit": "°C",
          "wind": {
            "direction": "无持续风向",
            "directionCode": "NNW",
            "level": "<3级"
          },
          "sunset": "日落 18:44"
        }
      }
    },
    {
      "id": "101170101",
      "province": "宁夏",
      "city": "银川",
      "realtime": {
        "nameen": "yinchuan",
        "cityname": "银川",
        "city": "101170101",
        "temp": "10.4",
        "tempf": "50.7",
        "WD": "东南风",
        "wde": "SE",
        "WS": "1级",
        "wse": "1km/h",
        "SD": "92%",
        "sd": "92%",
        "qy": "894",
        "njd": "12km",
        "time": "08:00",
        "rain": "0",
        "rain24h": "0",
        "aqi": "53",
        "aqi_pm25": "53",
        "weather": "多云",
        "weathere": "Cloudy",
        "weathercode": "d01",
        "limitnumber": "",
        "date": "10月05日(星期六)"
      },
      "weather": {
        "day": {
          "date": "5日白天",
          "weather": "多云",
          "temp": "20",
          "tempUnit": "°C",
          "wind": {
            "direction": "无持续风向",
            "directionCode": "NNW",
            "level": "<3级"
          },
          "sunrise": "日出 06:53"
        },
        "night": {
          "date": "5日夜间",
          "weather": "多云",
          "temp": "10",
          "tempUnit": "°C",
          "wind": {
            "direction": "无持续风向",
            "directionCode": "NNW",
            "level": "<3级"
          },
          "sunset": "日落 18:33"
        }
      }
    },
    {
      "id": "101180101",
      "province": "河南",
      "city": "郑州",
      "realtime": {
        "nameen": "zhengzhou",
        "cityname": "郑州",
        "city": "101180101",
        "temp": "17.2",
        "tempf": "63",
        "WD": "东南风",
        "wde": "SE",
        "WS": "1级",
        "wse": "2km/h",
        "SD": "56%",
        "sd": "56%",
        "qy": "1009",
        "njd": "14km",
        "time": "08:00",
        "rain": "0",
        "rain24h": "0",
        "aqi": "61",
        "aqi_pm25": "61",
        "weather": "阴",
        "weathere": "Overcast",
        "weathercode": "d02",
        "limitnumber": "不限行",
        "date": "10月05日(星期六)"
      },
      "weather": {
        "day": {
          "date": "5日白天",
          "weather": "多云",
          "temp": "24",
          "tempUnit": "°C",
          "wind": {
            "direction": "东南风",
            "directionCode": "SE",
            "level": "<3级"
          },
          "sunrise": "日出 06:22"
        },
        "night": {
          "date": "5日夜间",
          "weather": "阴",
          "temp": "17",
          "tempUnit": "°C",
          "wind": {
            "direction": "西南风",
            "directionCode": "SW",
            "level": "<3级"
          },
          "sunset": "日落 18:05"
        }
      }
    },
    {
      "id": "101190101",
      "province": "江苏",
      "city": "南京",
      "realtime": {
        "nameen": "nanjing",
        "cityname": "南京",
        "city": "101190101",
        "temp": "19.9",
        "tempf": "67.8",
        "WD": "东风",
        "wde": "E",
        "WS": "2级",
        "wse": "7km/h",
        "SD": "64%",
        "sd": "64%",
        "qy": "1017",
        "njd": "30km",
        "time": "08:00",
        "rain": "0",
        "rain24h": "0",
        "aqi": "21",
        "aqi_pm25": "21",
        "weather": "晴",
        "weathere": "Sunny",
        "weathercode": "d00",
        "limitnumber": "",
        "date": "10月05日(星期六)"
      },
      "weather": {
        "day": {
          "date": "5日白天",
          "weather": "阴",
          "temp": "22",
          "tempUnit": "°C",
          "wind": {
            "direction": "东北风",
            "directionCode": "NE",
            "level": "3-4级"
          },
          "sunrise": "日出 06:00"
        },
        "night": {
          "date": "5日夜间",
          "weather": "雷阵雨",
          "temp": "18",
          "tempUnit": "°C",
          "wind": {
            "direction": "东北风",
            "directionCode": "NE",
            "level": "<3级"
          },
          "sunset": "日落 17:46"
        }
      }
    },
    {
      "id": "101200101",
      "province": "湖北",
      "city": "武汉",
      "realtime": {
        "nameen": "wuhan",
        "cityname": "武汉",
        "city": "101200101",
        "temp": "19.2",
        "tempf": "66.6",
        "WD": "北风",
        "wde": "N",
        "WS": "1级",
        "wse": "1km/h",
        "SD": "64%",
        "sd": "64%",
        "qy": "1017",
        "njd": "21km",
        "time": "08:00",
        "rain": "0",
        "rain24h": "0",
        "aqi": "39",
        "aqi_pm25": "39",
        "weather": "多云",
        "weathere": "Cloudy",
        "weathercode": "d01",
        "limitnumber": "不限行",
        "date": "10月05日(星期六)"
      },
      "weather": {
        "day": {
          "date": "5日白天",
          "weather": "多云",
          "temp": "24",
          "tempUnit": "°C",
          "wind": {
            "direction": "无持续风向",
            "directionCode": "NNW",
            "level": "<3级"
          },
          "sunrise": "日出 06:18"
        },
        "night": {
          "date": "5日夜间",
          "weather": "多云",
          "temp": "18",
          "tempUnit": "°C",
          "wind": {
            "direction": "无持续风向",
            "directionCode": "NNW",
            "level": "<3级"
          },
          "sunset": "日落 18:04"
        }
      }
    },
    {
      "id": "101210101",
      "province": "浙江",
      "city": "杭州",
      "realtime": {
        "nameen": "hangzhou",
        "cityname": "杭州",
        "city": "101210101",
        "temp": "18.1",
        "tempf": "64.6",
        "WD": "北风",
        "wde": "N",
        "WS": "2级",
        "wse": "8km/h",
        "SD": "98%",
        "sd": "98%",
        "qy": "1015",
        "njd": "2km",
        "time": "08:00",
        "rain": "0.8",
        "rain24h": "0.8",
        "aqi": "25",
        "aqi_pm25": "25",
        "weather": "雨",
        "weathere": null,
        "weathercode": "d301",
        "limitnumber": "不限行",
        "date": "10月05日(星期六)"
      },
      "weather": {
        "day": {
          "date": "5日白天",
          "weather": "小雨",
          "temp": "23",
          "tempUnit": "°C",
          "wind": {
            "direction": "东北风",
            "directionCode": "NE",
            "level": "4-5级"
          },
          "sunrise": "日出 05:54"
        },
        "night": {
          "date": "5日夜间",
          "weather": "小雨",
          "temp": "19",
          "tempUnit": "°C",
          "wind": {
            "direction": "北风",
            "directionCode": "N",
            "level": "4-5级"
          },
          "sunset": "日落 17:41"
        }
      }
    },
    {
      "id": "101220101",
      "province": "安徽",
      "city": "合肥",
      "realtime": {
        "nameen": "hefei",
        "cityname": "合肥",
        "city": "101220101",
        "temp": "18.4",
        "tempf": "65.1",
        "WD": "东北风",
        "wde": "NE",
        "WS": "2级",
        "wse": "9km/h",
        "SD": "76%",
        "sd": "76%",
        "qy": "1015",
        "njd": "17km",
        "time": "08:00",
        "rain": "0",
        "rain24h": "0",
        "aqi": "31",
        "aqi_pm25": "31",
        "weather": "晴",
        "weathere": "Sunny",
        "weathercode": "d00",
        "limitnumber": "",
        "date": "10月05日(星期六)"
      },
      "weather": {
        "day": {
          "date": "5日白天",
          "weather": "阴",
          "temp": "24",
          "tempUnit": "°C",
          "wind": {
            "direction": "东风",
            "directionCode": "E",
            "level": "<3级"
          },
          "sunrise": "日出 06:06"
        },
        "night": {
          "date": "5日夜间",
          "weather": "小雨",
          "temp": "16",
          "tempUnit": "°C",
          "wind": {
            "direction": "东北风",
            "directionCode": "NE",
            "level": "<3级"
          },
          "sunset": "日落 17:52"
        }
      }
    },
    {
      "id": "101230101",
      "province": "福建",
      "city": "福州",
      "realtime": {
        "nameen": "fuzhou",
        "cityname": "福州",
        "city": "101230101",
        "temp": "19.6",
        "tempf": "67.3",
        "WD": "西北风",
        "wde": "NW",
        "WS": "3级",
        "wse": "12km/h",
        "SD": "99%",
        "sd": "99%",
        "qy": "1006",
        "njd": "2km",
        "time": "08:00",
        "rain": "2.7",
        "rain24h": "2.7",
        "aqi": "13",
        "aqi_pm25": "13",
        "weather": "小雨",
        "weathere": "Light rain",
        "weathercode": "d07",
        "limitnumber": "",
        "date": "10月05日(星期六)"
      },
      "weather": {
        "day": {
          "date": "5日白天",
          "weather": "阴",
          "temp": "27",
          "tempUnit": "°C",
          "wind": {
            "direction": "无持续风向",
            "directionCode": "NNW",
            "level": "<3级"
          },
          "sunrise": "日出 05:56"
        },
        "night": {
          "date": "5日夜间",
          "weather": "阴",
          "temp": "23",
          "tempUnit": "°C",
          "wind": {
            "direction": "无持续风向",
            "directionCode": "NNW",
            "level": "<3级"
          },
          "sunset": "日落 17:46"
        }
      }
    },
    {
      "id": "101240101",
      "province": "江西",
      "city": "南昌",
      "realtime": {
        "nameen": "nanchang",
        "cityname": "南昌",
        "city": "101240101",
        "temp": "21.5",
        "tempf": "70.7",
        "WD": "东北风",
        "wde": "NE",
        "WS": "2级",
        "wse": "6km/h",
        "SD": "59%",
        "sd": "59%",
        "qy": "1014",
        "njd": "19km",
        "time": "08:00",
        "rain": "0",
        "rain24h": "0",
        "aqi": "46",
        "aqi_pm25": "46",
        "weather": "晴",
        "weathere": "Sunny",
        "weathercode": "d00",
        "limitnumber": "",
        "date": "10月05日(星期六)"
      },
      "weather": {
        "day": {
          "date": "5日白天",
          "weather": "晴",
          "temp": "28",
          "tempUnit": "°C",
          "wind": {
            "direction": "东北风",
            "directionCode": "NE",
            "level": "<3级"
          },
          "sunrise": "日出 06:11"
        },
        "night": {
          "date": "5日夜间",
          "weather": "多云",
          "temp": "20",
          "tempUnit": "°C",
          "wind": {
            "direction": "东北风",
            "directionCode": "NE",
            "level": "<3级"
          },
          "sunset": "日落 17:59"
        }
      }
    },
    {
      "id": "101250101",
      "province": "湖南",
      "city": "长沙",
      "realtime": {
        "nameen": "changsha",
        "cityname": "长沙",
        "city": "101250101",
        "temp": "18.1",
        "tempf": "64.6",
        "WD": "西风",
        "wde": "W",
        "WS": "2级",
        "wse": "5km/h",
        "SD": "68%",
        "sd": "68%",
        "qy": "1006",
        "njd": "11km",
        "time": "08:00",
        "rain": "0",
        "rain24h": "0",
        "aqi": "58",
        "aqi_pm25": "58",
        "weather": "晴",
        "weathere": "Sunny",
        "weathercode": "d00",
        "limitnumber": "",
        "date": "10月05日(星期六)"
      },
      "weather": {
        "day": {
          "date": "5日白天",
          "weather": "晴",
          "temp": "28",
          "tempUnit": "°C",
          "wind": {
            "direction": "北风",
            "directionCode": "N",
            "level": "<3级"
          },
          "sunrise": "日出 06:22"
        },
        "night": {
          "date": "5日夜间",
          "weather": "多云",
          "temp": "18",
          "tempUnit": "°C",
          "wind": {
            "direction": "北风",
            "directionCode": "N",
            "level": "<3级"
          },
          "sunset": "日落 18:11"
        }
      }
    },
    {
      "id": "101260101",
      "province": "贵州",
      "city": "贵阳",
      "realtime": {
        "nameen": "guiyang",
        "cityname": "贵阳",
        "city": "101260101",
        "temp": "13.3",
        "tempf": "55.9",
        "WD": "东北风",
        "wde": "NE",
        "WS": "2级",
        "wse": "8km/h",
        "SD": "69%",
        "sd": "69%",
        "qy": "883",
        "njd": "22km",
        "time": "08:00",
        "rain": "0",
        "rain24h": "0",
        "aqi": "29",
        "aqi_pm25": "29",
        "weather": "多云",
        "weathere": "Cloudy",
        "weathercode": "d01",
        "limitnumber": null,
        "date": "10月05日(星期六)"
      },
      "weather": {
        "day": {
          "date": "5日白天",
          "weather": "多云",
          "temp": "24",
          "tempUnit": "°C",
          "wind": {
            "direction": "东南风",
            "directionCode": "SE",
            "level": "<3级"
          },
          "sunrise": "日出 06:47"
        },
        "night": {
          "date": "5日夜间",
          "weather": "阴",
          "temp": "13",
          "tempUnit": "°C",
          "wind": {
            "direction": "东北风",
            "directionCode": "NE",
            "level": "<3级"
          },
          "sunset": "日落 18:36"
        }
      }
    },
    {
      "id": "101270101",
      "province": "四川",
      "city": "成都",
      "realtime": {
        "nameen": "chengdu",
        "cityname": "成都",
        "city": "101270101",
        "temp": "15.4",
        "tempf": "59.7",
        "WD": "北风",
        "wde": "N",
        "WS": "1级",
        "wse": "1km/h",
        "SD": "100%",
        "sd": "100%",
        "qy": "963",
        "njd": "2km",
        "time": "08:00",
        "rain": "0",
        "rain24h": "0",
        "aqi": "27",
        "aqi_pm25": "27",
        "weather": "阴",
        "weathere": "Overcast",
        "weathercode": "d02",
        "limitnumber": "不限行",
        "date": "10月05日(星期六)"
      },
      "weather": {
        "day": {
          "date": "5日白天",
          "weather": "小雨",
          "temp": "20",
          "tempUnit": "°C",
          "wind": {
            "direction": "南风",
            "directionCode": "S",
            "level": "<3级"
          },
          "sunrise": "日出 06:59"
        },
        "night": {
          "date": "5日夜间",
          "weather": "小雨",
          "temp": "15",
          "tempUnit": "°C",
          "wind": {
            "direction": "南风",
            "directionCode": "S",
            "level": "<3级"
          },
          "sunset": "日落 18:45"
        }
      }
    },
    {
      "id": "101280101",
      "province": "广东",
      "city": "广州",
      "realtime": {
        "nameen": "guangzhou",
        "cityname": "广州",
        "city": "101280101",
        "temp": "23.1",
        "tempf": "73.6",
        "WD": "北风",
        "wde": "N",
        "WS": "1级",
        "wse": "3km/h",
        "SD": "59%",
        "sd": "59%",
        "qy": "1011",
        "njd": "22km",
        "time": "08:00",
        "rain": "0",
        "rain24h": "0",
        "aqi": "38",
        "aqi_pm25": "38",
        "weather": "晴",
        "weathere": "Sunny",
        "weathercode": "d00",
        "limitnumber": "不限行",
        "date": "10月05日(星期六)"
      },
      "weather": {
        "day": {
          "date": "5日白天",
          "weather": "晴",
          "temp": "31",
          "tempUnit": "°C",
          "wind": {
            "direction": "无持续风向",
            "directionCode": "NNW",
            "level": "<3级"
          },
          "sunrise": "日出 06:19"
        },
        "night": {
          "date": "5日夜间",
          "weather": "晴",
          "temp": "22",
          "tempUnit": "°C",
          "wind": {
            "direction": "无持续风向",
            "directionCode": "NNW",
            "level": "<3级"
          },
          "sunset": "日落 18:11"
        }
      }
    },
    {
      "id": "101290101",
      "province": "云南",
      "city": "昆明",
      "realtime": {
        "nameen": "kunming",
        "cityname": "昆明",
        "city": "101290101",
        "temp": "17.8",
        "tempf": "64",
        "WD": "南风",
        "wde": "S",
        "WS": "2级",
        "wse": "6km/h",
        "SD": "83%",
        "sd": "83%",
        "qy": "815",
        "njd": "30km",
        "time": "08:00",
        "rain": "0",
        "rain24h": "0",
        "aqi": "15",
        "aqi_pm25": "15",
        "weather": "阴",
        "weathere": "Overcast",
        "weathercode": "d02",
        "limitnumber": "",
        "date": "10月05日(星期六)"
      },
      "weather": {
        "day": {
          "date": "5日白天",
          "weather": "多云",
          "temp": "23",
          "tempUnit": "°C",
          "wind": {
            "direction": "无持续风向",
            "directionCode": "NNW",
            "level": "<3级"
          },
          "sunrise": "日出 07:01"
        },
        "night": {
          "date": "5日夜间",
          "weather": "多云",
          "temp": "17",
          "tempUnit": "°C",
          "wind": {
            "direction": "无持续风向",
            "directionCode": "NNW",
            "level": "<3级"
          },
          "sunset": "日落 18:52"
        }
      }
    },
    {
      "id": "101300101",
      "province": "广西",
      "city": "南宁",
      "realtime": {
        "nameen": "nanning",
        "cityname": "南宁",
        "city": "101300101",
        "temp": "21.8",
        "tempf": "71.2",
        "WD": "东风",
        "wde": "E",
        "WS": "1级",
        "wse": "2km/h",
        "SD": "67%",
        "sd": "67%",
        "qy": "998",
        "njd": "20km",
        "time": "08:00",
        "rain": "0",
        "rain24h": "0",
        "aqi": "67",
        "aqi_pm25": "67",
        "weather": "晴",
        "weathere": "Sunny",
        "weathercode": "d00",
        "limitnumber": "",
        "date": "10月05日(星期六)"
      },
      "weather": {
        "day": {
          "date": "5日白天",
          "weather": "晴",
          "temp": "30",
          "tempUnit": "°C",
          "wind": {
            "direction": "东北风",
            "directionCode": "NE",
            "level": "<3级"
          },
          "sunrise": "日出 06:39"
        },
        "night": {
          "date": "5日夜间",
          "weather": "晴",
          "temp": "19",
          "tempUnit": "°C",
          "wind": {
            "direction": "东北风",
            "directionCode": "NE",
            "level": "<3级"
          },
          "sunset": "日落 18:31"
        }
      }
    },
    {
      "id": "101310101",
      "province": "海南",
      "city": "海口",
      "realtime": {
        "nameen": "haikou",
        "cityname": "海口",
        "city": "101310101",
        "temp": "26.9",
        "tempf": "80.4",
        "WD": "北风",
        "wde": "N",
        "WS": "3级",
        "wse": "12km/h",
        "SD": "66%",
        "sd": "66%",
        "qy": "1007",
        "njd": "30km",
        "time": "08:00",
        "rain": "0",
        "rain24h": "0",
        "aqi": "45",
        "aqi_pm25": "45",
        "weather": "晴",
        "weathere": "Sunny",
        "weathercode": "d00",
        "limitnumber": "",
        "date": "10月05日(星期六)"
      },
      "weather": {
        "day": {
          "date": "5日白天",
          "weather": "多云",
          "temp": "30",
          "tempUnit": "°C",
          "wind": {
            "direction": "东北风",
            "directionCode": "NE",
            "level": "3-4级"
          },
          "sunrise": "日出 06:30"
        },
        "night": {
          "date": "5日夜间",
          "weather": "多云",
          "temp": "23",
          "tempUnit": "°C",
          "wind": {
            "direction": "无持续风向",
            "directionCode": "NNW",
            "level": "<3级"
          },
          "sunset": "日落 18:24"
        }
      }
    },
    {
      "id": "101320101",
      "province": "香港",
      "city": "香港",
      "realtime": {
        "nameen": "hongkong",
        "cityname": "香港",
        "city": "101320101",
        "temp": "25.3",
        "tempf": "77.5",
        "WD": "微风",
        "wde": "NWW",
        "WS": "3级",
        "wse": "12km/h",
        "SD": "66%",
        "sd": "66%",
        "qy": "999",
        "njd": "28km",
        "time": "08:00",
        "rain": "0",
        "rain24h": "0",
        "aqi": "37",
        "aqi_pm25": "37",
        "weather": "阴",
        "weathere": "Overcast",
        "weathercode": "d02",
        "limitnumber": "",
        "date": "10月05日(星期六)"
      },
      "weather": {
        "day": {
          "date": "5日白天",
          "weather": "晴",
          "temp": "31",
          "tempUnit": "°C",
          "wind": {
            "direction": "无持续风向",
            "directionCode": "NNW",
            "level": "<3级"
          },
          "sunrise": "日出 06:15"
        },
        "night": {
          "date": "5日夜间",
          "weather": "晴",
          "temp": "23",
          "tempUnit": "°C",
          "wind": {
            "direction": "无持续风向",
            "directionCode": "NNW",
            "level": "<3级"
          },
          "sunset": "日落 18:08"
        }
      }
    },
    {
      "id": "101330101",
      "province": "澳门",
      "city": "澳门",
      "realtime": {
        "nameen": "macao",
        "cityname": "澳门",
        "city": "101330101",
        "temp": "25.1",
        "tempf": "77.2",
        "WD": "微风",
        "wde": "NWW",
        "WS": "2级",
        "wse": "5km/h",
        "SD": "60%",
        "sd": "60%",
        "qy": "1006",
        "njd": "28km",
        "time": "08:00",
        "rain": "0",
        "rain24h": "0",
        "aqi": "43",
        "aqi_pm25": "43",
        "weather": "多云",
        "weathere": "Cloudy",
        "weathercode": "d01",
        "limitnumber": "",
        "date": "10月05日(星期六)"
      },
      "weather": {
        "day": {
          "date": "5日白天",
          "weather": "晴",
          "temp": "31",
          "tempUnit": "°C",
          "wind": {
            "direction": "北风",
            "directionCode": "N",
            "level": "3-4级"
          },
          "sunrise": "日出 06:18"
        },
        "night": {
          "date": "5日夜间",
          "weather": "晴",
          "temp": "24",
          "tempUnit": "°C",
          "wind": {
            "direction": "无持续风向",
            "directionCode": "NNW",
            "level": "<3级"
          },
          "sunset": "日落 18:10"
        }
      }
    },
    {
      "id": "101340101",
      "province": "台湾",
      "city": "台北",
      "realtime": {
        "nameen": "taibeixian",
        "cityname": "台北",
        "city": "101340101",
        "temp": "23.6",
        "tempf": "74.5",
        "WD": "微风",
        "wde": "NWW",
        "WS": "0级",
        "wse": "0km/h",
        "SD": "91%",
        "sd": "91%",
        "qy": "1007",
        "njd": "11km",
        "time": "08:00",
        "rain": "0",
        "rain24h": "0",
        "aqi": "50",
        "aqi_pm25": "50",
        "weather": "阴",
        "weathere": "Overcast",
        "weathercode": "d02",
        "limitnumber": "",
        "date": "10月05日(星期六)"
      },
      "weather": {
        "day": {
          "date": "5日白天",
          "weather": "多云",
          "temp": "29",
          "tempUnit": "°C",
          "wind": {
            "direction": "无持续风向",
            "directionCode": "NNW",
            "level": "<3级"
          },
          "sunrise": "日出 05:47"
        },
        "night": {
          "date": "5日夜间",
          "weather": "多云",
          "temp": "24",
          "tempUnit": "°C",
          "wind": {
            "direction": "无持续风向",
            "directionCode": "NNW",
            "level": "<3级"
          },
          "sunset": "日落 17:37"
        }
      }
    }
  ]
}
