{
  "timestamp": 1699473803507,
  "lastUpdate": "2023-11-09 04:03:23",
  "data": [
    {
      "id": "101010100",
      "province": "北京",
      "city": "北京",
      "realtime": {
        "nameen": "beijing",
        "cityname": "北京",
        "city": "101010100",
        "temp": "7.2",
        "tempf": "45",
        "WD": "北风",
        "wde": "N",
        "WS": "3级",
        "wse": "17km/h",
        "SD": "27%",
        "sd": "27%",
        "qy": "1018",
        "njd": "30km",
        "time": "03:45",
        "rain": "0",
        "rain24h": "0",
        "aqi": "21",
        "aqi_pm25": "21",
        "weather": "晴",
        "weathere": "Sunny",
        "weathercode": "d00",
        "limitnumber": "5和0",
        "date": "11月09日(星期四)"
      },
      "weather": {
        "day": {
          "date": "8日夜间",
          "weather": "晴",
          "temp": "2",
          "tempUnit": "°C",
          "wind": {
            "direction": "北风",
            "directionCode": "N",
            "level": "3-4级"
          },
          "sunrise": "日落 17:05"
        },
        "night": {
          "date": "9日白天",
          "weather": "晴",
          "temp": "8",
          "tempUnit": "°C",
          "wind": {
            "direction": "北风",
            "directionCode": "N",
            "level": "3-4级"
          },
          "sunset": "日出 06:50"
        }
      }
    },
    {
      "id": "101020100",
      "province": "上海",
      "city": "上海",
      "realtime": {
        "nameen": "shanghai",
        "cityname": "上海",
        "city": "101020100",
        "temp": "16.6",
        "tempf": "61.9",
        "WD": "北风",
        "wde": "N",
        "WS": "2级",
        "wse": "11km/h",
        "SD": "84%",
        "sd": "84%",
        "qy": "1017",
        "njd": "13km",
        "time": "03:45",
        "rain": "0",
        "rain24h": "0",
        "aqi": "49",
        "aqi_pm25": "49",
        "weather": "晴",
        "weathere": "Sunny",
        "weathercode": "d00",
        "limitnumber": "",
        "date": "11月09日(星期四)"
      },
      "weather": {
        "day": {
          "date": "8日夜间",
          "weather": "阴",
          "temp": "16",
          "tempUnit": "°C",
          "wind": {
            "direction": "无持续风向",
            "directionCode": "NNW",
            "level": "<3级"
          },
          "sunrise": "日落 17:00"
        },
        "night": {
          "date": "9日白天",
          "weather": "中雨",
          "temp": "21",
          "tempUnit": "°C",
          "wind": {
            "direction": "无持续风向",
            "directionCode": "NNW",
            "level": "<3级"
          },
          "sunset": "日出 06:14"
        }
      }
    },
    {
      "id": "101030100",
      "province": "天津",
      "city": "天津",
      "realtime": {
        "nameen": "tianjin",
        "cityname": "天津",
        "city": "101030100",
        "temp": "7.5",
        "tempf": "45.5",
        "WD": "西北风",
        "wde": "NW",
        "WS": "2级",
        "wse": "8km/h",
        "SD": "83%",
        "sd": "83%",
        "qy": "1020",
        "njd": "8km",
        "time": "03:45",
        "rain": "0",
        "rain24h": "0",
        "aqi": "70",
        "aqi_pm25": "70",
        "weather": "晴",
        "weathere": "Sunny",
        "weathercode": "d00",
        "limitnumber": "5和0",
        "date": "11月09日(星期四)"
      },
      "weather": {
        "day": {
          "date": "8日夜间",
          "weather": "多云",
          "temp": "4",
          "tempUnit": "°C",
          "wind": {
            "direction": "北风",
            "directionCode": "N",
            "level": "4-5级"
          },
          "sunrise": "日落 17:03"
        },
        "night": {
          "date": "9日白天",
          "weather": "晴",
          "temp": "6",
          "tempUnit": "°C",
          "wind": {
            "direction": "北风",
            "directionCode": "N",
            "level": "4-5级"
          },
          "sunset": "日出 06:45"
        }
      }
    },
    {
      "id": "101040100",
      "province": "重庆",
      "city": "重庆",
      "realtime": {
        "nameen": "chongqing",
        "cityname": "重庆",
        "city": "101040100",
        "temp": "18.7",
        "tempf": "65.7",
        "WD": "西南风",
        "wde": "SW",
        "WS": "1级",
        "wse": "2km/h",
        "SD": "78%",
        "sd": "78%",
        "qy": "983",
        "njd": "11km",
        "time": "03:50",
        "rain": "0",
        "rain24h": "0",
        "aqi": "60",
        "aqi_pm25": "60",
        "weather": "阴",
        "weathere": "Overcast",
        "weathercode": "d02",
        "limitnumber": "4和9",
        "date": "11月09日(星期四)"
      },
      "weather": {
        "day": {
          "date": "8日夜间",
          "weather": "小雨",
          "temp": "17",
          "tempUnit": "°C",
          "wind": {
            "direction": "西风",
            "directionCode": "W",
            "level": "<3级"
          },
          "sunrise": "日落 18:02"
        },
        "night": {
          "date": "9日白天",
          "weather": "阴",
          "temp": "22",
          "tempUnit": "°C",
          "wind": {
            "direction": "东北风",
            "directionCode": "NE",
            "level": "<3级"
          },
          "sunset": "日出 07:12"
        }
      }
    },
    {
      "id": "101050101",
      "province": "黑龙江",
      "city": "哈尔滨",
      "realtime": {
        "nameen": "haerbin",
        "cityname": "哈尔滨",
        "city": "101050101",
        "temp": "-5.2",
        "tempf": "22.6",
        "WD": "南风",
        "wde": "S",
        "WS": "2级",
        "wse": "8km/h",
        "SD": "94%",
        "sd": "94%",
        "qy": "1007",
        "njd": "1km",
        "time": "03:45",
        "rain": "0",
        "rain24h": "0",
        "aqi": "107",
        "aqi_pm25": "107",
        "weather": "雾",
        "weathere": "Foggy",
        "weathercode": "d18",
        "limitnumber": "",
        "date": "11月09日(星期四)"
      },
      "weather": {
        "day": {
          "date": "8日夜间",
          "weather": "多云",
          "temp": "-15",
          "tempUnit": "°C",
          "wind": {
            "direction": "西风",
            "directionCode": "W",
            "level": "3-4级"
          },
          "sunrise": "日落 16:12"
        },
        "night": {
          "date": "9日白天",
          "weather": "多云",
          "temp": "-6",
          "tempUnit": "°C",
          "wind": {
            "direction": "西风",
            "directionCode": "W",
            "level": "3-4级"
          },
          "sunset": "日出 06:23"
        }
      }
    },
    {
      "id": "101060101",
      "province": "吉林",
      "city": "长春",
      "realtime": {
        "nameen": "changchun",
        "cityname": "长春",
        "city": "101060101",
        "temp": "-5.5",
        "tempf": "22.1",
        "WD": "西风",
        "wde": "W",
        "WS": "1级",
        "wse": "3km/h",
        "SD": "100%",
        "sd": "100%",
        "qy": "992",
        "njd": "0km",
        "time": "03:45",
        "rain": "0",
        "rain24h": "0",
        "aqi": "83",
        "aqi_pm25": "83",
        "weather": "雾",
        "weathere": "Foggy",
        "weathercode": "d18",
        "limitnumber": "",
        "date": "11月09日(星期四)"
      },
      "weather": {
        "day": {
          "date": "8日夜间",
          "weather": "多云",
          "temp": "-12",
          "tempUnit": "°C",
          "wind": {
            "direction": "西南风",
            "directionCode": "SW",
            "level": "<3级"
          },
          "sunrise": "日落 16:21"
        },
        "night": {
          "date": "9日白天",
          "weather": "多云",
          "temp": "-4",
          "tempUnit": "°C",
          "wind": {
            "direction": "西南风",
            "directionCode": "SW",
            "level": "<3级"
          },
          "sunset": "日出 06:23"
        }
      }
    },
    {
      "id": "101070101",
      "province": "辽宁",
      "city": "沈阳",
      "realtime": {
        "nameen": "shenyang",
        "cityname": "沈阳",
        "city": "101070101",
        "temp": "-0.4",
        "tempf": "31.3",
        "WD": "西北风",
        "wde": "NW",
        "WS": "3级",
        "wse": "18km/h",
        "SD": "91%",
        "sd": "91%",
        "qy": "1014",
        "njd": "7km",
        "time": "03:45",
        "rain": "0",
        "rain24h": "0",
        "aqi": "103",
        "aqi_pm25": "103",
        "weather": "阴",
        "weathere": "Overcast",
        "weathercode": "d02",
        "limitnumber": "",
        "date": "11月09日(星期四)"
      },
      "weather": {
        "day": {
          "date": "8日夜间",
          "weather": "阵雪",
          "temp": "-3",
          "tempUnit": "°C",
          "wind": {
            "direction": "北风",
            "directionCode": "N",
            "level": "3-4级"
          },
          "sunrise": "日落 16:33"
        },
        "night": {
          "date": "9日白天",
          "weather": "多云",
          "temp": "1",
          "tempUnit": "°C",
          "wind": {
            "direction": "北风",
            "directionCode": "N",
            "level": "3-4级"
          },
          "sunset": "日出 06:26"
        }
      }
    },
    {
      "id": "101080101",
      "province": "内蒙古",
      "city": "呼和浩特",
      "realtime": {
        "nameen": "huhehaote",
        "cityname": "呼和浩特",
        "city": "101080101",
        "temp": "-10.2",
        "tempf": "13.6",
        "WD": "北风",
        "wde": "N",
        "WS": "3级",
        "wse": "13km/h",
        "SD": "57%",
        "sd": "57%",
        "qy": "892",
        "njd": "30km",
        "time": "03:50",
        "rain": "0",
        "rain24h": "0",
        "aqi": "19",
        "aqi_pm25": "19",
        "weather": "晴",
        "weathere": "Sunny",
        "weathercode": "d00",
        "limitnumber": "",
        "date": "11月09日(星期四)"
      },
      "weather": {
        "day": {
          "date": "8日夜间",
          "weather": "晴",
          "temp": "-9",
          "tempUnit": "°C",
          "wind": {
            "direction": "北风",
            "directionCode": "N",
            "level": "4-5级"
          },
          "sunrise": "日落 17:22"
        },
        "night": {
          "date": "9日白天",
          "weather": "晴",
          "temp": "0",
          "tempUnit": "°C",
          "wind": {
            "direction": "北风",
            "directionCode": "N",
            "level": "3-4级"
          },
          "sunset": "日出 07:11"
        }
      }
    },
    {
      "id": "101090101",
      "province": "河北",
      "city": "石家庄",
      "realtime": {
        "nameen": "shijiazhuang",
        "cityname": "石家庄",
        "city": "101090101",
        "temp": "6",
        "tempf": "42.8",
        "WD": "北风",
        "wde": "N",
        "WS": "2级",
        "wse": "9km/h",
        "SD": "85%",
        "sd": "85%",
        "qy": "1009",
        "njd": "2km",
        "time": "03:50",
        "rain": "0",
        "rain24h": "0",
        "aqi": "110",
        "aqi_pm25": "110",
        "weather": "霾",
        "weathere": "haze",
        "weathercode": "d53",
        "limitnumber": "",
        "date": "11月09日(星期四)"
      },
      "weather": {
        "day": {
          "date": "8日夜间",
          "weather": "晴",
          "temp": "3",
          "tempUnit": "°C",
          "wind": {
            "direction": "北风",
            "directionCode": "N",
            "level": "<3级"
          },
          "sunrise": "日落 17:16"
        },
        "night": {
          "date": "9日白天",
          "weather": "晴",
          "temp": "10",
          "tempUnit": "°C",
          "wind": {
            "direction": "北风",
            "directionCode": "N",
            "level": "3-4级"
          },
          "sunset": "日出 06:54"
        }
      }
    },
    {
      "id": "101100101",
      "province": "山西",
      "city": "太原",
      "realtime": {
        "nameen": "taiyuan",
        "cityname": "太原",
        "city": "101100101",
        "temp": "7.2",
        "tempf": "45",
        "WD": "北风",
        "wde": "N",
        "WS": "1级",
        "wse": "5km/h",
        "SD": "22%",
        "sd": "22%",
        "qy": "931",
        "njd": "25km",
        "time": "03:50",
        "rain": "0",
        "rain24h": "0",
        "aqi": "65",
        "aqi_pm25": "65",
        "weather": "阴",
        "weathere": "Overcast",
        "weathercode": "d02",
        "limitnumber": "",
        "date": "11月09日(星期四)"
      },
      "weather": {
        "day": {
          "date": "8日夜间",
          "weather": "晴",
          "temp": "-2",
          "tempUnit": "°C",
          "wind": {
            "direction": "西北风",
            "directionCode": "NW",
            "level": "3-4级"
          },
          "sunrise": "日落 17:24"
        },
        "night": {
          "date": "9日白天",
          "weather": "晴",
          "temp": "10",
          "tempUnit": "°C",
          "wind": {
            "direction": "北风",
            "directionCode": "N",
            "level": "<3级"
          },
          "sunset": "日出 07:02"
        }
      }
    },
    {
      "id": "101110101",
      "province": "陕西",
      "city": "西安",
      "realtime": {
        "nameen": "xian",
        "cityname": "西安",
        "city": "101110101",
        "temp": "7.8",
        "tempf": "46",
        "WD": "北风",
        "wde": "N",
        "WS": "0级",
        "wse": "0km/h",
        "SD": "100%",
        "sd": "100%",
        "qy": "972",
        "njd": "3km",
        "time": "03:45",
        "rain": "0",
        "rain24h": "0",
        "aqi": "88",
        "aqi_pm25": "88",
        "weather": "霾",
        "weathere": "haze",
        "weathercode": "d53",
        "limitnumber": "4和9",
        "date": "11月09日(星期四)"
      },
      "weather": {
        "day": {
          "date": "8日夜间",
          "weather": "阴",
          "temp": "7",
          "tempUnit": "°C",
          "wind": {
            "direction": "东北风",
            "directionCode": "NE",
            "level": "<3级"
          },
          "sunrise": "日落 17:45"
        },
        "night": {
          "date": "9日白天",
          "weather": "阴",
          "temp": "17",
          "tempUnit": "°C",
          "wind": {
            "direction": "东北风",
            "directionCode": "NE",
            "level": "<3级"
          },
          "sunset": "日出 07:10"
        }
      }
    },
    {
      "id": "101120101",
      "province": "山东",
      "city": "济南",
      "realtime": {
        "nameen": "jinan",
        "cityname": "济南",
        "city": "101120101",
        "temp": "9.6",
        "tempf": "49.3",
        "WD": "东风",
        "wde": "E",
        "WS": "2级",
        "wse": "8km/h",
        "SD": "83%",
        "sd": "83%",
        "qy": "997",
        "njd": "4km",
        "time": "03:50",
        "rain": "0",
        "rain24h": "0",
        "aqi": "97",
        "aqi_pm25": "97",
        "weather": "晴",
        "weathere": "Sunny",
        "weathercode": "d00",
        "limitnumber": "",
        "date": "11月09日(星期四)"
      },
      "weather": {
        "day": {
          "date": "8日夜间",
          "weather": "多云",
          "temp": "8",
          "tempUnit": "°C",
          "wind": {
            "direction": "无持续风向",
            "directionCode": "NNW",
            "level": "<3级"
          },
          "sunrise": "日落 17:08"
        },
        "night": {
          "date": "9日白天",
          "weather": "多云",
          "temp": "11",
          "tempUnit": "°C",
          "wind": {
            "direction": "北风",
            "directionCode": "N",
            "level": "4-5级"
          },
          "sunset": "日出 06:41"
        }
      }
    },
    {
      "id": "101130101",
      "province": "新疆",
      "city": "乌鲁木齐",
      "realtime": {
        "nameen": "wulumuqi",
        "cityname": "乌鲁木齐",
        "city": "101130101",
        "temp": "1.6",
        "tempf": "34.9",
        "WD": "微风",
        "wde": "NWW",
        "WS": "1级",
        "wse": "1km/h",
        "SD": "58%",
        "sd": "58%",
        "qy": "906",
        "njd": "8km",
        "time": "04:00",
        "rain": "0",
        "rain24h": "0",
        "aqi": "78",
        "aqi_pm25": "78",
        "weather": "多云",
        "weathere": "Cloudy",
        "weathercode": "d01",
        "limitnumber": "",
        "date": "11月09日(星期四)"
      },
      "weather": {
        "day": {
          "date": "8日夜间",
          "weather": "晴",
          "temp": "0",
          "tempUnit": "°C",
          "wind": {
            "direction": "无持续风向",
            "directionCode": "NNW",
            "level": "<3级"
          },
          "sunrise": "日落 18:52"
        },
        "night": {
          "date": "9日白天",
          "weather": "多云",
          "temp": "7",
          "tempUnit": "°C",
          "wind": {
            "direction": "无持续风向",
            "directionCode": "NNW",
            "level": "<3级"
          },
          "sunset": "日出 08:54"
        }
      }
    },
    {
      "id": "101140101",
      "province": "西藏",
      "city": "拉萨",
      "realtime": {
        "nameen": "lasa",
        "cityname": "拉萨",
        "city": "101140101",
        "temp": "2.2",
        "tempf": "36",
        "WD": "微风",
        "wde": "NWW",
        "WS": "1级",
        "wse": "1km/h",
        "SD": "50%",
        "sd": "50%",
        "qy": "652",
        "njd": "27km",
        "time": "04:00",
        "rain": "0",
        "rain24h": "0",
        "aqi": "18",
        "aqi_pm25": "18",
        "weather": "阴",
        "weathere": "Overcast",
        "weathercode": "d02",
        "limitnumber": "",
        "date": "11月09日(星期四)"
      },
      "weather": {
        "day": {
          "date": "8日夜间",
          "weather": "阴",
          "temp": "-1",
          "tempUnit": "°C",
          "wind": {
            "direction": "无持续风向",
            "directionCode": "NNW",
            "level": "<3级"
          },
          "sunrise": "日落 19:04"
        },
        "night": {
          "date": "9日白天",
          "weather": "阴",
          "temp": "12",
          "tempUnit": "°C",
          "wind": {
            "direction": "北风",
            "directionCode": "N",
            "level": "3-4级"
          },
          "sunset": "日出 08:13"
        }
      }
    },
    {
      "id": "101150101",
      "province": "青海",
      "city": "西宁",
      "realtime": {
        "nameen": "xining",
        "cityname": "西宁",
        "city": "101150101",
        "temp": "-1.4",
        "tempf": "29.5",
        "WD": "东风",
        "wde": "E",
        "WS": "1级",
        "wse": "3km/h",
        "SD": "48%",
        "sd": "48%",
        "qy": "760",
        "njd": "22km",
        "time": "03:50",
        "rain": "0",
        "rain24h": "0",
        "aqi": "61",
        "aqi_pm25": "61",
        "weather": "晴",
        "weathere": "Sunny",
        "weathercode": "d00",
        "limitnumber": "",
        "date": "11月09日(星期四)"
      },
      "weather": {
        "day": {
          "date": "8日夜间",
          "weather": "晴",
          "temp": "-4",
          "tempUnit": "°C",
          "wind": {
            "direction": "无持续风向",
            "directionCode": "NNW",
            "level": "<3级"
          },
          "sunrise": "日落 18:10"
        },
        "night": {
          "date": "9日白天",
          "weather": "晴",
          "temp": "12",
          "tempUnit": "°C",
          "wind": {
            "direction": "无持续风向",
            "directionCode": "NNW",
            "level": "<3级"
          },
          "sunset": "日出 07:42"
        }
      }
    },
    {
      "id": "101160101",
      "province": "甘肃",
      "city": "兰州",
      "realtime": {
        "nameen": "lanzhou",
        "cityname": "兰州",
        "city": "101160101",
        "temp": "-2.4",
        "tempf": "27.7",
        "WD": "西风",
        "wde": "W",
        "WS": "1级",
        "wse": "3km/h",
        "SD": "72%",
        "sd": "72%",
        "qy": "813",
        "njd": "19km",
        "time": "03:50",
        "rain": "0",
        "rain24h": "0",
        "aqi": "73",
        "aqi_pm25": "73",
        "weather": "晴",
        "weathere": "Sunny",
        "weathercode": "d00",
        "limitnumber": "4和9",
        "date": "11月09日(星期四)"
      },
      "weather": {
        "day": {
          "date": "8日夜间",
          "weather": "晴",
          "temp": "0",
          "tempUnit": "°C",
          "wind": {
            "direction": "无持续风向",
            "directionCode": "NNW",
            "level": "<3级"
          },
          "sunrise": "日落 18:03"
        },
        "night": {
          "date": "9日白天",
          "weather": "晴",
          "temp": "13",
          "tempUnit": "°C",
          "wind": {
            "direction": "无持续风向",
            "directionCode": "NNW",
            "level": "<3级"
          },
          "sunset": "日出 07:33"
        }
      }
    },
    {
      "id": "101170101",
      "province": "宁夏",
      "city": "银川",
      "realtime": {
        "nameen": "yinchuan",
        "cityname": "银川",
        "city": "101170101",
        "temp": "-0.6",
        "tempf": "30.9",
        "WD": "东北风",
        "wde": "NE",
        "WS": "1级",
        "wse": "3km/h",
        "SD": "35%",
        "sd": "35%",
        "qy": "896",
        "njd": "30km",
        "time": "03:50",
        "rain": "0",
        "rain24h": "0",
        "aqi": "49",
        "aqi_pm25": "49",
        "weather": "晴",
        "weathere": "Sunny",
        "weathercode": "d00",
        "limitnumber": "",
        "date": "11月09日(星期四)"
      },
      "weather": {
        "day": {
          "date": "8日夜间",
          "weather": "晴",
          "temp": "-3",
          "tempUnit": "°C",
          "wind": {
            "direction": "无持续风向",
            "directionCode": "NNW",
            "level": "<3级"
          },
          "sunrise": "日落 17:48"
        },
        "night": {
          "date": "9日白天",
          "weather": "晴",
          "temp": "7",
          "tempUnit": "°C",
          "wind": {
            "direction": "无持续风向",
            "directionCode": "NNW",
            "level": "<3级"
          },
          "sunset": "日出 07:28"
        }
      }
    },
    {
      "id": "101180101",
      "province": "河南",
      "city": "郑州",
      "realtime": {
        "nameen": "zhengzhou",
        "cityname": "郑州",
        "city": "101180101",
        "temp": "9.5",
        "tempf": "49.1",
        "WD": "北风",
        "wde": "N",
        "WS": "0级",
        "wse": "0km/h",
        "SD": "98%",
        "sd": "98%",
        "qy": "1004",
        "njd": "0km",
        "time": "03:50",
        "rain": "0",
        "rain24h": "0",
        "aqi": "120",
        "aqi_pm25": "120",
        "weather": "雾",
        "weathere": "Foggy",
        "weathercode": "d18",
        "limitnumber": "4和9",
        "date": "11月09日(星期四)"
      },
      "weather": {
        "day": {
          "date": "8日夜间",
          "weather": "阴",
          "temp": "10",
          "tempUnit": "°C",
          "wind": {
            "direction": "东北风",
            "directionCode": "NE",
            "level": "<3级"
          },
          "sunrise": "日落 17:26"
        },
        "night": {
          "date": "9日白天",
          "weather": "多云",
          "temp": "14",
          "tempUnit": "°C",
          "wind": {
            "direction": "东北风",
            "directionCode": "NE",
            "level": "3-4级"
          },
          "sunset": "日出 06:52"
        }
      }
    },
    {
      "id": "101190101",
      "province": "江苏",
      "city": "南京",
      "realtime": {
        "nameen": "nanjing",
        "cityname": "南京",
        "city": "101190101",
        "temp": "12.7",
        "tempf": "54.9",
        "WD": "北风",
        "wde": "N",
        "WS": "0级",
        "wse": "0km/h",
        "SD": "94%",
        "sd": "94%",
        "qy": "1013",
        "njd": "7km",
        "time": "03:50",
        "rain": "0",
        "rain24h": "0",
        "aqi": "59",
        "aqi_pm25": "59",
        "weather": "晴",
        "weathere": "Sunny",
        "weathercode": "d00",
        "limitnumber": "",
        "date": "11月09日(星期四)"
      },
      "weather": {
        "day": {
          "date": "8日夜间",
          "weather": "多云",
          "temp": "12",
          "tempUnit": "°C",
          "wind": {
            "direction": "东南风",
            "directionCode": "SE",
            "level": "3-4级"
          },
          "sunrise": "日落 17:10"
        },
        "night": {
          "date": "9日白天",
          "weather": "中雨",
          "temp": "19",
          "tempUnit": "°C",
          "wind": {
            "direction": "东北风",
            "directionCode": "NE",
            "level": "4-5级"
          },
          "sunset": "日出 06:26"
        }
      }
    },
    {
      "id": "101200101",
      "province": "湖北",
      "city": "武汉",
      "realtime": {
        "nameen": "wuhan",
        "cityname": "武汉",
        "city": "101200101",
        "temp": "17.1",
        "tempf": "62.8",
        "WD": "北风",
        "wde": "N",
        "WS": "1级",
        "wse": "4km/h",
        "SD": "95%",
        "sd": "95%",
        "qy": "1013",
        "njd": "2km",
        "time": "03:55",
        "rain": "0.2",
        "rain24h": "0.2",
        "aqi": "49",
        "aqi_pm25": "49",
        "weather": "雨",
        "weathere": null,
        "weathercode": "d301",
        "limitnumber": "双号限行",
        "date": "11月09日(星期四)"
      },
      "weather": {
        "day": {
          "date": "8日夜间",
          "weather": "小雨",
          "temp": "17",
          "tempUnit": "°C",
          "wind": {
            "direction": "无持续风向",
            "directionCode": "NNW",
            "level": "<3级"
          },
          "sunrise": "日落 17:30"
        },
        "night": {
          "date": "9日白天",
          "weather": "小雨",
          "temp": "18",
          "tempUnit": "°C",
          "wind": {
            "direction": "东北风",
            "directionCode": "NE",
            "level": "3-4级"
          },
          "sunset": "日出 06:42"
        }
      }
    },
    {
      "id": "101210101",
      "province": "浙江",
      "city": "杭州",
      "realtime": {
        "nameen": "hangzhou",
        "cityname": "杭州",
        "city": "101210101",
        "temp": "15.3",
        "tempf": "59.5",
        "WD": "西南风",
        "wde": "SW",
        "WS": "2级",
        "wse": "7km/h",
        "SD": "92%",
        "sd": "92%",
        "qy": "1012",
        "njd": "6km",
        "time": "03:45",
        "rain": "0",
        "rain24h": "0",
        "aqi": "52",
        "aqi_pm25": "52",
        "weather": "多云",
        "weathere": "Cloudy",
        "weathercode": "d01",
        "limitnumber": "4和6",
        "date": "11月09日(星期四)"
      },
      "weather": {
        "day": {
          "date": "8日夜间",
          "weather": "阴",
          "temp": "14",
          "tempUnit": "°C",
          "wind": {
            "direction": "无持续风向",
            "directionCode": "NNW",
            "level": "<3级"
          },
          "sunrise": "日落 17:07"
        },
        "night": {
          "date": "9日白天",
          "weather": "中雨",
          "temp": "19",
          "tempUnit": "°C",
          "wind": {
            "direction": "北风",
            "directionCode": "N",
            "level": "3-4级"
          },
          "sunset": "日出 06:18"
        }
      }
    },
    {
      "id": "101220101",
      "province": "安徽",
      "city": "合肥",
      "realtime": {
        "nameen": "hefei",
        "cityname": "合肥",
        "city": "101220101",
        "temp": "11.9",
        "tempf": "53.4",
        "WD": "东北风",
        "wde": "NE",
        "WS": "1级",
        "wse": "4km/h",
        "SD": "98%",
        "sd": "98%",
        "qy": "1009",
        "njd": "1km",
        "time": "03:45",
        "rain": "0",
        "rain24h": "0",
        "aqi": "44",
        "aqi_pm25": "44",
        "weather": "雾",
        "weathere": "Foggy",
        "weathercode": "d18",
        "limitnumber": "",
        "date": "11月09日(星期四)"
      },
      "weather": {
        "day": {
          "date": "8日夜间",
          "weather": "阴",
          "temp": "11",
          "tempUnit": "°C",
          "wind": {
            "direction": "东风",
            "directionCode": "E",
            "level": "<3级"
          },
          "sunrise": "日落 17:16"
        },
        "night": {
          "date": "9日白天",
          "weather": "小雨",
          "temp": "18",
          "tempUnit": "°C",
          "wind": {
            "direction": "东北风",
            "directionCode": "NE",
            "level": "3-4级"
          },
          "sunset": "日出 06:32"
        }
      }
    },
    {
      "id": "101230101",
      "province": "福建",
      "city": "福州",
      "realtime": {
        "nameen": "fuzhou",
        "cityname": "福州",
        "city": "101230101",
        "temp": "19.4",
        "tempf": "66.9",
        "WD": "西北风",
        "wde": "NW",
        "WS": "2级",
        "wse": "6km/h",
        "SD": "92%",
        "sd": "92%",
        "qy": "1007",
        "njd": "14km",
        "time": "03:50",
        "rain": "0",
        "rain24h": "0",
        "aqi": "27",
        "aqi_pm25": "27",
        "weather": "多云",
        "weathere": "Cloudy",
        "weathercode": "d01",
        "limitnumber": "",
        "date": "11月09日(星期四)"
      },
      "weather": {
        "day": {
          "date": "8日夜间",
          "weather": "多云",
          "temp": "20",
          "tempUnit": "°C",
          "wind": {
            "direction": "无持续风向",
            "directionCode": "NNW",
            "level": "<3级"
          },
          "sunrise": "日落 17:17"
        },
        "night": {
          "date": "9日白天",
          "weather": "多云",
          "temp": "29",
          "tempUnit": "°C",
          "wind": {
            "direction": "无持续风向",
            "directionCode": "NNW",
            "level": "<3级"
          },
          "sunset": "日出 06:15"
        }
      }
    },
    {
      "id": "101240101",
      "province": "江西",
      "city": "南昌",
      "realtime": {
        "nameen": "nanchang",
        "cityname": "南昌",
        "city": "101240101",
        "temp": "17.8",
        "tempf": "64",
        "WD": "东风",
        "wde": "E",
        "WS": "1级",
        "wse": "2km/h",
        "SD": "98%",
        "sd": "98%",
        "qy": "1010",
        "njd": "2km",
        "time": "03:45",
        "rain": "0",
        "rain24h": "0",
        "aqi": "50",
        "aqi_pm25": "50",
        "weather": "多云",
        "weathere": "Cloudy",
        "weathercode": "d01",
        "limitnumber": "",
        "date": "11月09日(星期四)"
      },
      "weather": {
        "day": {
          "date": "8日夜间",
          "weather": "中雨",
          "temp": "16",
          "tempUnit": "°C",
          "wind": {
            "direction": "东风",
            "directionCode": "E",
            "level": "<3级"
          },
          "sunrise": "日落 17:27"
        },
        "night": {
          "date": "9日白天",
          "weather": "大雨",
          "temp": "17",
          "tempUnit": "°C",
          "wind": {
            "direction": "东风",
            "directionCode": "E",
            "level": "<3级"
          },
          "sunset": "日出 06:33"
        }
      }
    },
    {
      "id": "101250101",
      "province": "湖南",
      "city": "长沙",
      "realtime": {
        "nameen": "changsha",
        "cityname": "长沙",
        "city": "101250101",
        "temp": "18.6",
        "tempf": "65.5",
        "WD": "北风",
        "wde": "N",
        "WS": "0级",
        "wse": "0km/h",
        "SD": "90%",
        "sd": "90%",
        "qy": "1010",
        "njd": "8km",
        "time": "03:50",
        "rain": "0",
        "rain24h": "0",
        "aqi": "38",
        "aqi_pm25": "38",
        "weather": "阴",
        "weathere": "Overcast",
        "weathercode": "d02",
        "limitnumber": "",
        "date": "11月09日(星期四)"
      },
      "weather": {
        "day": {
          "date": "8日夜间",
          "weather": "中雨",
          "temp": "16",
          "tempUnit": "°C",
          "wind": {
            "direction": "东风",
            "directionCode": "E",
            "level": "<3级"
          },
          "sunrise": "日落 17:39"
        },
        "night": {
          "date": "9日白天",
          "weather": "中雨",
          "temp": "18",
          "tempUnit": "°C",
          "wind": {
            "direction": "东风",
            "directionCode": "E",
            "level": "<3级"
          },
          "sunset": "日出 06:44"
        }
      }
    },
    {
      "id": "101260101",
      "province": "贵州",
      "city": "贵阳",
      "realtime": {
        "nameen": "guiyang",
        "cityname": "贵阳",
        "city": "101260101",
        "temp": "17.7",
        "tempf": "63.9",
        "WD": "南风",
        "wde": "S",
        "WS": "2级",
        "wse": "7km/h",
        "SD": "92%",
        "sd": "92%",
        "qy": "877",
        "njd": "23km",
        "time": "03:45",
        "rain": "0",
        "rain24h": "0",
        "aqi": "23",
        "aqi_pm25": "23",
        "weather": "阴",
        "weathere": "Overcast",
        "weathercode": "d02",
        "limitnumber": null,
        "date": "11月09日(星期四)"
      },
      "weather": {
        "day": {
          "date": "8日夜间",
          "weather": "暴雨",
          "temp": "14",
          "tempUnit": "°C",
          "wind": {
            "direction": "南风",
            "directionCode": "S",
            "level": "<3级"
          },
          "sunrise": "日落 18:07"
        },
        "night": {
          "date": "9日白天",
          "weather": "阴",
          "temp": "21",
          "tempUnit": "°C",
          "wind": {
            "direction": "北风",
            "directionCode": "N",
            "level": "<3级"
          },
          "sunset": "日出 07:07"
        }
      }
    },
    {
      "id": "101270101",
      "province": "四川",
      "city": "成都",
      "realtime": {
        "nameen": "chengdu",
        "cityname": "成都",
        "city": "101270101",
        "temp": "14.2",
        "tempf": "57.6",
        "WD": "北风",
        "wde": "N",
        "WS": "2级",
        "wse": "11km/h",
        "SD": "100%",
        "sd": "100%",
        "qy": "956",
        "njd": "2km",
        "time": "03:50",
        "rain": "0",
        "rain24h": "0",
        "aqi": "92",
        "aqi_pm25": "92",
        "weather": "雾",
        "weathere": "Foggy",
        "weathercode": "d18",
        "limitnumber": "4和9",
        "date": "11月09日(星期四)"
      },
      "weather": {
        "day": {
          "date": "8日夜间",
          "weather": "多云",
          "temp": "14",
          "tempUnit": "°C",
          "wind": {
            "direction": "南风",
            "directionCode": "S",
            "level": "<3级"
          },
          "sunrise": "日落 18:11"
        },
        "night": {
          "date": "9日白天",
          "weather": "多云",
          "temp": "22",
          "tempUnit": "°C",
          "wind": {
            "direction": "南风",
            "directionCode": "S",
            "level": "<3级"
          },
          "sunset": "日出 07:23"
        }
      }
    },
    {
      "id": "101280101",
      "province": "广东",
      "city": "广州",
      "realtime": {
        "nameen": "guangzhou",
        "cityname": "广州",
        "city": "101280101",
        "temp": "24.9",
        "tempf": "76.8",
        "WD": "东南风",
        "wde": "SE",
        "WS": "1级",
        "wse": "5km/h",
        "SD": "77%",
        "sd": "77%",
        "qy": "1010",
        "njd": "17km",
        "time": "03:50",
        "rain": "0",
        "rain24h": "0",
        "aqi": "58",
        "aqi_pm25": "58",
        "weather": "阴",
        "weathere": "Overcast",
        "weathercode": "d02",
        "limitnumber": "双号限行",
        "date": "11月09日(星期四)"
      },
      "weather": {
        "day": {
          "date": "8日夜间",
          "weather": "阴",
          "temp": "22",
          "tempUnit": "°C",
          "wind": {
            "direction": "无持续风向",
            "directionCode": "NNW",
            "level": "<3级"
          },
          "sunrise": "日落 17:45"
        },
        "night": {
          "date": "9日白天",
          "weather": "阴",
          "temp": "27",
          "tempUnit": "°C",
          "wind": {
            "direction": "无持续风向",
            "directionCode": "NNW",
            "level": "<3级"
          },
          "sunset": "日出 06:35"
        }
      }
    },
    {
      "id": "101290101",
      "province": "云南",
      "city": "昆明",
      "realtime": {
        "nameen": "kunming",
        "cityname": "昆明",
        "city": "101290101",
        "temp": "11.3",
        "tempf": "52.3",
        "WD": "东南风",
        "wde": "SE",
        "WS": "1级",
        "wse": "2km/h",
        "SD": "84%",
        "sd": "84%",
        "qy": "812",
        "njd": "24km",
        "time": "03:50",
        "rain": "0",
        "rain24h": "0",
        "aqi": "27",
        "aqi_pm25": "27",
        "weather": "晴",
        "weathere": "Sunny",
        "weathercode": "d00",
        "limitnumber": "",
        "date": "11月09日(星期四)"
      },
      "weather": {
        "day": {
          "date": "8日夜间",
          "weather": "晴",
          "temp": "11",
          "tempUnit": "°C",
          "wind": {
            "direction": "无持续风向",
            "directionCode": "NNW",
            "level": "<3级"
          },
          "sunrise": "日落 18:24"
        },
        "night": {
          "date": "9日白天",
          "weather": "晴",
          "temp": "22",
          "tempUnit": "°C",
          "wind": {
            "direction": "无持续风向",
            "directionCode": "NNW",
            "level": "<3级"
          },
          "sunset": "日出 07:19"
        }
      }
    },
    {
      "id": "101300101",
      "province": "广西",
      "city": "南宁",
      "realtime": {
        "nameen": "nanning",
        "cityname": "南宁",
        "city": "101300101",
        "temp": "22.5",
        "tempf": "72.5",
        "WD": "东风",
        "wde": "E",
        "WS": "1级",
        "wse": "3km/h",
        "SD": "94%",
        "sd": "94%",
        "qy": "990",
        "njd": "2km",
        "time": "03:45",
        "rain": "0",
        "rain24h": "0",
        "aqi": "72",
        "aqi_pm25": "72",
        "weather": "雾",
        "weathere": "Foggy",
        "weathercode": "d18",
        "limitnumber": "",
        "date": "11月09日(星期四)"
      },
      "weather": {
        "day": {
          "date": "8日夜间",
          "weather": "小雨",
          "temp": "21",
          "tempUnit": "°C",
          "wind": {
            "direction": "东南风",
            "directionCode": "SE",
            "level": "<3级"
          },
          "sunrise": "日落 18:05"
        },
        "night": {
          "date": "9日白天",
          "weather": "小雨",
          "temp": "28",
          "tempUnit": "°C",
          "wind": {
            "direction": "东南风",
            "directionCode": "SE",
            "level": "<3级"
          },
          "sunset": "日出 06:54"
        }
      }
    },
    {
      "id": "101310101",
      "province": "海南",
      "city": "海口",
      "realtime": {
        "nameen": "haikou",
        "cityname": "海口",
        "city": "101310101",
        "temp": "24",
        "tempf": "75.2",
        "WD": "东风",
        "wde": "E",
        "WS": "3级",
        "wse": "12km/h",
        "SD": "92%",
        "sd": "92%",
        "qy": "1005",
        "njd": "30km",
        "time": "03:50",
        "rain": "0",
        "rain24h": "0",
        "aqi": "17",
        "aqi_pm25": "17",
        "weather": "多云",
        "weathere": "Cloudy",
        "weathercode": "d01",
        "limitnumber": "",
        "date": "11月09日(星期四)"
      },
      "weather": {
        "day": {
          "date": "8日夜间",
          "weather": "多云",
          "temp": "24",
          "tempUnit": "°C",
          "wind": {
            "direction": "无持续风向",
            "directionCode": "NNW",
            "level": "<3级"
          },
          "sunrise": "日落 18:01"
        },
        "night": {
          "date": "9日白天",
          "weather": "雷阵雨",
          "temp": "30",
          "tempUnit": "°C",
          "wind": {
            "direction": "无持续风向",
            "directionCode": "NNW",
            "level": "<3级"
          },
          "sunset": "日出 06:43"
        }
      }
    },
    {
      "id": "101320101",
      "province": "香港",
      "city": "香港",
      "realtime": {
        "nameen": "hongkong",
        "cityname": "香港",
        "city": "101320101",
        "temp": "24.2",
        "tempf": "75.6",
        "WD": "微风",
        "wde": "NWW",
        "WS": "3级",
        "wse": "12km/h",
        "SD": "85%",
        "sd": "85%",
        "qy": "998",
        "njd": "24km",
        "time": "03:30",
        "rain": "0",
        "rain24h": "0",
        "aqi": "40",
        "aqi_pm25": "40",
        "weather": "阴",
        "weathere": "Overcast",
        "weathercode": "d02",
        "limitnumber": "",
        "date": "11月09日(星期四)"
      },
      "weather": {
        "day": {
          "date": "8日夜间",
          "weather": "多云",
          "temp": "25",
          "tempUnit": "°C",
          "wind": {
            "direction": "东风",
            "directionCode": "E",
            "level": "3-4级"
          },
          "sunrise": "日落 17:42"
        },
        "night": {
          "date": "9日白天",
          "weather": "多云",
          "temp": "29",
          "tempUnit": "°C",
          "wind": {
            "direction": "东风",
            "directionCode": "E",
            "level": "3-4级"
          },
          "sunset": "日出 06:31"
        }
      }
    },
    {
      "id": "101330101",
      "province": "澳门",
      "city": "澳门",
      "realtime": {
        "nameen": "macao",
        "cityname": "澳门",
        "city": "101330101",
        "temp": "25.6",
        "tempf": "78.1",
        "WD": "微风",
        "wde": "NWW",
        "WS": "3级",
        "wse": "12km/h",
        "SD": "86%",
        "sd": "86%",
        "qy": "1007",
        "njd": "25km",
        "time": "04:00",
        "rain": "0",
        "rain24h": "0",
        "aqi": "36",
        "aqi_pm25": "36",
        "weather": "阴",
        "weathere": "Overcast",
        "weathercode": "d02",
        "limitnumber": "",
        "date": "11月09日(星期四)"
      },
      "weather": {
        "day": {
          "date": "8日夜间",
          "weather": "阵雨",
          "temp": "24",
          "tempUnit": "°C",
          "wind": {
            "direction": "东风",
            "directionCode": "E",
            "level": "3-4级"
          },
          "sunrise": "日落 17:45"
        },
        "night": {
          "date": "9日白天",
          "weather": "阵雨",
          "temp": "28",
          "tempUnit": "°C",
          "wind": {
            "direction": "东南风",
            "directionCode": "SE",
            "level": "3-4级"
          },
          "sunset": "日出 06:33"
        }
      }
    },
    {
      "id": "101340101",
      "province": "台湾",
      "city": "台北",
      "realtime": {
        "nameen": "taibeixian",
        "cityname": "台北",
        "city": "101340101",
        "temp": "21.3",
        "tempf": "70.3",
        "WD": "微风",
        "wde": "NWW",
        "WS": "2级",
        "wse": "5km/h",
        "SD": "84%",
        "sd": "84%",
        "qy": "1007",
        "njd": "20km",
        "time": "04:00",
        "rain": "0",
        "rain24h": "0",
        "aqi": "68",
        "aqi_pm25": "68",
        "weather": "多云",
        "weathere": "Cloudy",
        "weathercode": "d01",
        "limitnumber": "",
        "date": "11月09日(星期四)"
      },
      "weather": {
        "day": {
          "date": "8日夜间",
          "weather": "多云",
          "temp": "22",
          "tempUnit": "°C",
          "wind": {
            "direction": "无持续风向",
            "directionCode": "NNW",
            "level": "<3级"
          },
          "sunrise": "日落 17:09"
        },
        "night": {
          "date": "9日白天",
          "weather": "晴",
          "temp": "27",
          "tempUnit": "°C",
          "wind": {
            "direction": "无持续风向",
            "directionCode": "NNW",
            "level": "<3级"
          },
          "sunset": "日出 06:05"
        }
      }
    }
  ]
}
