{
  "timestamp": 1712448802209,
  "lastUpdate": "2024-04-07 08:13:22",
  "data": [
    {
      "id": "101010100",
      "province": "北京",
      "city": "北京",
      "realtime": {
        "nameen": "beijing",
        "cityname": "北京",
        "city": "101010100",
        "temp": "20.1",
        "tempf": "68.2",
        "WD": "东北风",
        "wde": "NE",
        "WS": "1级",
        "wse": "4km/h",
        "SD": "23%",
        "sd": "23%",
        "qy": "1011",
        "njd": "25km",
        "time": "08:00",
        "rain": "0",
        "rain24h": "0",
        "aqi": "37",
        "aqi_pm25": "37",
        "weather": "晴",
        "weathere": "Sunny",
        "weathercode": "d00",
        "limitnumber": "不限行",
        "date": "04月07日(星期日)"
      },
      "weather": {
        "day": {
          "date": "7日白天",
          "weather": "晴",
          "temp": "27",
          "tempUnit": "°C",
          "wind": {
            "direction": "西南风",
            "directionCode": "SW",
            "level": "<3级"
          },
          "sunrise": "日出 05:49"
        },
        "night": {
          "date": "7日夜间",
          "weather": "多云",
          "temp": "11",
          "tempUnit": "°C",
          "wind": {
            "direction": "东风",
            "directionCode": "E",
            "level": "<3级"
          },
          "sunset": "日落 18:43"
        }
      }
    },
    {
      "id": "101020100",
      "province": "上海",
      "city": "上海",
      "realtime": {
        "nameen": "shanghai",
        "cityname": "上海",
        "city": "101020100",
        "temp": "13.5",
        "tempf": "56.3",
        "WD": "西北风",
        "wde": "NW",
        "WS": "1级",
        "wse": "1km/h",
        "SD": "81%",
        "sd": "81%",
        "qy": "1018",
        "njd": "12km",
        "time": "07:55",
        "rain": "0",
        "rain24h": "0",
        "aqi": "45",
        "aqi_pm25": "45",
        "weather": "阴",
        "weathere": "Overcast",
        "weathercode": "d02",
        "limitnumber": "",
        "date": "04月07日(星期日)"
      },
      "weather": {
        "day": {
          "date": "7日白天",
          "weather": "小雨",
          "temp": "16",
          "tempUnit": "°C",
          "wind": {
            "direction": "无持续风向",
            "directionCode": "NNW",
            "level": "<3级"
          },
          "sunrise": "日出 05:36"
        },
        "night": {
          "date": "7日夜间",
          "weather": "小雨",
          "temp": "11",
          "tempUnit": "°C",
          "wind": {
            "direction": "无持续风向",
            "directionCode": "NNW",
            "level": "<3级"
          },
          "sunset": "日落 18:16"
        }
      }
    },
    {
      "id": "101030100",
      "province": "天津",
      "city": "天津",
      "realtime": {
        "nameen": "tianjin",
        "cityname": "天津",
        "city": "101030100",
        "temp": "17.7",
        "tempf": "63.9",
        "WD": "西北风",
        "wde": "NW",
        "WS": "1级",
        "wse": "3km/h",
        "SD": "64%",
        "sd": "64%",
        "qy": "1015",
        "njd": "3km",
        "time": "08:00",
        "rain": "0",
        "rain24h": "0",
        "aqi": "139",
        "aqi_pm25": "139",
        "weather": "霾",
        "weathere": "haze",
        "weathercode": "d53",
        "limitnumber": "不限行",
        "date": "04月07日(星期日)"
      },
      "weather": {
        "day": {
          "date": "7日白天",
          "weather": "晴",
          "temp": "26",
          "tempUnit": "°C",
          "wind": {
            "direction": "南风",
            "directionCode": "S",
            "level": "<3级"
          },
          "sunrise": "日出 05:47"
        },
        "night": {
          "date": "7日夜间",
          "weather": "多云",
          "temp": "12",
          "tempUnit": "°C",
          "wind": {
            "direction": "东风",
            "directionCode": "E",
            "level": "4-5级"
          },
          "sunset": "日落 18:39"
        }
      }
    },
    {
      "id": "101040100",
      "province": "重庆",
      "city": "重庆",
      "realtime": {
        "nameen": "chongqing",
        "cityname": "重庆",
        "city": "101040100",
        "temp": "16.2",
        "tempf": "61.2",
        "WD": "南风",
        "wde": "S",
        "WS": "2级",
        "wse": "7km/h",
        "SD": "91%",
        "sd": "91%",
        "qy": "983",
        "njd": "6km",
        "time": "08:00",
        "rain": "0",
        "rain24h": "0",
        "aqi": "23",
        "aqi_pm25": "23",
        "weather": "阴",
        "weathere": "Overcast",
        "weathercode": "d02",
        "limitnumber": "不限行",
        "date": "04月07日(星期日)"
      },
      "weather": {
        "day": {
          "date": "7日白天",
          "weather": "小雨",
          "temp": "18",
          "tempUnit": "°C",
          "wind": {
            "direction": "南风",
            "directionCode": "S",
            "level": "<3级"
          },
          "sunrise": "日出 06:37"
        },
        "night": {
          "date": "7日夜间",
          "weather": "小雨",
          "temp": "16",
          "tempUnit": "°C",
          "wind": {
            "direction": "西南风",
            "directionCode": "SW",
            "level": "<3级"
          },
          "sunset": "日落 19:15"
        }
      }
    },
    {
      "id": "101050101",
      "province": "黑龙江",
      "city": "哈尔滨",
      "realtime": {
        "nameen": "haerbin",
        "cityname": "哈尔滨",
        "city": "101050101",
        "temp": "4.6",
        "tempf": "40.3",
        "WD": "东南风",
        "wde": "SE",
        "WS": "3级",
        "wse": "12km/h",
        "SD": "28%",
        "sd": "28%",
        "qy": "1000",
        "njd": "30km",
        "time": "08:00",
        "rain": "0",
        "rain24h": "0",
        "aqi": "20",
        "aqi_pm25": "20",
        "weather": "晴",
        "weathere": "Sunny",
        "weathercode": "d00",
        "limitnumber": "",
        "date": "04月07日(星期日)"
      },
      "weather": {
        "day": {
          "date": "7日白天",
          "weather": "晴",
          "temp": "12",
          "tempUnit": "°C",
          "wind": {
            "direction": "西风",
            "directionCode": "W",
            "level": "3-4级"
          },
          "sunrise": "日出 05:03"
        },
        "night": {
          "date": "7日夜间",
          "weather": "晴",
          "temp": "-5",
          "tempUnit": "°C",
          "wind": {
            "direction": "西北风",
            "directionCode": "NW",
            "level": "<3级"
          },
          "sunset": "日落 18:08"
        }
      }
    },
    {
      "id": "101060101",
      "province": "吉林",
      "city": "长春",
      "realtime": {
        "nameen": "changchun",
        "cityname": "长春",
        "city": "101060101",
        "temp": "7.6",
        "tempf": "45.7",
        "WD": "东风",
        "wde": "E",
        "WS": "3级",
        "wse": "12km/h",
        "SD": "28%",
        "sd": "28%",
        "qy": "986",
        "njd": "11km",
        "time": "07:55",
        "rain": "0",
        "rain24h": "0",
        "aqi": "52",
        "aqi_pm25": "52",
        "weather": "晴",
        "weathere": "Sunny",
        "weathercode": "d00",
        "limitnumber": "",
        "date": "04月07日(星期日)"
      },
      "weather": {
        "day": {
          "date": "7日白天",
          "weather": "多云",
          "temp": "19",
          "tempUnit": "°C",
          "wind": {
            "direction": "西风",
            "directionCode": "W",
            "level": "4-5级"
          },
          "sunrise": "日出 05:10"
        },
        "night": {
          "date": "7日夜间",
          "weather": "晴",
          "temp": "-3",
          "tempUnit": "°C",
          "wind": {
            "direction": "西北风",
            "directionCode": "NW",
            "level": "3-4级"
          },
          "sunset": "日落 18:11"
        }
      }
    },
    {
      "id": "101070101",
      "province": "辽宁",
      "city": "沈阳",
      "realtime": {
        "nameen": "shenyang",
        "cityname": "沈阳",
        "city": "101070101",
        "temp": "13.7",
        "tempf": "56.7",
        "WD": "西南风",
        "wde": "SW",
        "WS": "3级",
        "wse": "12km/h",
        "SD": "53%",
        "sd": "53%",
        "qy": "1008",
        "njd": "17km",
        "time": "08:00",
        "rain": "0",
        "rain24h": "0",
        "aqi": "172",
        "aqi_pm25": "172",
        "weather": "晴",
        "weathere": "Sunny",
        "weathercode": "d00",
        "limitnumber": "",
        "date": "04月07日(星期日)"
      },
      "weather": {
        "day": {
          "date": "7日白天",
          "weather": "晴",
          "temp": "24",
          "tempUnit": "°C",
          "wind": {
            "direction": "西南风",
            "directionCode": "SW",
            "level": "4-5级"
          },
          "sunrise": "日出 05:20"
        },
        "night": {
          "date": "7日夜间",
          "weather": "多云",
          "temp": "7",
          "tempUnit": "°C",
          "wind": {
            "direction": "北风",
            "directionCode": "N",
            "level": "4-5级"
          },
          "sunset": "日落 18:16"
        }
      }
    },
    {
      "id": "101080101",
      "province": "内蒙古",
      "city": "呼和浩特",
      "realtime": {
        "nameen": "huhehaote",
        "cityname": "呼和浩特",
        "city": "101080101",
        "temp": "10.3",
        "tempf": "50.5",
        "WD": "东风",
        "wde": "E",
        "WS": "1级",
        "wse": "5km/h",
        "SD": "25%",
        "sd": "25%",
        "qy": "887",
        "njd": "30km",
        "time": "08:00",
        "rain": "0",
        "rain24h": "0",
        "aqi": "39",
        "aqi_pm25": "39",
        "weather": "多云",
        "weathere": "Cloudy",
        "weathercode": "d01",
        "limitnumber": "",
        "date": "04月07日(星期日)"
      },
      "weather": {
        "day": {
          "date": "7日白天",
          "weather": "多云",
          "temp": "20",
          "tempUnit": "°C",
          "wind": {
            "direction": "无持续风向",
            "directionCode": "NNW",
            "level": "<3级"
          },
          "sunrise": "日出 06:07"
        },
        "night": {
          "date": "7日夜间",
          "weather": "多云",
          "temp": "6",
          "tempUnit": "°C",
          "wind": {
            "direction": "无持续风向",
            "directionCode": "NNW",
            "level": "<3级"
          },
          "sunset": "日落 19:02"
        }
      }
    },
    {
      "id": "101090101",
      "province": "河北",
      "city": "石家庄",
      "realtime": {
        "nameen": "shijiazhuang",
        "cityname": "石家庄",
        "city": "101090101",
        "temp": "18.7",
        "tempf": "65.7",
        "WD": "北风",
        "wde": "N",
        "WS": "1级",
        "wse": "3km/h",
        "SD": "41%",
        "sd": "41%",
        "qy": "1005",
        "njd": "11km",
        "time": "08:00",
        "rain": "0",
        "rain24h": "0",
        "aqi": "89",
        "aqi_pm25": "89",
        "weather": "多云",
        "weathere": "Cloudy",
        "weathercode": "d01",
        "limitnumber": "",
        "date": "04月07日(星期日)"
      },
      "weather": {
        "day": {
          "date": "7日白天",
          "weather": "多云",
          "temp": "25",
          "tempUnit": "°C",
          "wind": {
            "direction": "北风",
            "directionCode": "N",
            "level": "<3级"
          },
          "sunrise": "日出 05:59"
        },
        "night": {
          "date": "7日夜间",
          "weather": "多云",
          "temp": "14",
          "tempUnit": "°C",
          "wind": {
            "direction": "西南风",
            "directionCode": "SW",
            "level": "<3级"
          },
          "sunset": "日落 18:49"
        }
      }
    },
    {
      "id": "101100101",
      "province": "山西",
      "city": "太原",
      "realtime": {
        "nameen": "taiyuan",
        "cityname": "太原",
        "city": "101100101",
        "temp": "12.8",
        "tempf": "55",
        "WD": "东风",
        "wde": "E",
        "WS": "1级",
        "wse": "4km/h",
        "SD": "45%",
        "sd": "45%",
        "qy": "928",
        "njd": "19km",
        "time": "07:55",
        "rain": "0",
        "rain24h": "0",
        "aqi": "60",
        "aqi_pm25": "60",
        "weather": "多云",
        "weathere": "Cloudy",
        "weathercode": "d01",
        "limitnumber": "",
        "date": "04月07日(星期日)"
      },
      "weather": {
        "day": {
          "date": "7日白天",
          "weather": "多云",
          "temp": "25",
          "tempUnit": "°C",
          "wind": {
            "direction": "东风",
            "directionCode": "E",
            "level": "<3级"
          },
          "sunrise": "日出 06:07"
        },
        "night": {
          "date": "7日夜间",
          "weather": "小雨",
          "temp": "9",
          "tempUnit": "°C",
          "wind": {
            "direction": "东风",
            "directionCode": "E",
            "level": "<3级"
          },
          "sunset": "日落 18:57"
        }
      }
    },
    {
      "id": "101110101",
      "province": "陕西",
      "city": "西安",
      "realtime": {
        "nameen": "xian",
        "cityname": "西安",
        "city": "101110101",
        "temp": "14.6",
        "tempf": "58.3",
        "WD": "东北风",
        "wde": "NE",
        "WS": "1级",
        "wse": "2km/h",
        "SD": "100%",
        "sd": "100%",
        "qy": "968",
        "njd": "6km",
        "time": "08:00",
        "rain": "0",
        "rain24h": "0",
        "aqi": "83",
        "aqi_pm25": "83",
        "weather": "多云",
        "weathere": "Cloudy",
        "weathercode": "d01",
        "limitnumber": "不限行",
        "date": "04月07日(星期日)"
      },
      "weather": {
        "day": {
          "date": "7日白天",
          "weather": "阴",
          "temp": "24",
          "tempUnit": "°C",
          "wind": {
            "direction": "无持续风向",
            "directionCode": "NNW",
            "level": "<3级"
          },
          "sunrise": "日出 06:24"
        },
        "night": {
          "date": "7日夜间",
          "weather": "多云",
          "temp": "13",
          "tempUnit": "°C",
          "wind": {
            "direction": "无持续风向",
            "directionCode": "NNW",
            "level": "<3级"
          },
          "sunset": "日落 19:08"
        }
      }
    },
    {
      "id": "101120101",
      "province": "山东",
      "city": "济南",
      "realtime": {
        "nameen": "jinan",
        "cityname": "济南",
        "city": "101120101",
        "temp": "19.5",
        "tempf": "67.1",
        "WD": "东风",
        "wde": "E",
        "WS": "1级",
        "wse": "3km/h",
        "SD": "38%",
        "sd": "38%",
        "qy": "996",
        "njd": "25km",
        "time": "08:00",
        "rain": "0",
        "rain24h": "0",
        "aqi": "63",
        "aqi_pm25": "63",
        "weather": "晴",
        "weathere": "Sunny",
        "weathercode": "d00",
        "limitnumber": "",
        "date": "04月07日(星期日)"
      },
      "weather": {
        "day": {
          "date": "7日白天",
          "weather": "多云",
          "temp": "27",
          "tempUnit": "°C",
          "wind": {
            "direction": "无持续风向",
            "directionCode": "NNW",
            "level": "<3级"
          },
          "sunrise": "日出 05:49"
        },
        "night": {
          "date": "7日夜间",
          "weather": "阴",
          "temp": "17",
          "tempUnit": "°C",
          "wind": {
            "direction": "无持续风向",
            "directionCode": "NNW",
            "level": "<3级"
          },
          "sunset": "日落 18:37"
        }
      }
    },
    {
      "id": "101130101",
      "province": "新疆",
      "city": "乌鲁木齐",
      "realtime": {
        "nameen": "wulumuqi",
        "cityname": "乌鲁木齐",
        "city": "101130101",
        "temp": "1.4",
        "tempf": "34.5",
        "WD": "微风",
        "wde": "NWW",
        "WS": "3级",
        "wse": "12km/h",
        "SD": "54%",
        "sd": "54%",
        "qy": "818",
        "njd": "30km",
        "time": "08:00",
        "rain": "0",
        "rain24h": "0",
        "aqi": "25",
        "aqi_pm25": "25",
        "weather": "晴",
        "weathere": "Sunny",
        "weathercode": "d00",
        "limitnumber": "",
        "date": "04月07日(星期日)"
      },
      "weather": {
        "day": {
          "date": "7日白天",
          "weather": "晴",
          "temp": "17",
          "tempUnit": "°C",
          "wind": {
            "direction": "无持续风向",
            "directionCode": "NNW",
            "level": "<3级"
          },
          "sunrise": "日出 07:41"
        },
        "night": {
          "date": "7日夜间",
          "weather": "晴",
          "temp": "6",
          "tempUnit": "°C",
          "wind": {
            "direction": "无持续风向",
            "directionCode": "NNW",
            "level": "<3级"
          },
          "sunset": "日落 20:42"
        }
      }
    },
    {
      "id": "101140101",
      "province": "西藏",
      "city": "拉萨",
      "realtime": {
        "nameen": "lasa",
        "cityname": "拉萨",
        "city": "101140101",
        "temp": "0.3",
        "tempf": "32.5",
        "WD": "微风",
        "wde": "NWW",
        "WS": "1级",
        "wse": "1km/h",
        "SD": "42%",
        "sd": "42%",
        "qy": "581",
        "njd": "29km",
        "time": "08:00",
        "rain": "0",
        "rain24h": "0",
        "aqi": "40",
        "aqi_pm25": "40",
        "weather": "晴",
        "weathere": "Sunny",
        "weathercode": "d00",
        "limitnumber": "",
        "date": "04月07日(星期日)"
      },
      "weather": {
        "day": {
          "date": "7日白天",
          "weather": "多云",
          "temp": "17",
          "tempUnit": "°C",
          "wind": {
            "direction": "西南风",
            "directionCode": "SW",
            "level": "3-4级"
          },
          "sunrise": "日出 07:38"
        },
        "night": {
          "date": "7日夜间",
          "weather": "多云",
          "temp": "5",
          "tempUnit": "°C",
          "wind": {
            "direction": "无持续风向",
            "directionCode": "NNW",
            "level": "<3级"
          },
          "sunset": "日落 20:17"
        }
      }
    },
    {
      "id": "101150101",
      "province": "青海",
      "city": "西宁",
      "realtime": {
        "nameen": "xining",
        "cityname": "西宁",
        "city": "101150101",
        "temp": "2.7",
        "tempf": "36.9",
        "WD": "北风",
        "wde": "N",
        "WS": "2级",
        "wse": "11km/h",
        "SD": "94%",
        "sd": "94%",
        "qy": "758",
        "njd": "3km",
        "time": "08:00",
        "rain": "0",
        "rain24h": "0",
        "aqi": "43",
        "aqi_pm25": "43",
        "weather": "雾",
        "weathere": "Foggy",
        "weathercode": "d18",
        "limitnumber": "",
        "date": "04月07日(星期日)"
      },
      "weather": {
        "day": {
          "date": "7日白天",
          "weather": "多云",
          "temp": "14",
          "tempUnit": "°C",
          "wind": {
            "direction": "无持续风向",
            "directionCode": "NNW",
            "level": "<3级"
          },
          "sunrise": "日出 06:51"
        },
        "night": {
          "date": "7日夜间",
          "weather": "多云",
          "temp": "3",
          "tempUnit": "°C",
          "wind": {
            "direction": "无持续风向",
            "directionCode": "NNW",
            "level": "<3级"
          },
          "sunset": "日落 19:39"
        }
      }
    },
    {
      "id": "101160101",
      "province": "甘肃",
      "city": "兰州",
      "realtime": {
        "nameen": "lanzhou",
        "cityname": "兰州",
        "city": "101160101",
        "temp": "6.3",
        "tempf": "43.3",
        "WD": "南风",
        "wde": "S",
        "WS": "1级",
        "wse": "4km/h",
        "SD": "92%",
        "sd": "92%",
        "qy": "811",
        "njd": "6km",
        "time": "08:00",
        "rain": "0",
        "rain24h": "0",
        "aqi": "57",
        "aqi_pm25": "57",
        "weather": "雾",
        "weathere": "Foggy",
        "weathercode": "d18",
        "limitnumber": "不限行",
        "date": "04月07日(星期日)"
      },
      "weather": {
        "day": {
          "date": "7日白天",
          "weather": "阴",
          "temp": "19",
          "tempUnit": "°C",
          "wind": {
            "direction": "无持续风向",
            "directionCode": "NNW",
            "level": "<3级"
          },
          "sunrise": "日出 06:43"
        },
        "night": {
          "date": "7日夜间",
          "weather": "多云",
          "temp": "7",
          "tempUnit": "°C",
          "wind": {
            "direction": "无持续风向",
            "directionCode": "NNW",
            "level": "<3级"
          },
          "sunset": "日落 19:30"
        }
      }
    },
    {
      "id": "101170101",
      "province": "宁夏",
      "city": "银川",
      "realtime": {
        "nameen": "yinchuan",
        "cityname": "银川",
        "city": "101170101",
        "temp": "11.5",
        "tempf": "52.7",
        "WD": "西北风",
        "wde": "NW",
        "WS": "1级",
        "wse": "2km/h",
        "SD": "53%",
        "sd": "53%",
        "qy": "889",
        "njd": "12km",
        "time": "08:00",
        "rain": "0",
        "rain24h": "0",
        "aqi": "71",
        "aqi_pm25": "71",
        "weather": "多云",
        "weathere": "Cloudy",
        "weathercode": "d01",
        "limitnumber": "",
        "date": "04月07日(星期日)"
      },
      "weather": {
        "day": {
          "date": "7日白天",
          "weather": "多云",
          "temp": "21",
          "tempUnit": "°C",
          "wind": {
            "direction": "无持续风向",
            "directionCode": "NNW",
            "level": "<3级"
          },
          "sunrise": "日出 06:31"
        },
        "night": {
          "date": "7日夜间",
          "weather": "多云",
          "temp": "9",
          "tempUnit": "°C",
          "wind": {
            "direction": "无持续风向",
            "directionCode": "NNW",
            "level": "<3级"
          },
          "sunset": "日落 19:23"
        }
      }
    },
    {
      "id": "101180101",
      "province": "河南",
      "city": "郑州",
      "realtime": {
        "nameen": "zhengzhou",
        "cityname": "郑州",
        "city": "101180101",
        "temp": "17",
        "tempf": "62.6",
        "WD": "南风",
        "wde": "S",
        "WS": "1级",
        "wse": "1km/h",
        "SD": "56%",
        "sd": "56%",
        "qy": "1003",
        "njd": "16km",
        "time": "08:00",
        "rain": "0",
        "rain24h": "0",
        "aqi": "57",
        "aqi_pm25": "57",
        "weather": "多云",
        "weathere": "Cloudy",
        "weathercode": "d01",
        "limitnumber": "不限行",
        "date": "04月07日(星期日)"
      },
      "weather": {
        "day": {
          "date": "7日白天",
          "weather": "多云",
          "temp": "24",
          "tempUnit": "°C",
          "wind": {
            "direction": "东南风",
            "directionCode": "SE",
            "level": "<3级"
          },
          "sunrise": "日出 06:05"
        },
        "night": {
          "date": "7日夜间",
          "weather": "多云",
          "temp": "11",
          "tempUnit": "°C",
          "wind": {
            "direction": "南风",
            "directionCode": "S",
            "level": "<3级"
          },
          "sunset": "日落 18:50"
        }
      }
    },
    {
      "id": "101190101",
      "province": "江苏",
      "city": "南京",
      "realtime": {
        "nameen": "nanjing",
        "cityname": "南京",
        "city": "101190101",
        "temp": "14.4",
        "tempf": "57.9",
        "WD": "东风",
        "wde": "E",
        "WS": "2级",
        "wse": "8km/h",
        "SD": "87%",
        "sd": "87%",
        "qy": "1013",
        "njd": "3km",
        "time": "08:00",
        "rain": "0",
        "rain24h": "0",
        "aqi": "77",
        "aqi_pm25": "77",
        "weather": "阴",
        "weathere": "Overcast",
        "weathercode": "d02",
        "limitnumber": "",
        "date": "04月07日(星期日)"
      },
      "weather": {
        "day": {
          "date": "7日白天",
          "weather": "阵雨",
          "temp": "15",
          "tempUnit": "°C",
          "wind": {
            "direction": "东风",
            "directionCode": "E",
            "level": "3-4级"
          },
          "sunrise": "日出 05:46"
        },
        "night": {
          "date": "7日夜间",
          "weather": "阵雨",
          "temp": "12",
          "tempUnit": "°C",
          "wind": {
            "direction": "东风",
            "directionCode": "E",
            "level": "<3级"
          },
          "sunset": "日落 18:27"
        }
      }
    },
    {
      "id": "101200101",
      "province": "湖北",
      "city": "武汉",
      "realtime": {
        "nameen": "wuhan",
        "cityname": "武汉",
        "city": "101200101",
        "temp": "14.7",
        "tempf": "58.5",
        "WD": "北风",
        "wde": "N",
        "WS": "2级",
        "wse": "11km/h",
        "SD": "95%",
        "sd": "95%",
        "qy": "1013",
        "njd": "1km",
        "time": "08:00",
        "rain": "0.1",
        "rain24h": "0.1",
        "aqi": "62",
        "aqi_pm25": "62",
        "weather": "阴",
        "weathere": "Overcast",
        "weathercode": "d02",
        "limitnumber": "不限行",
        "date": "04月07日(星期日)"
      },
      "weather": {
        "day": {
          "date": "7日白天",
          "weather": "小雨",
          "temp": "19",
          "tempUnit": "°C",
          "wind": {
            "direction": "无持续风向",
            "directionCode": "NNW",
            "level": "<3级"
          },
          "sunrise": "日出 06:05"
        },
        "night": {
          "date": "7日夜间",
          "weather": "多云",
          "temp": "14",
          "tempUnit": "°C",
          "wind": {
            "direction": "无持续风向",
            "directionCode": "NNW",
            "level": "<3级"
          },
          "sunset": "日落 18:44"
        }
      }
    },
    {
      "id": "101210101",
      "province": "浙江",
      "city": "杭州",
      "realtime": {
        "nameen": "hangzhou",
        "cityname": "杭州",
        "city": "101210101",
        "temp": "13.6",
        "tempf": "56.5",
        "WD": "东风",
        "wde": "E",
        "WS": "2级",
        "wse": "10km/h",
        "SD": "94%",
        "sd": "94%",
        "qy": "1012",
        "njd": "5km",
        "time": "08:00",
        "rain": "0",
        "rain24h": "0",
        "aqi": "31",
        "aqi_pm25": "31",
        "weather": "阴",
        "weathere": "Overcast",
        "weathercode": "d02",
        "limitnumber": "不限行",
        "date": "04月07日(星期日)"
      },
      "weather": {
        "day": {
          "date": "7日白天",
          "weather": "小到中雨",
          "temp": "13",
          "tempUnit": "°C",
          "wind": {
            "direction": "东北风",
            "directionCode": "NE",
            "level": "4-5级"
          },
          "sunrise": "日出 05:42"
        },
        "night": {
          "date": "7日夜间",
          "weather": "小雨",
          "temp": "12",
          "tempUnit": "°C",
          "wind": {
            "direction": "东北风",
            "directionCode": "NE",
            "level": "3-4级"
          },
          "sunset": "日落 18:21"
        }
      }
    },
    {
      "id": "101220101",
      "province": "安徽",
      "city": "合肥",
      "realtime": {
        "nameen": "hefei",
        "cityname": "合肥",
        "city": "101220101",
        "temp": "14.7",
        "tempf": "58.5",
        "WD": "东北风",
        "wde": "NE",
        "WS": "2级",
        "wse": "8km/h",
        "SD": "82%",
        "sd": "82%",
        "qy": "1010",
        "njd": "5km",
        "time": "08:00",
        "rain": "0",
        "rain24h": "0",
        "aqi": "78",
        "aqi_pm25": "78",
        "weather": "雾",
        "weathere": "Foggy",
        "weathercode": "d18",
        "limitnumber": "",
        "date": "04月07日(星期日)"
      },
      "weather": {
        "day": {
          "date": "7日白天",
          "weather": "小雨",
          "temp": "17",
          "tempUnit": "°C",
          "wind": {
            "direction": "东风",
            "directionCode": "E",
            "level": "<3级"
          },
          "sunrise": "日出 05:52"
        },
        "night": {
          "date": "7日夜间",
          "weather": "小雨",
          "temp": "13",
          "tempUnit": "°C",
          "wind": {
            "direction": "东北风",
            "directionCode": "NE",
            "level": "<3级"
          },
          "sunset": "日落 18:34"
        }
      }
    },
    {
      "id": "101230101",
      "province": "福建",
      "city": "福州",
      "realtime": {
        "nameen": "fuzhou",
        "cityname": "福州",
        "city": "101230101",
        "temp": "15.4",
        "tempf": "59.7",
        "WD": "南风",
        "wde": "S",
        "WS": "1级",
        "wse": "4km/h",
        "SD": "100%",
        "sd": "100%",
        "qy": "1006",
        "njd": "3km",
        "time": "08:00",
        "rain": "0.1",
        "rain24h": "0.1",
        "aqi": "24",
        "aqi_pm25": "24",
        "weather": "阴",
        "weathere": "Overcast",
        "weathercode": "d02",
        "limitnumber": "",
        "date": "04月07日(星期日)"
      },
      "weather": {
        "day": {
          "date": "7日白天",
          "weather": "小雨",
          "temp": "19",
          "tempUnit": "°C",
          "wind": {
            "direction": "东南风",
            "directionCode": "SE",
            "level": "<3级"
          },
          "sunrise": "日出 05:48"
        },
        "night": {
          "date": "7日夜间",
          "weather": "中雨",
          "temp": "15",
          "tempUnit": "°C",
          "wind": {
            "direction": "东风",
            "directionCode": "E",
            "level": "<3级"
          },
          "sunset": "日落 18:22"
        }
      }
    },
    {
      "id": "101240101",
      "province": "江西",
      "city": "南昌",
      "realtime": {
        "nameen": "nanchang",
        "cityname": "南昌",
        "city": "101240101",
        "temp": "14.7",
        "tempf": "58.5",
        "WD": "东北风",
        "wde": "NE",
        "WS": "1级",
        "wse": "4km/h",
        "SD": "87%",
        "sd": "87%",
        "qy": "1009",
        "njd": "5km",
        "time": "07:55",
        "rain": "0",
        "rain24h": "0",
        "aqi": "59",
        "aqi_pm25": "59",
        "weather": "多云",
        "weathere": "Cloudy",
        "weathercode": "d01",
        "limitnumber": "",
        "date": "04月07日(星期日)"
      },
      "weather": {
        "day": {
          "date": "7日白天",
          "weather": "小雨",
          "temp": "18",
          "tempUnit": "°C",
          "wind": {
            "direction": "东北风",
            "directionCode": "NE",
            "level": "<3级"
          },
          "sunrise": "日出 06:00"
        },
        "night": {
          "date": "7日夜间",
          "weather": "小雨",
          "temp": "15",
          "tempUnit": "°C",
          "wind": {
            "direction": "北风",
            "directionCode": "N",
            "level": "<3级"
          },
          "sunset": "日落 18:37"
        }
      }
    },
    {
      "id": "101250101",
      "province": "湖南",
      "city": "长沙",
      "realtime": {
        "nameen": "changsha",
        "cityname": "长沙",
        "city": "101250101",
        "temp": "14.3",
        "tempf": "57.7",
        "WD": "西风",
        "wde": "W",
        "WS": "1级",
        "wse": "5km/h",
        "SD": "94%",
        "sd": "94%",
        "qy": "1011",
        "njd": "1km",
        "time": "08:00",
        "rain": "1.1",
        "rain24h": "1.1",
        "aqi": "74",
        "aqi_pm25": "74",
        "weather": "雨",
        "weathere": null,
        "weathercode": "d301",
        "limitnumber": "",
        "date": "04月07日(星期日)"
      },
      "weather": {
        "day": {
          "date": "7日白天",
          "weather": "小雨",
          "temp": "18",
          "tempUnit": "°C",
          "wind": {
            "direction": "西北风",
            "directionCode": "NW",
            "level": "<3级"
          },
          "sunrise": "日出 06:12"
        },
        "night": {
          "date": "7日夜间",
          "weather": "小雨",
          "temp": "14",
          "tempUnit": "°C",
          "wind": {
            "direction": "西北风",
            "directionCode": "NW",
            "level": "<3级"
          },
          "sunset": "日落 18:48"
        }
      }
    },
    {
      "id": "101260101",
      "province": "贵州",
      "city": "贵阳",
      "realtime": {
        "nameen": "guiyang",
        "cityname": "贵阳",
        "city": "101260101",
        "temp": "10.1",
        "tempf": "50.2",
        "WD": "东北风",
        "wde": "NE",
        "WS": "2级",
        "wse": "7km/h",
        "SD": "98%",
        "sd": "98%",
        "qy": "877",
        "njd": "9km",
        "time": "08:00",
        "rain": "0",
        "rain24h": "0",
        "aqi": "15",
        "aqi_pm25": "15",
        "weather": "阴",
        "weathere": "Overcast",
        "weathercode": "d02",
        "limitnumber": null,
        "date": "04月07日(星期日)"
      },
      "weather": {
        "day": {
          "date": "7日白天",
          "weather": "阴",
          "temp": "15",
          "tempUnit": "°C",
          "wind": {
            "direction": "东北风",
            "directionCode": "NE",
            "level": "<3级"
          },
          "sunrise": "日出 06:38"
        },
        "night": {
          "date": "7日夜间",
          "weather": "阵雨",
          "temp": "10",
          "tempUnit": "°C",
          "wind": {
            "direction": "北风",
            "directionCode": "N",
            "level": "<3级"
          },
          "sunset": "日落 19:13"
        }
      }
    },
    {
      "id": "101270101",
      "province": "四川",
      "city": "成都",
      "realtime": {
        "nameen": "chengdu",
        "cityname": "成都",
        "city": "101270101",
        "temp": "13.2",
        "tempf": "55.8",
        "WD": "北风",
        "wde": "N",
        "WS": "2级",
        "wse": "6km/h",
        "SD": "100%",
        "sd": "100%",
        "qy": "958",
        "njd": "2km",
        "time": "08:00",
        "rain": "0.9",
        "rain24h": "0.9",
        "aqi": "24",
        "aqi_pm25": "24",
        "weather": "阴",
        "weathere": "Overcast",
        "weathercode": "d02",
        "limitnumber": "不限行",
        "date": "04月07日(星期日)"
      },
      "weather": {
        "day": {
          "date": "7日白天",
          "weather": "小雨",
          "temp": "16",
          "tempUnit": "°C",
          "wind": {
            "direction": "无持续风向",
            "directionCode": "NNW",
            "level": "<3级"
          },
          "sunrise": "日出 06:46"
        },
        "night": {
          "date": "7日夜间",
          "weather": "阴",
          "temp": "10",
          "tempUnit": "°C",
          "wind": {
            "direction": "无持续风向",
            "directionCode": "NNW",
            "level": "<3级"
          },
          "sunset": "日落 19:25"
        }
      }
    },
    {
      "id": "101280101",
      "province": "广东",
      "city": "广州",
      "realtime": {
        "nameen": "guangzhou",
        "cityname": "广州",
        "city": "101280101",
        "temp": "21.5",
        "tempf": "70.7",
        "WD": "北风",
        "wde": "N",
        "WS": "1级",
        "wse": "2km/h",
        "SD": "99%",
        "sd": "99%",
        "qy": "1006",
        "njd": "13km",
        "time": "07:50",
        "rain": "0",
        "rain24h": "0",
        "aqi": "13",
        "aqi_pm25": "13",
        "weather": "阴",
        "weathere": "Overcast",
        "weathercode": "d02",
        "limitnumber": "不限行",
        "date": "04月07日(星期日)"
      },
      "weather": {
        "day": {
          "date": "7日白天",
          "weather": "暴雨",
          "temp": "23",
          "tempUnit": "°C",
          "wind": {
            "direction": "无持续风向",
            "directionCode": "NNW",
            "level": "<3级"
          },
          "sunrise": "日出 06:14"
        },
        "night": {
          "date": "7日夜间",
          "weather": "雷阵雨",
          "temp": "20",
          "tempUnit": "°C",
          "wind": {
            "direction": "无持续风向",
            "directionCode": "NNW",
            "level": "<3级"
          },
          "sunset": "日落 18:44"
        }
      }
    },
    {
      "id": "101290101",
      "province": "云南",
      "city": "昆明",
      "realtime": {
        "nameen": "kunming",
        "cityname": "昆明",
        "city": "101290101",
        "temp": "14.1",
        "tempf": "57.4",
        "WD": "西风",
        "wde": "W",
        "WS": "1级",
        "wse": "1km/h",
        "SD": "77%",
        "sd": "77%",
        "qy": "809",
        "njd": "13km",
        "time": "08:00",
        "rain": "0",
        "rain24h": "0",
        "aqi": "65",
        "aqi_pm25": "65",
        "weather": "晴",
        "weathere": "Sunny",
        "weathercode": "d00",
        "limitnumber": "",
        "date": "04月07日(星期日)"
      },
      "weather": {
        "day": {
          "date": "7日白天",
          "weather": "晴",
          "temp": "28",
          "tempUnit": "°C",
          "wind": {
            "direction": "西风",
            "directionCode": "W",
            "level": "3-4级"
          },
          "sunrise": "日出 06:54"
        },
        "night": {
          "date": "7日夜间",
          "weather": "晴",
          "temp": "16",
          "tempUnit": "°C",
          "wind": {
            "direction": "无持续风向",
            "directionCode": "NNW",
            "level": "<3级"
          },
          "sunset": "日落 19:27"
        }
      }
    },
    {
      "id": "101300101",
      "province": "广西",
      "city": "南宁",
      "realtime": {
        "nameen": "nanning",
        "cityname": "南宁",
        "city": "101300101",
        "temp": "17.7",
        "tempf": "63.9",
        "WD": "北风",
        "wde": "N",
        "WS": "0级",
        "wse": "0km/h",
        "SD": "95%",
        "sd": "95%",
        "qy": "989",
        "njd": "6km",
        "time": "08:00",
        "rain": "0",
        "rain24h": "0",
        "aqi": "32",
        "aqi_pm25": "32",
        "weather": "多云",
        "weathere": "Cloudy",
        "weathercode": "d01",
        "limitnumber": "",
        "date": "04月07日(星期日)"
      },
      "weather": {
        "day": {
          "date": "7日白天",
          "weather": "小雨",
          "temp": "20",
          "tempUnit": "°C",
          "wind": {
            "direction": "无持续风向",
            "directionCode": "NNW",
            "level": "<3级"
          },
          "sunrise": "日出 06:33"
        },
        "night": {
          "date": "7日夜间",
          "weather": "小雨",
          "temp": "18",
          "tempUnit": "°C",
          "wind": {
            "direction": "无持续风向",
            "directionCode": "NNW",
            "level": "<3级"
          },
          "sunset": "日落 19:03"
        }
      }
    },
    {
      "id": "101310101",
      "province": "海南",
      "city": "海口",
      "realtime": {
        "nameen": "haikou",
        "cityname": "海口",
        "city": "101310101",
        "temp": "26.3",
        "tempf": "79.3",
        "WD": "东南风",
        "wde": "SE",
        "WS": "3级",
        "wse": "12km/h",
        "SD": "86%",
        "sd": "86%",
        "qy": "1002",
        "njd": "11km",
        "time": "08:00",
        "rain": "0",
        "rain24h": "0",
        "aqi": "36",
        "aqi_pm25": "36",
        "weather": "晴",
        "weathere": "Sunny",
        "weathercode": "d00",
        "limitnumber": "",
        "date": "04月07日(星期日)"
      },
      "weather": {
        "day": {
          "date": "7日白天",
          "weather": "多云",
          "temp": "33",
          "tempUnit": "°C",
          "wind": {
            "direction": "无持续风向",
            "directionCode": "NNW",
            "level": "<3级"
          },
          "sunrise": "日出 06:27"
        },
        "night": {
          "date": "7日夜间",
          "weather": "多云",
          "temp": "25",
          "tempUnit": "°C",
          "wind": {
            "direction": "无持续风向",
            "directionCode": "NNW",
            "level": "<3级"
          },
          "sunset": "日落 18:54"
        }
      }
    },
    {
      "id": "101320101",
      "province": "香港",
      "city": "香港",
      "realtime": {
        "nameen": "hongkong",
        "cityname": "香港",
        "city": "101320101",
        "temp": "23.7",
        "tempf": "74.7",
        "WD": "微风",
        "wde": "NWW",
        "WS": "2级",
        "wse": "5km/h",
        "SD": "95%",
        "sd": "95%",
        "qy": "999",
        "njd": "12km",
        "time": "08:00",
        "rain": "0",
        "rain24h": "0",
        "aqi": "24",
        "aqi_pm25": "24",
        "weather": "阴",
        "weathere": "Overcast",
        "weathercode": "d02",
        "limitnumber": "",
        "date": "04月07日(星期日)"
      },
      "weather": {
        "day": {
          "date": "7日白天",
          "weather": "雷阵雨",
          "temp": "25",
          "tempUnit": "°C",
          "wind": {
            "direction": "无持续风向",
            "directionCode": "NNW",
            "level": "<3级"
          },
          "sunrise": "日出 06:11"
        },
        "night": {
          "date": "7日夜间",
          "weather": "多云",
          "temp": "21",
          "tempUnit": "°C",
          "wind": {
            "direction": "无持续风向",
            "directionCode": "NNW",
            "level": "<3级"
          },
          "sunset": "日落 18:40"
        }
      }
    },
    {
      "id": "101330101",
      "province": "澳门",
      "city": "澳门",
      "realtime": {
        "nameen": "macao",
        "cityname": "澳门",
        "city": "101330101",
        "temp": "23.9",
        "tempf": "75",
        "WD": "微风",
        "wde": "NWW",
        "WS": "0级",
        "wse": "0km/h",
        "SD": "95%",
        "sd": "95%",
        "qy": "1006",
        "njd": "6km",
        "time": "08:00",
        "rain": "0",
        "rain24h": "0",
        "aqi": "26",
        "aqi_pm25": "26",
        "weather": "阴",
        "weathere": "Overcast",
        "weathercode": "d02",
        "limitnumber": "",
        "date": "04月07日(星期日)"
      },
      "weather": {
        "day": {
          "date": "7日白天",
          "weather": "雷阵雨",
          "temp": "27",
          "tempUnit": "°C",
          "wind": {
            "direction": "南风",
            "directionCode": "S",
            "level": "3-4级"
          },
          "sunrise": "日出 06:13"
        },
        "night": {
          "date": "7日夜间",
          "weather": "雷阵雨",
          "temp": "22",
          "tempUnit": "°C",
          "wind": {
            "direction": "无持续风向",
            "directionCode": "NNW",
            "level": "<3级"
          },
          "sunset": "日落 18:42"
        }
      }
    },
    {
      "id": "101340101",
      "province": "台湾",
      "city": "台北",
      "realtime": {
        "nameen": "taibeixian",
        "cityname": "台北",
        "city": "101340101",
        "temp": "19.1",
        "tempf": "66.4",
        "WD": "微风",
        "wde": "NWW",
        "WS": "2级",
        "wse": "5km/h",
        "SD": "92%",
        "sd": "92%",
        "qy": "1007",
        "njd": "4km",
        "time": "08:00",
        "rain": "0",
        "rain24h": "0",
        "aqi": "28",
        "aqi_pm25": "28",
        "weather": "阴",
        "weathere": "Overcast",
        "weathercode": "d02",
        "limitnumber": "",
        "date": "04月07日(星期日)"
      },
      "weather": {
        "day": {
          "date": "7日白天",
          "weather": "小雨",
          "temp": "23",
          "tempUnit": "°C",
          "wind": {
            "direction": "无持续风向",
            "directionCode": "NNW",
            "level": "<3级"
          },
          "sunrise": "日出 05:40"
        },
        "night": {
          "date": "7日夜间",
          "weather": "小雨",
          "temp": "20",
          "tempUnit": "°C",
          "wind": {
            "direction": "无持续风向",
            "directionCode": "NNW",
            "level": "<3级"
          },
          "sunset": "日落 18:12"
        }
      }
    }
  ]
}
