{
  "timestamp": 1705161805936,
  "lastUpdate": "2024-01-14 00:03:25",
  "data": [
    {
      "id": "101010100",
      "province": "北京",
      "city": "北京",
      "realtime": {
        "nameen": "beijing",
        "cityname": "北京",
        "city": "101010100",
        "temp": "-0.4",
        "tempf": "31.3",
        "WD": "东风",
        "wde": "E",
        "WS": "1级",
        "wse": "3km/h",
        "SD": "65%",
        "sd": "65%",
        "qy": "1019",
        "njd": "8km",
        "time": "23:50",
        "rain": "0",
        "rain24h": "0",
        "aqi": "64",
        "aqi_pm25": "64",
        "weather": "晴",
        "weathere": "Sunny",
        "weathercode": "d00",
        "limitnumber": "不限行",
        "date": "01月13日(星期六)"
      },
      "weather": {
        "day": {
          "date": "13日夜间",
          "weather": "晴",
          "temp": "-3",
          "tempUnit": "°C",
          "wind": {
            "direction": "北风",
            "directionCode": "N",
            "level": "3-4级"
          },
          "sunrise": "日落 17:10"
        },
        "night": {
          "date": "14日白天",
          "weather": "晴",
          "temp": "4",
          "tempUnit": "°C",
          "wind": {
            "direction": "东北风",
            "directionCode": "NE",
            "level": "<3级"
          },
          "sunset": "日出 07:34"
        }
      }
    },
    {
      "id": "101020100",
      "province": "上海",
      "city": "上海",
      "realtime": {
        "nameen": "shanghai",
        "cityname": "上海",
        "city": "101020100",
        "temp": "10.3",
        "tempf": "50.5",
        "WD": "北风",
        "wde": "N",
        "WS": "1级",
        "wse": "1km/h",
        "SD": "86%",
        "sd": "86%",
        "qy": "1023",
        "njd": "1km",
        "time": "23:50",
        "rain": "0",
        "rain24h": "0",
        "aqi": "162",
        "aqi_pm25": "162",
        "weather": "晴",
        "weathere": "Sunny",
        "weathercode": "d00",
        "limitnumber": "",
        "date": "01月13日(星期六)"
      },
      "weather": {
        "day": {
          "date": "13日夜间",
          "weather": "晴",
          "temp": "8",
          "tempUnit": "°C",
          "wind": {
            "direction": "无持续风向",
            "directionCode": "NNW",
            "level": "<3级"
          },
          "sunrise": "日落 17:11"
        },
        "night": {
          "date": "14日白天",
          "weather": "晴",
          "temp": "19",
          "tempUnit": "°C",
          "wind": {
            "direction": "无持续风向",
            "directionCode": "NNW",
            "level": "<3级"
          },
          "sunset": "日出 06:53"
        }
      }
    },
    {
      "id": "101030100",
      "province": "天津",
      "city": "天津",
      "realtime": {
        "nameen": "tianjin",
        "cityname": "天津",
        "city": "101030100",
        "temp": "0.5",
        "tempf": "32.9",
        "WD": "西北风",
        "wde": "NW",
        "WS": "2级",
        "wse": "7km/h",
        "SD": "64%",
        "sd": "64%",
        "qy": "1022",
        "njd": "13km",
        "time": "23:50",
        "rain": "0",
        "rain24h": "0",
        "aqi": "60",
        "aqi_pm25": "60",
        "weather": "多云",
        "weathere": "Cloudy",
        "weathercode": "d01",
        "limitnumber": "不限行",
        "date": "01月13日(星期六)"
      },
      "weather": {
        "day": {
          "date": "13日夜间",
          "weather": "阴",
          "temp": "0",
          "tempUnit": "°C",
          "wind": {
            "direction": "北风",
            "directionCode": "N",
            "level": "4-5级"
          },
          "sunrise": "日落 17:09"
        },
        "night": {
          "date": "14日白天",
          "weather": "晴",
          "temp": "3",
          "tempUnit": "°C",
          "wind": {
            "direction": "北风",
            "directionCode": "N",
            "level": "4-5级"
          },
          "sunset": "日出 07:29"
        }
      }
    },
    {
      "id": "101040100",
      "province": "重庆",
      "city": "重庆",
      "realtime": {
        "nameen": "chongqing",
        "cityname": "重庆",
        "city": "101040100",
        "temp": "14.8",
        "tempf": "58.6",
        "WD": "西北风",
        "wde": "NW",
        "WS": "2级",
        "wse": "7km/h",
        "SD": "70%",
        "sd": "70%",
        "qy": "988",
        "njd": "3km",
        "time": "23:55",
        "rain": "0",
        "rain24h": "0",
        "aqi": "153",
        "aqi_pm25": "153",
        "weather": "多云",
        "weathere": "Cloudy",
        "weathercode": "d01",
        "limitnumber": "不限行",
        "date": "01月13日(星期六)"
      },
      "weather": {
        "day": {
          "date": "13日夜间",
          "weather": "多云",
          "temp": "12",
          "tempUnit": "°C",
          "wind": {
            "direction": "北风",
            "directionCode": "N",
            "level": "<3级"
          },
          "sunrise": "日落 18:14"
        },
        "night": {
          "date": "14日白天",
          "weather": "阴",
          "temp": "17",
          "tempUnit": "°C",
          "wind": {
            "direction": "西风",
            "directionCode": "W",
            "level": "<3级"
          },
          "sunset": "日出 07:49"
        }
      }
    },
    {
      "id": "101050101",
      "province": "黑龙江",
      "city": "哈尔滨",
      "realtime": {
        "nameen": "haerbin",
        "cityname": "哈尔滨",
        "city": "101050101",
        "temp": "-15.5",
        "tempf": "4.1",
        "WD": "西北风",
        "wde": "NW",
        "WS": "1级",
        "wse": "2km/h",
        "SD": "75%",
        "sd": "75%",
        "qy": "1001",
        "njd": "3km",
        "time": "23:50",
        "rain": "0",
        "rain24h": "0",
        "aqi": "140",
        "aqi_pm25": "140",
        "weather": "霾",
        "weathere": "haze",
        "weathercode": "d53",
        "limitnumber": "",
        "date": "01月13日(星期六)"
      },
      "weather": {
        "day": {
          "date": "13日夜间",
          "weather": "小雪",
          "temp": "-17",
          "tempUnit": "°C",
          "wind": {
            "direction": "西风",
            "directionCode": "W",
            "level": "<3级"
          },
          "sunrise": "日落 16:12"
        },
        "night": {
          "date": "14日白天",
          "weather": "多云",
          "temp": "-14",
          "tempUnit": "°C",
          "wind": {
            "direction": "西北风",
            "directionCode": "NW",
            "level": "3-4级"
          },
          "sunset": "日出 07:12"
        }
      }
    },
    {
      "id": "101060101",
      "province": "吉林",
      "city": "长春",
      "realtime": {
        "nameen": "changchun",
        "cityname": "长春",
        "city": "101060101",
        "temp": "-8.4",
        "tempf": "16.9",
        "WD": "西风",
        "wde": "W",
        "WS": "3级",
        "wse": "15km/h",
        "SD": "53%",
        "sd": "53%",
        "qy": "988",
        "njd": "8km",
        "time": "23:50",
        "rain": "0",
        "rain24h": "0",
        "aqi": "54",
        "aqi_pm25": "54",
        "weather": "多云",
        "weathere": "Cloudy",
        "weathercode": "d01",
        "limitnumber": "",
        "date": "01月13日(星期六)"
      },
      "weather": {
        "day": {
          "date": "13日夜间",
          "weather": "多云",
          "temp": "-14",
          "tempUnit": "°C",
          "wind": {
            "direction": "西风",
            "directionCode": "W",
            "level": "<3级"
          },
          "sunrise": "日落 16:23"
        },
        "night": {
          "date": "14日白天",
          "weather": "晴",
          "temp": "-10",
          "tempUnit": "°C",
          "wind": {
            "direction": "西北风",
            "directionCode": "NW",
            "level": "<3级"
          },
          "sunset": "日出 07:10"
        }
      }
    },
    {
      "id": "101070101",
      "province": "辽宁",
      "city": "沈阳",
      "realtime": {
        "nameen": "shenyang",
        "cityname": "沈阳",
        "city": "101070101",
        "temp": "-2.7",
        "tempf": "27.1",
        "WD": "西南风",
        "wde": "SW",
        "WS": "2级",
        "wse": "6km/h",
        "SD": "60%",
        "sd": "60%",
        "qy": "1016",
        "njd": "30km",
        "time": "23:50",
        "rain": "0",
        "rain24h": "0",
        "aqi": "60",
        "aqi_pm25": "60",
        "weather": "阴",
        "weathere": "Overcast",
        "weathercode": "d02",
        "limitnumber": "",
        "date": "01月13日(星期六)"
      },
      "weather": {
        "day": {
          "date": "13日夜间",
          "weather": "小雪",
          "temp": "-10",
          "tempUnit": "°C",
          "wind": {
            "direction": "北风",
            "directionCode": "N",
            "level": "4-5级"
          },
          "sunrise": "日落 16:37"
        },
        "night": {
          "date": "14日白天",
          "weather": "晴",
          "temp": "-6",
          "tempUnit": "°C",
          "wind": {
            "direction": "北风",
            "directionCode": "N",
            "level": "4-5级"
          },
          "sunset": "日出 07:11"
        }
      }
    },
    {
      "id": "101080101",
      "province": "内蒙古",
      "city": "呼和浩特",
      "realtime": {
        "nameen": "huhehaote",
        "cityname": "呼和浩特",
        "city": "101080101",
        "temp": "-10.5",
        "tempf": "13.1",
        "WD": "北风",
        "wde": "N",
        "WS": "4级",
        "wse": "21km/h",
        "SD": "61%",
        "sd": "61%",
        "qy": "894",
        "njd": "30km",
        "time": "23:50",
        "rain": "0",
        "rain24h": "0",
        "aqi": "29",
        "aqi_pm25": "29",
        "weather": "多云",
        "weathere": "Cloudy",
        "weathercode": "d01",
        "limitnumber": "",
        "date": "01月13日(星期六)"
      },
      "weather": {
        "day": {
          "date": "13日夜间",
          "weather": "多云",
          "temp": "-15",
          "tempUnit": "°C",
          "wind": {
            "direction": "西南风",
            "directionCode": "SW",
            "level": "3-4级"
          },
          "sunrise": "日落 17:26"
        },
        "night": {
          "date": "14日白天",
          "weather": "晴",
          "temp": "-6",
          "tempUnit": "°C",
          "wind": {
            "direction": "北风",
            "directionCode": "N",
            "level": "<3级"
          },
          "sunset": "日出 07:56"
        }
      }
    },
    {
      "id": "101090101",
      "province": "河北",
      "city": "石家庄",
      "realtime": {
        "nameen": "shijiazhuang",
        "cityname": "石家庄",
        "city": "101090101",
        "temp": "-0.8",
        "tempf": "30.6",
        "WD": "西北风",
        "wde": "NW",
        "WS": "2级",
        "wse": "7km/h",
        "SD": "90%",
        "sd": "90%",
        "qy": "1013",
        "njd": "1km",
        "time": "23:50",
        "rain": "0",
        "rain24h": "0",
        "aqi": "152",
        "aqi_pm25": "152",
        "weather": "雾",
        "weathere": "Foggy",
        "weathercode": "d18",
        "limitnumber": "",
        "date": "01月13日(星期六)"
      },
      "weather": {
        "day": {
          "date": "13日夜间",
          "weather": "多云",
          "temp": "-4",
          "tempUnit": "°C",
          "wind": {
            "direction": "北风",
            "directionCode": "N",
            "level": "<3级"
          },
          "sunrise": "日落 17:23"
        },
        "night": {
          "date": "14日白天",
          "weather": "晴",
          "temp": "4",
          "tempUnit": "°C",
          "wind": {
            "direction": "北风",
            "directionCode": "N",
            "level": "<3级"
          },
          "sunset": "日出 07:37"
        }
      }
    },
    {
      "id": "101100101",
      "province": "山西",
      "city": "太原",
      "realtime": {
        "nameen": "taiyuan",
        "cityname": "太原",
        "city": "101100101",
        "temp": "4.6",
        "tempf": "40.3",
        "WD": "北风",
        "wde": "N",
        "WS": "3级",
        "wse": "15km/h",
        "SD": "39%",
        "sd": "39%",
        "qy": "931",
        "njd": "9km",
        "time": "23:50",
        "rain": "0",
        "rain24h": "0",
        "aqi": "137",
        "aqi_pm25": "137",
        "weather": "晴",
        "weathere": "Sunny",
        "weathercode": "d00",
        "limitnumber": "",
        "date": "01月13日(星期六)"
      },
      "weather": {
        "day": {
          "date": "13日夜间",
          "weather": "晴",
          "temp": "-10",
          "tempUnit": "°C",
          "wind": {
            "direction": "北风",
            "directionCode": "N",
            "level": "3-4级"
          },
          "sunrise": "日落 17:31"
        },
        "night": {
          "date": "14日白天",
          "weather": "晴",
          "temp": "5",
          "tempUnit": "°C",
          "wind": {
            "direction": "西北风",
            "directionCode": "NW",
            "level": "3-4级"
          },
          "sunset": "日出 07:44"
        }
      }
    },
    {
      "id": "101110101",
      "province": "陕西",
      "city": "西安",
      "realtime": {
        "nameen": "xian",
        "cityname": "西安",
        "city": "101110101",
        "temp": "5.1",
        "tempf": "41.2",
        "WD": "北风",
        "wde": "N",
        "WS": "2级",
        "wse": "11km/h",
        "SD": "85%",
        "sd": "85%",
        "qy": "976",
        "njd": "2km",
        "time": "23:50",
        "rain": "0",
        "rain24h": "0",
        "aqi": "247",
        "aqi_pm25": "247",
        "weather": "霾",
        "weathere": "haze",
        "weathercode": "d53",
        "limitnumber": "不限行",
        "date": "01月13日(星期六)"
      },
      "weather": {
        "day": {
          "date": "13日夜间",
          "weather": "多云",
          "temp": "-2",
          "tempUnit": "°C",
          "wind": {
            "direction": "西南风",
            "directionCode": "SW",
            "level": "<3级"
          },
          "sunrise": "日落 17:54"
        },
        "night": {
          "date": "14日白天",
          "weather": "多云",
          "temp": "10",
          "tempUnit": "°C",
          "wind": {
            "direction": "东北风",
            "directionCode": "NE",
            "level": "<3级"
          },
          "sunset": "日出 07:50"
        }
      }
    },
    {
      "id": "101120101",
      "province": "山东",
      "city": "济南",
      "realtime": {
        "nameen": "jinan",
        "cityname": "济南",
        "city": "101120101",
        "temp": "1.6",
        "tempf": "34.9",
        "WD": "西北风",
        "wde": "NW",
        "WS": "2级",
        "wse": "6km/h",
        "SD": "87%",
        "sd": "87%",
        "qy": "1000",
        "njd": "0km",
        "time": "23:50",
        "rain": "0",
        "rain24h": "0",
        "aqi": "254",
        "aqi_pm25": "254",
        "weather": "霾",
        "weathere": "haze",
        "weathercode": "d53",
        "limitnumber": "",
        "date": "01月13日(星期六)"
      },
      "weather": {
        "day": {
          "date": "13日夜间",
          "weather": "雨夹雪",
          "temp": "-1",
          "tempUnit": "°C",
          "wind": {
            "direction": "北风",
            "directionCode": "N",
            "level": "3-4级"
          },
          "sunrise": "日落 17:16"
        },
        "night": {
          "date": "14日白天",
          "weather": "晴",
          "temp": "2",
          "tempUnit": "°C",
          "wind": {
            "direction": "北风",
            "directionCode": "N",
            "level": "3-4级"
          },
          "sunset": "日出 07:23"
        }
      }
    },
    {
      "id": "101130101",
      "province": "新疆",
      "city": "乌鲁木齐",
      "realtime": {
        "nameen": "wulumuqi",
        "cityname": "乌鲁木齐",
        "city": "101130101",
        "temp": "-7.9",
        "tempf": "17.8",
        "WD": "微风",
        "wde": "NWW",
        "WS": "1级",
        "wse": "1km/h",
        "SD": "85%",
        "sd": "85%",
        "qy": "906",
        "njd": "4km",
        "time": "23:30",
        "rain": "0",
        "rain24h": "0",
        "aqi": "60",
        "aqi_pm25": "60",
        "weather": "雾",
        "weathere": "Foggy",
        "weathercode": "d18",
        "limitnumber": "",
        "date": "01月13日(星期六)"
      },
      "weather": {
        "day": {
          "date": "13日夜间",
          "weather": "晴",
          "temp": "-11",
          "tempUnit": "°C",
          "wind": {
            "direction": "东南风",
            "directionCode": "SE",
            "level": "<3级"
          },
          "sunrise": "日落 18:54"
        },
        "night": {
          "date": "14日白天",
          "weather": "晴",
          "temp": "-4",
          "tempUnit": "°C",
          "wind": {
            "direction": "东风",
            "directionCode": "E",
            "level": "<3级"
          },
          "sunset": "日出 09:41"
        }
      }
    },
    {
      "id": "101140101",
      "province": "西藏",
      "city": "拉萨",
      "realtime": {
        "nameen": "lasa",
        "cityname": "拉萨",
        "city": "101140101",
        "temp": "-2.3",
        "tempf": "27.9",
        "WD": "微风",
        "wde": "NWW",
        "WS": "0级",
        "wse": "0km/h",
        "SD": "20%",
        "sd": "20%",
        "qy": "652",
        "njd": "9km",
        "time": "23:30",
        "rain": "0",
        "rain24h": "0",
        "aqi": "78",
        "aqi_pm25": "78",
        "weather": "多云",
        "weathere": "Cloudy",
        "weathercode": "d01",
        "limitnumber": "",
        "date": "01月13日(星期六)"
      },
      "weather": {
        "day": {
          "date": "13日夜间",
          "weather": "多云",
          "temp": "-6",
          "tempUnit": "°C",
          "wind": {
            "direction": "无持续风向",
            "directionCode": "NNW",
            "level": "<3级"
          },
          "sunrise": "日落 19:16"
        },
        "night": {
          "date": "14日白天",
          "weather": "晴",
          "temp": "9",
          "tempUnit": "°C",
          "wind": {
            "direction": "无持续风向",
            "directionCode": "NNW",
            "level": "<3级"
          },
          "sunset": "日出 08:51"
        }
      }
    },
    {
      "id": "101150101",
      "province": "青海",
      "city": "西宁",
      "realtime": {
        "nameen": "xining",
        "cityname": "西宁",
        "city": "101150101",
        "temp": "-3.7",
        "tempf": "25.3",
        "WD": "东风",
        "wde": "E",
        "WS": "2级",
        "wse": "6km/h",
        "SD": "30%",
        "sd": "30%",
        "qy": "762",
        "njd": "15km",
        "time": "23:50",
        "rain": "0",
        "rain24h": "0",
        "aqi": "74",
        "aqi_pm25": "74",
        "weather": "晴",
        "weathere": "Sunny",
        "weathercode": "d00",
        "limitnumber": "",
        "date": "01月13日(星期六)"
      },
      "weather": {
        "day": {
          "date": "13日夜间",
          "weather": "晴",
          "temp": "-11",
          "tempUnit": "°C",
          "wind": {
            "direction": "无持续风向",
            "directionCode": "NNW",
            "level": "<3级"
          },
          "sunrise": "日落 18:17"
        },
        "night": {
          "date": "14日白天",
          "weather": "晴",
          "temp": "7",
          "tempUnit": "°C",
          "wind": {
            "direction": "无持续风向",
            "directionCode": "NNW",
            "level": "<3级"
          },
          "sunset": "日出 08:24"
        }
      }
    },
    {
      "id": "101160101",
      "province": "甘肃",
      "city": "兰州",
      "realtime": {
        "nameen": "lanzhou",
        "cityname": "兰州",
        "city": "101160101",
        "temp": "-7.3",
        "tempf": "18.9",
        "WD": "西风",
        "wde": "W",
        "WS": "1级",
        "wse": "5km/h",
        "SD": "44%",
        "sd": "44%",
        "qy": "815",
        "njd": "9km",
        "time": "23:50",
        "rain": "0",
        "rain24h": "0",
        "aqi": "80",
        "aqi_pm25": "80",
        "weather": "晴",
        "weathere": "Sunny",
        "weathercode": "d00",
        "limitnumber": "不限行",
        "date": "01月13日(星期六)"
      },
      "weather": {
        "day": {
          "date": "13日夜间",
          "weather": "晴",
          "temp": "-8",
          "tempUnit": "°C",
          "wind": {
            "direction": "无持续风向",
            "directionCode": "NNW",
            "level": "<3级"
          },
          "sunrise": "日落 18:10"
        },
        "night": {
          "date": "14日白天",
          "weather": "多云",
          "temp": "8",
          "tempUnit": "°C",
          "wind": {
            "direction": "无持续风向",
            "directionCode": "NNW",
            "level": "<3级"
          },
          "sunset": "日出 08:15"
        }
      }
    },
    {
      "id": "101170101",
      "province": "宁夏",
      "city": "银川",
      "realtime": {
        "nameen": "yinchuan",
        "cityname": "银川",
        "city": "101170101",
        "temp": "-1.8",
        "tempf": "28.8",
        "WD": "东北风",
        "wde": "NE",
        "WS": "1级",
        "wse": "4km/h",
        "SD": "55%",
        "sd": "55%",
        "qy": "899",
        "njd": "11km",
        "time": "23:50",
        "rain": "0",
        "rain24h": "0",
        "aqi": "122",
        "aqi_pm25": "122",
        "weather": "晴",
        "weathere": "Sunny",
        "weathercode": "d00",
        "limitnumber": "",
        "date": "01月13日(星期六)"
      },
      "weather": {
        "day": {
          "date": "13日夜间",
          "weather": "晴",
          "temp": "-10",
          "tempUnit": "°C",
          "wind": {
            "direction": "无持续风向",
            "directionCode": "NNW",
            "level": "<3级"
          },
          "sunrise": "日落 17:55"
        },
        "night": {
          "date": "14日白天",
          "weather": "晴",
          "temp": "1",
          "tempUnit": "°C",
          "wind": {
            "direction": "无持续风向",
            "directionCode": "NNW",
            "level": "<3级"
          },
          "sunset": "日出 08:11"
        }
      }
    },
    {
      "id": "101180101",
      "province": "河南",
      "city": "郑州",
      "realtime": {
        "nameen": "zhengzhou",
        "cityname": "郑州",
        "city": "101180101",
        "temp": "4.4",
        "tempf": "39.9",
        "WD": "西南风",
        "wde": "SW",
        "WS": "1级",
        "wse": "3km/h",
        "SD": "85%",
        "sd": "85%",
        "qy": "1006",
        "njd": "0km",
        "time": "23:50",
        "rain": "0",
        "rain24h": "0",
        "aqi": "407",
        "aqi_pm25": "407",
        "weather": "雾",
        "weathere": "Foggy",
        "weathercode": "d18",
        "limitnumber": "不限行",
        "date": "01月13日(星期六)"
      },
      "weather": {
        "day": {
          "date": "13日夜间",
          "weather": "晴",
          "temp": "1",
          "tempUnit": "°C",
          "wind": {
            "direction": "东北风",
            "directionCode": "NE",
            "level": "<3级"
          },
          "sunrise": "日落 17:34"
        },
        "night": {
          "date": "14日白天",
          "weather": "多云",
          "temp": "6",
          "tempUnit": "°C",
          "wind": {
            "direction": "东北风",
            "directionCode": "NE",
            "level": "3-4级"
          },
          "sunset": "日出 07:32"
        }
      }
    },
    {
      "id": "101190101",
      "province": "江苏",
      "city": "南京",
      "realtime": {
        "nameen": "nanjing",
        "cityname": "南京",
        "city": "101190101",
        "temp": "8.5",
        "tempf": "47.3",
        "WD": "东南风",
        "wde": "SE",
        "WS": "2级",
        "wse": "6km/h",
        "SD": "67%",
        "sd": "67%",
        "qy": "1016",
        "njd": "3km",
        "time": "23:50",
        "rain": "0",
        "rain24h": "0",
        "aqi": "143",
        "aqi_pm25": "143",
        "weather": "霾",
        "weathere": "haze",
        "weathercode": "d53",
        "limitnumber": "",
        "date": "01月13日(星期六)"
      },
      "weather": {
        "day": {
          "date": "13日夜间",
          "weather": "晴",
          "temp": "5",
          "tempUnit": "°C",
          "wind": {
            "direction": "东南风",
            "directionCode": "SE",
            "level": "<3级"
          },
          "sunrise": "日落 17:20"
        },
        "night": {
          "date": "14日白天",
          "weather": "小雨",
          "temp": "14",
          "tempUnit": "°C",
          "wind": {
            "direction": "北风",
            "directionCode": "N",
            "level": "4-5级"
          },
          "sunset": "日出 07:06"
        }
      }
    },
    {
      "id": "101200101",
      "province": "湖北",
      "city": "武汉",
      "realtime": {
        "nameen": "wuhan",
        "cityname": "武汉",
        "city": "101200101",
        "temp": "7.7",
        "tempf": "45.9",
        "WD": "东南风",
        "wde": "SE",
        "WS": "1级",
        "wse": "2km/h",
        "SD": "88%",
        "sd": "88%",
        "qy": "1016",
        "njd": "4km",
        "time": "23:45",
        "rain": "0",
        "rain24h": "0",
        "aqi": "109",
        "aqi_pm25": "109",
        "weather": "雾",
        "weathere": "Foggy",
        "weathercode": "d18",
        "limitnumber": "不限行",
        "date": "01月13日(星期六)"
      },
      "weather": {
        "day": {
          "date": "13日夜间",
          "weather": "多云",
          "temp": "7",
          "tempUnit": "°C",
          "wind": {
            "direction": "无持续风向",
            "directionCode": "NNW",
            "level": "<3级"
          },
          "sunrise": "日落 17:41"
        },
        "night": {
          "date": "14日白天",
          "weather": "小雨",
          "temp": "15",
          "tempUnit": "°C",
          "wind": {
            "direction": "无持续风向",
            "directionCode": "NNW",
            "level": "<3级"
          },
          "sunset": "日出 07:20"
        }
      }
    },
    {
      "id": "101210101",
      "province": "浙江",
      "city": "杭州",
      "realtime": {
        "nameen": "hangzhou",
        "cityname": "杭州",
        "city": "101210101",
        "temp": "8.3",
        "tempf": "46.9",
        "WD": "东风",
        "wde": "E",
        "WS": "1级",
        "wse": "1km/h",
        "SD": "75%",
        "sd": "75%",
        "qy": "1017",
        "njd": "2km",
        "time": "23:50",
        "rain": "0",
        "rain24h": "0",
        "aqi": "188",
        "aqi_pm25": "188",
        "weather": "霾",
        "weathere": "haze",
        "weathercode": "d53",
        "limitnumber": "不限行",
        "date": "01月13日(星期六)"
      },
      "weather": {
        "day": {
          "date": "13日夜间",
          "weather": "晴",
          "temp": "4",
          "tempUnit": "°C",
          "wind": {
            "direction": "无持续风向",
            "directionCode": "NNW",
            "level": "<3级"
          },
          "sunrise": "日落 17:18"
        },
        "night": {
          "date": "14日白天",
          "weather": "多云",
          "temp": "21",
          "tempUnit": "°C",
          "wind": {
            "direction": "北风",
            "directionCode": "N",
            "level": "4-5级"
          },
          "sunset": "日出 06:56"
        }
      }
    },
    {
      "id": "101220101",
      "province": "安徽",
      "city": "合肥",
      "realtime": {
        "nameen": "hefei",
        "cityname": "合肥",
        "city": "101220101",
        "temp": "7.7",
        "tempf": "45.9",
        "WD": "西南风",
        "wde": "SW",
        "WS": "1级",
        "wse": "1km/h",
        "SD": "72%",
        "sd": "72%",
        "qy": "1012",
        "njd": "9km",
        "time": "23:50",
        "rain": "0",
        "rain24h": "0",
        "aqi": "84",
        "aqi_pm25": "84",
        "weather": "晴",
        "weathere": "Sunny",
        "weathercode": "d00",
        "limitnumber": "",
        "date": "01月13日(星期六)"
      },
      "weather": {
        "day": {
          "date": "13日夜间",
          "weather": "多云",
          "temp": "3",
          "tempUnit": "°C",
          "wind": {
            "direction": "东南风",
            "directionCode": "SE",
            "level": "<3级"
          },
          "sunrise": "日落 17:27"
        },
        "night": {
          "date": "14日白天",
          "weather": "阴",
          "temp": "13",
          "tempUnit": "°C",
          "wind": {
            "direction": "北风",
            "directionCode": "N",
            "level": "<3级"
          },
          "sunset": "日出 07:11"
        }
      }
    },
    {
      "id": "101230101",
      "province": "福建",
      "city": "福州",
      "realtime": {
        "nameen": "fuzhou",
        "cityname": "福州",
        "city": "101230101",
        "temp": "11.8",
        "tempf": "53.2",
        "WD": "西风",
        "wde": "W",
        "WS": "2级",
        "wse": "9km/h",
        "SD": "54%",
        "sd": "54%",
        "qy": "1014",
        "njd": "19km",
        "time": "23:50",
        "rain": "0",
        "rain24h": "0",
        "aqi": "35",
        "aqi_pm25": "35",
        "weather": "晴",
        "weathere": "Sunny",
        "weathercode": "d00",
        "limitnumber": "",
        "date": "01月13日(星期六)"
      },
      "weather": {
        "day": {
          "date": "13日夜间",
          "weather": "晴",
          "temp": "9",
          "tempUnit": "°C",
          "wind": {
            "direction": "无持续风向",
            "directionCode": "NNW",
            "level": "<3级"
          },
          "sunrise": "日落 17:30"
        },
        "night": {
          "date": "14日白天",
          "weather": "晴",
          "temp": "22",
          "tempUnit": "°C",
          "wind": {
            "direction": "无持续风向",
            "directionCode": "NNW",
            "level": "<3级"
          },
          "sunset": "日出 06:51"
        }
      }
    },
    {
      "id": "101240101",
      "province": "江西",
      "city": "南昌",
      "realtime": {
        "nameen": "nanchang",
        "cityname": "南昌",
        "city": "101240101",
        "temp": "11.2",
        "tempf": "52.2",
        "WD": "西北风",
        "wde": "NW",
        "WS": "1级",
        "wse": "3km/h",
        "SD": "74%",
        "sd": "74%",
        "qy": "1014",
        "njd": "10km",
        "time": "23:55",
        "rain": "0",
        "rain24h": "0",
        "aqi": "117",
        "aqi_pm25": "117",
        "weather": "晴",
        "weathere": "Sunny",
        "weathercode": "d00",
        "limitnumber": "",
        "date": "01月13日(星期六)"
      },
      "weather": {
        "day": {
          "date": "13日夜间",
          "weather": "阴",
          "temp": "8",
          "tempUnit": "°C",
          "wind": {
            "direction": "东南风",
            "directionCode": "SE",
            "level": "<3级"
          },
          "sunrise": "日落 17:39"
        },
        "night": {
          "date": "14日白天",
          "weather": "阴",
          "temp": "19",
          "tempUnit": "°C",
          "wind": {
            "direction": "东风",
            "directionCode": "E",
            "level": "<3级"
          },
          "sunset": "日出 07:10"
        }
      }
    },
    {
      "id": "101250101",
      "province": "湖南",
      "city": "长沙",
      "realtime": {
        "nameen": "changsha",
        "cityname": "长沙",
        "city": "101250101",
        "temp": "14.8",
        "tempf": "58.6",
        "WD": "南风",
        "wde": "S",
        "WS": "2级",
        "wse": "5km/h",
        "SD": "82%",
        "sd": "82%",
        "qy": "1015",
        "njd": "6km",
        "time": "23:50",
        "rain": "0",
        "rain24h": "0",
        "aqi": "80",
        "aqi_pm25": "80",
        "weather": "晴",
        "weathere": "Sunny",
        "weathercode": "d00",
        "limitnumber": "",
        "date": "01月13日(星期六)"
      },
      "weather": {
        "day": {
          "date": "13日夜间",
          "weather": "小雨",
          "temp": "11",
          "tempUnit": "°C",
          "wind": {
            "direction": "东南风",
            "directionCode": "SE",
            "level": "<3级"
          },
          "sunrise": "日落 17:51"
        },
        "night": {
          "date": "14日白天",
          "weather": "阴",
          "temp": "20",
          "tempUnit": "°C",
          "wind": {
            "direction": "北风",
            "directionCode": "N",
            "level": "<3级"
          },
          "sunset": "日出 07:21"
        }
      }
    },
    {
      "id": "101260101",
      "province": "贵州",
      "city": "贵阳",
      "realtime": {
        "nameen": "guiyang",
        "cityname": "贵阳",
        "city": "101260101",
        "temp": "12.7",
        "tempf": "54.9",
        "WD": "南风",
        "wde": "S",
        "WS": "2级",
        "wse": "8km/h",
        "SD": "87%",
        "sd": "87%",
        "qy": "880",
        "njd": "25km",
        "time": "23:50",
        "rain": "0",
        "rain24h": "0",
        "aqi": "20",
        "aqi_pm25": "20",
        "weather": "阴",
        "weathere": "Overcast",
        "weathercode": "d02",
        "limitnumber": null,
        "date": "01月13日(星期六)"
      },
      "weather": {
        "day": {
          "date": "13日夜间",
          "weather": "阴",
          "temp": "11",
          "tempUnit": "°C",
          "wind": {
            "direction": "南风",
            "directionCode": "S",
            "level": "<3级"
          },
          "sunrise": "日落 18:20"
        },
        "night": {
          "date": "14日白天",
          "weather": "多云",
          "temp": "18",
          "tempUnit": "°C",
          "wind": {
            "direction": "东南风",
            "directionCode": "SE",
            "level": "<3级"
          },
          "sunset": "日出 07:43"
        }
      }
    },
    {
      "id": "101270101",
      "province": "四川",
      "city": "成都",
      "realtime": {
        "nameen": "chengdu",
        "cityname": "成都",
        "city": "101270101",
        "temp": "11.5",
        "tempf": "52.7",
        "WD": "北风",
        "wde": "N",
        "WS": "2级",
        "wse": "11km/h",
        "SD": "80%",
        "sd": "80%",
        "qy": "962",
        "njd": "2km",
        "time": "23:50",
        "rain": "0",
        "rain24h": "0",
        "aqi": "180",
        "aqi_pm25": "180",
        "weather": "霾",
        "weathere": "haze",
        "weathercode": "d53",
        "limitnumber": "不限行",
        "date": "01月13日(星期六)"
      },
      "weather": {
        "day": {
          "date": "13日夜间",
          "weather": "阴",
          "temp": "11",
          "tempUnit": "°C",
          "wind": {
            "direction": "南风",
            "directionCode": "S",
            "level": "<3级"
          },
          "sunrise": "日落 18:22"
        },
        "night": {
          "date": "14日白天",
          "weather": "多云",
          "temp": "18",
          "tempUnit": "°C",
          "wind": {
            "direction": "南风",
            "directionCode": "S",
            "level": "<3级"
          },
          "sunset": "日出 08:01"
        }
      }
    },
    {
      "id": "101280101",
      "province": "广东",
      "city": "广州",
      "realtime": {
        "nameen": "guangzhou",
        "cityname": "广州",
        "city": "101280101",
        "temp": "16.7",
        "tempf": "62.1",
        "WD": "北风",
        "wde": "N",
        "WS": "1级",
        "wse": "3km/h",
        "SD": "83%",
        "sd": "83%",
        "qy": "1016",
        "njd": "8km",
        "time": "23:50",
        "rain": "0",
        "rain24h": "0",
        "aqi": "72",
        "aqi_pm25": "72",
        "weather": "晴",
        "weathere": "Sunny",
        "weathercode": "d00",
        "limitnumber": "不限行",
        "date": "01月13日(星期六)"
      },
      "weather": {
        "day": {
          "date": "13日夜间",
          "weather": "小雨",
          "temp": "14",
          "tempUnit": "°C",
          "wind": {
            "direction": "无持续风向",
            "directionCode": "NNW",
            "level": "<3级"
          },
          "sunrise": "日落 18:00"
        },
        "night": {
          "date": "14日白天",
          "weather": "小雨",
          "temp": "23",
          "tempUnit": "°C",
          "wind": {
            "direction": "无持续风向",
            "directionCode": "NNW",
            "level": "<3级"
          },
          "sunset": "日出 07:10"
        }
      }
    },
    {
      "id": "101290101",
      "province": "云南",
      "city": "昆明",
      "realtime": {
        "nameen": "kunming",
        "cityname": "昆明",
        "city": "101290101",
        "temp": "8.9",
        "tempf": "48",
        "WD": "西南风",
        "wde": "SW",
        "WS": "2级",
        "wse": "6km/h",
        "SD": "63%",
        "sd": "63%",
        "qy": "814",
        "njd": "22km",
        "time": "23:55",
        "rain": "0",
        "rain24h": "0",
        "aqi": "44",
        "aqi_pm25": "44",
        "weather": "晴",
        "weathere": "Sunny",
        "weathercode": "d00",
        "limitnumber": "",
        "date": "01月13日(星期六)"
      },
      "weather": {
        "day": {
          "date": "13日夜间",
          "weather": "晴",
          "temp": "5",
          "tempUnit": "°C",
          "wind": {
            "direction": "无持续风向",
            "directionCode": "NNW",
            "level": "<3级"
          },
          "sunrise": "日落 18:38"
        },
        "night": {
          "date": "14日白天",
          "weather": "多云",
          "temp": "19",
          "tempUnit": "°C",
          "wind": {
            "direction": "无持续风向",
            "directionCode": "NNW",
            "level": "<3级"
          },
          "sunset": "日出 07:55"
        }
      }
    },
    {
      "id": "101300101",
      "province": "广西",
      "city": "南宁",
      "realtime": {
        "nameen": "nanning",
        "cityname": "南宁",
        "city": "101300101",
        "temp": "16.7",
        "tempf": "62.1",
        "WD": "北风",
        "wde": "N",
        "WS": "2级",
        "wse": "11km/h",
        "SD": "96%",
        "sd": "96%",
        "qy": "997",
        "njd": "0km",
        "time": "23:55",
        "rain": "0",
        "rain24h": "0",
        "aqi": "64",
        "aqi_pm25": "64",
        "weather": "阴",
        "weathere": "Overcast",
        "weathercode": "d02",
        "limitnumber": "",
        "date": "01月13日(星期六)"
      },
      "weather": {
        "day": {
          "date": "13日夜间",
          "weather": "小雨",
          "temp": "16",
          "tempUnit": "°C",
          "wind": {
            "direction": "东风",
            "directionCode": "E",
            "level": "<3级"
          },
          "sunrise": "日落 18:20"
        },
        "night": {
          "date": "14日白天",
          "weather": "多云",
          "temp": "22",
          "tempUnit": "°C",
          "wind": {
            "direction": "东风",
            "directionCode": "E",
            "level": "<3级"
          },
          "sunset": "日出 07:29"
        }
      }
    },
    {
      "id": "101310101",
      "province": "海南",
      "city": "海口",
      "realtime": {
        "nameen": "haikou",
        "cityname": "海口",
        "city": "101310101",
        "temp": "20.9",
        "tempf": "69.6",
        "WD": "东风",
        "wde": "E",
        "WS": "2级",
        "wse": "7km/h",
        "SD": "84%",
        "sd": "84%",
        "qy": "1011",
        "njd": "16km",
        "time": "23:50",
        "rain": "0",
        "rain24h": "0",
        "aqi": "32",
        "aqi_pm25": "32",
        "weather": "阴",
        "weathere": "Overcast",
        "weathercode": "d02",
        "limitnumber": "",
        "date": "01月13日(星期六)"
      },
      "weather": {
        "day": {
          "date": "13日夜间",
          "weather": "多云",
          "temp": "20",
          "tempUnit": "°C",
          "wind": {
            "direction": "无持续风向",
            "directionCode": "NNW",
            "level": "<3级"
          },
          "sunrise": "日落 18:17"
        },
        "night": {
          "date": "14日白天",
          "weather": "多云",
          "temp": "25",
          "tempUnit": "°C",
          "wind": {
            "direction": "东风",
            "directionCode": "E",
            "level": "3-4级"
          },
          "sunset": "日出 07:16"
        }
      }
    },
    {
      "id": "101320101",
      "province": "香港",
      "city": "香港",
      "realtime": {
        "nameen": "hongkong",
        "cityname": "香港",
        "city": "101320101",
        "temp": "19",
        "tempf": "66.2",
        "WD": "微风",
        "wde": "NWW",
        "WS": "3级",
        "wse": "12km/h",
        "SD": "66%",
        "sd": "66%",
        "qy": "998",
        "njd": "28km",
        "time": "00:00",
        "rain": "0",
        "rain24h": "0",
        "aqi": "41",
        "aqi_pm25": "41",
        "weather": "晴",
        "weathere": "Sunny",
        "weathercode": "d00",
        "limitnumber": "",
        "date": "01月14日(星期日)"
      },
      "weather": {
        "day": {
          "date": "13日夜间",
          "weather": "多云",
          "temp": "18",
          "tempUnit": "°C",
          "wind": {
            "direction": "东风",
            "directionCode": "E",
            "level": "3-4级"
          },
          "sunrise": "日落 17:58"
        },
        "night": {
          "date": "14日白天",
          "weather": "多云",
          "temp": "22",
          "tempUnit": "°C",
          "wind": {
            "direction": "东风",
            "directionCode": "E",
            "level": "3-4级"
          },
          "sunset": "日出 07:05"
        }
      }
    },
    {
      "id": "101330101",
      "province": "澳门",
      "city": "澳门",
      "realtime": {
        "nameen": "macao",
        "cityname": "澳门",
        "city": "101330101",
        "temp": "20.1",
        "tempf": "68.2",
        "WD": "微风",
        "wde": "NWW",
        "WS": "2级",
        "wse": "5km/h",
        "SD": "61%",
        "sd": "61%",
        "qy": "1007",
        "njd": "32km",
        "time": "00:00",
        "rain": "0",
        "rain24h": "0",
        "aqi": "41",
        "aqi_pm25": "41",
        "weather": "雾",
        "weathere": "Foggy",
        "weathercode": "d18",
        "limitnumber": "",
        "date": "01月14日(星期日)"
      },
      "weather": {
        "day": {
          "date": "13日夜间",
          "weather": "多云",
          "temp": "18",
          "tempUnit": "°C",
          "wind": {
            "direction": "无持续风向",
            "directionCode": "NNW",
            "level": "<3级"
          },
          "sunrise": "日落 18:01"
        },
        "night": {
          "date": "14日白天",
          "weather": "多云",
          "temp": "21",
          "tempUnit": "°C",
          "wind": {
            "direction": "无持续风向",
            "directionCode": "NNW",
            "level": "<3级"
          },
          "sunset": "日出 07:07"
        }
      }
    },
    {
      "id": "101340101",
      "province": "台湾",
      "city": "台北",
      "realtime": {
        "nameen": "taibeixian",
        "cityname": "台北",
        "city": "101340101",
        "temp": "16.4",
        "tempf": "61.5",
        "WD": "微风",
        "wde": "NWW",
        "WS": "3级",
        "wse": "12km/h",
        "SD": "59%",
        "sd": "59%",
        "qy": "1007",
        "njd": "7km",
        "time": "23:30",
        "rain": "0",
        "rain24h": "0",
        "aqi": "104",
        "aqi_pm25": "104",
        "weather": "晴",
        "weathere": "Sunny",
        "weathercode": "d00",
        "limitnumber": "",
        "date": "01月13日(星期六)"
      },
      "weather": {
        "day": {
          "date": "13日夜间",
          "weather": "晴",
          "temp": "15",
          "tempUnit": "°C",
          "wind": {
            "direction": "无持续风向",
            "directionCode": "NNW",
            "level": "<3级"
          },
          "sunrise": "日落 17:23"
        },
        "night": {
          "date": "14日白天",
          "weather": "晴",
          "temp": "21",
          "tempUnit": "°C",
          "wind": {
            "direction": "无持续风向",
            "directionCode": "NNW",
            "level": "<3级"
          },
          "sunset": "日出 06:40"
        }
      }
    }
  ]
}
