{
  "timestamp": 1703790179418,
  "lastUpdate": "2023-12-29 03:02:59",
  "data": [
    {
      "id": "101010100",
      "province": "北京",
      "city": "北京",
      "realtime": {
        "nameen": "beijing",
        "cityname": "北京",
        "city": "101010100",
        "temp": "-6.4",
        "tempf": "20.5",
        "WD": "南风",
        "wde": "S",
        "WS": "1级",
        "wse": "3km/h",
        "SD": "88%",
        "sd": "88%",
        "qy": "1024",
        "njd": "3km",
        "time": "02:40",
        "rain": "0",
        "rain24h": "0",
        "aqi": "79",
        "aqi_pm25": "79",
        "weather": "多云",
        "weathere": "Cloudy",
        "weathercode": "d01",
        "limitnumber": "1和6",
        "date": "12月29日(星期五)"
      },
      "weather": {
        "day": {
          "date": "28日夜间",
          "weather": "晴",
          "temp": "-7",
          "tempUnit": "°C",
          "wind": {
            "direction": "西南风",
            "directionCode": "SW",
            "level": "<3级"
          },
          "sunrise": "日落 16:56"
        },
        "night": {
          "date": "29日白天",
          "weather": "多云",
          "temp": "3",
          "tempUnit": "°C",
          "wind": {
            "direction": "南风",
            "directionCode": "S",
            "level": "<3级"
          },
          "sunset": "日出 07:34"
        }
      }
    },
    {
      "id": "101020100",
      "province": "上海",
      "city": "上海",
      "realtime": {
        "nameen": "shanghai",
        "cityname": "上海",
        "city": "101020100",
        "temp": "6.9",
        "tempf": "44.4",
        "WD": "北风",
        "wde": "N",
        "WS": "0级",
        "wse": "0km/h",
        "SD": "91%",
        "sd": "91%",
        "qy": "1028",
        "njd": "2km",
        "time": "02:40",
        "rain": "0",
        "rain24h": "0",
        "aqi": "88",
        "aqi_pm25": "88",
        "weather": "晴",
        "weathere": "Sunny",
        "weathercode": "d00",
        "limitnumber": "",
        "date": "12月29日(星期五)"
      },
      "weather": {
        "day": {
          "date": "28日夜间",
          "weather": "阴",
          "temp": "7",
          "tempUnit": "°C",
          "wind": {
            "direction": "无持续风向",
            "directionCode": "NNW",
            "level": "<3级"
          },
          "sunrise": "日落 16:59"
        },
        "night": {
          "date": "29日白天",
          "weather": "晴",
          "temp": "14",
          "tempUnit": "°C",
          "wind": {
            "direction": "无持续风向",
            "directionCode": "NNW",
            "level": "<3级"
          },
          "sunset": "日出 06:51"
        }
      }
    },
    {
      "id": "101030100",
      "province": "天津",
      "city": "天津",
      "realtime": {
        "nameen": "tianjin",
        "cityname": "天津",
        "city": "101030100",
        "temp": "-4.6",
        "tempf": "23.7",
        "WD": "南风",
        "wde": "S",
        "WS": "1级",
        "wse": "2km/h",
        "SD": "86%",
        "sd": "86%",
        "qy": "1028",
        "njd": "2km",
        "time": "02:40",
        "rain": "0",
        "rain24h": "0",
        "aqi": "159",
        "aqi_pm25": "159",
        "weather": "晴",
        "weathere": "Sunny",
        "weathercode": "d00",
        "limitnumber": "1和6",
        "date": "12月29日(星期五)"
      },
      "weather": {
        "day": {
          "date": "28日夜间",
          "weather": "晴",
          "temp": "-3",
          "tempUnit": "°C",
          "wind": {
            "direction": "西南风",
            "directionCode": "SW",
            "level": "<3级"
          },
          "sunrise": "日落 16:55"
        },
        "night": {
          "date": "29日白天",
          "weather": "多云",
          "temp": "5",
          "tempUnit": "°C",
          "wind": {
            "direction": "南风",
            "directionCode": "S",
            "level": "<3级"
          },
          "sunset": "日出 07:29"
        }
      }
    },
    {
      "id": "101040100",
      "province": "重庆",
      "city": "重庆",
      "realtime": {
        "nameen": "chongqing",
        "cityname": "重庆",
        "city": "101040100",
        "temp": "10.4",
        "tempf": "50.7",
        "WD": "南风",
        "wde": "S",
        "WS": "1级",
        "wse": "2km/h",
        "SD": "82%",
        "sd": "82%",
        "qy": "993",
        "njd": "1km",
        "time": "02:40",
        "rain": "0",
        "rain24h": "0",
        "aqi": "210",
        "aqi_pm25": "210",
        "weather": "阴",
        "weathere": "Overcast",
        "weathercode": "d02",
        "limitnumber": "5和0",
        "date": "12月29日(星期五)"
      },
      "weather": {
        "day": {
          "date": "28日夜间",
          "weather": "小雨",
          "temp": "10",
          "tempUnit": "°C",
          "wind": {
            "direction": "西南风",
            "directionCode": "SW",
            "level": "<3级"
          },
          "sunrise": "日落 18:02"
        },
        "night": {
          "date": "29日白天",
          "weather": "阴",
          "temp": "11",
          "tempUnit": "°C",
          "wind": {
            "direction": "南风",
            "directionCode": "S",
            "level": "<3级"
          },
          "sunset": "日出 07:47"
        }
      }
    },
    {
      "id": "101050101",
      "province": "黑龙江",
      "city": "哈尔滨",
      "realtime": {
        "nameen": "haerbin",
        "cityname": "哈尔滨",
        "city": "101050101",
        "temp": "-12.7",
        "tempf": "9.1",
        "WD": "西风",
        "wde": "W",
        "WS": "1级",
        "wse": "4km/h",
        "SD": "83%",
        "sd": "83%",
        "qy": "1009",
        "njd": "4km",
        "time": "02:40",
        "rain": "0",
        "rain24h": "0",
        "aqi": "108",
        "aqi_pm25": "108",
        "weather": "雾",
        "weathere": "Foggy",
        "weathercode": "d18",
        "limitnumber": "",
        "date": "12月29日(星期五)"
      },
      "weather": {
        "day": {
          "date": "28日夜间",
          "weather": "晴",
          "temp": "-15",
          "tempUnit": "°C",
          "wind": {
            "direction": "西南风",
            "directionCode": "SW",
            "level": "<3级"
          },
          "sunrise": "日落 15:55"
        },
        "night": {
          "date": "29日白天",
          "weather": "多云",
          "temp": "-5",
          "tempUnit": "°C",
          "wind": {
            "direction": "西南风",
            "directionCode": "SW",
            "level": "3-4级"
          },
          "sunset": "日出 07:14"
        }
      }
    },
    {
      "id": "101060101",
      "province": "吉林",
      "city": "长春",
      "realtime": {
        "nameen": "changchun",
        "cityname": "长春",
        "city": "101060101",
        "temp": "-8.7",
        "tempf": "16.3",
        "WD": "南风",
        "wde": "S",
        "WS": "2级",
        "wse": "11km/h",
        "SD": "71%",
        "sd": "71%",
        "qy": "995",
        "njd": "6km",
        "time": "02:40",
        "rain": "0",
        "rain24h": "0",
        "aqi": "112",
        "aqi_pm25": "112",
        "weather": "霾",
        "weathere": "haze",
        "weathercode": "d53",
        "limitnumber": "",
        "date": "12月29日(星期五)"
      },
      "weather": {
        "day": {
          "date": "28日夜间",
          "weather": "晴",
          "temp": "-12",
          "tempUnit": "°C",
          "wind": {
            "direction": "西南风",
            "directionCode": "SW",
            "level": "<3级"
          },
          "sunrise": "日落 16:07"
        },
        "night": {
          "date": "29日白天",
          "weather": "多云",
          "temp": "1",
          "tempUnit": "°C",
          "wind": {
            "direction": "西南风",
            "directionCode": "SW",
            "level": "<3级"
          },
          "sunset": "日出 07:11"
        }
      }
    },
    {
      "id": "101070101",
      "province": "辽宁",
      "city": "沈阳",
      "realtime": {
        "nameen": "shenyang",
        "cityname": "沈阳",
        "city": "101070101",
        "temp": "-14.2",
        "tempf": "6.4",
        "WD": "北风",
        "wde": "N",
        "WS": "2级",
        "wse": "11km/h",
        "SD": "86%",
        "sd": "86%",
        "qy": "1022",
        "njd": "7km",
        "time": "02:40",
        "rain": "0",
        "rain24h": "0",
        "aqi": "162",
        "aqi_pm25": "162",
        "weather": "霾",
        "weathere": "haze",
        "weathercode": "d53",
        "limitnumber": "",
        "date": "12月29日(星期五)"
      },
      "weather": {
        "day": {
          "date": "28日夜间",
          "weather": "晴",
          "temp": "-14",
          "tempUnit": "°C",
          "wind": {
            "direction": "南风",
            "directionCode": "S",
            "level": "3-4级"
          },
          "sunrise": "日落 16:22"
        },
        "night": {
          "date": "29日白天",
          "weather": "晴",
          "temp": "2",
          "tempUnit": "°C",
          "wind": {
            "direction": "南风",
            "directionCode": "S",
            "level": "3-4级"
          },
          "sunset": "日出 07:12"
        }
      }
    },
    {
      "id": "101080101",
      "province": "内蒙古",
      "city": "呼和浩特",
      "realtime": {
        "nameen": "huhehaote",
        "cityname": "呼和浩特",
        "city": "101080101",
        "temp": "-12.6",
        "tempf": "9.3",
        "WD": "西北风",
        "wde": "NW",
        "WS": "1级",
        "wse": "3km/h",
        "SD": "84%",
        "sd": "84%",
        "qy": "892",
        "njd": "3km",
        "time": "02:40",
        "rain": "0",
        "rain24h": "0",
        "aqi": "255",
        "aqi_pm25": "255",
        "weather": "霾",
        "weathere": "haze",
        "weathercode": "d53",
        "limitnumber": "",
        "date": "12月29日(星期五)"
      },
      "weather": {
        "day": {
          "date": "28日夜间",
          "weather": "晴",
          "temp": "-13",
          "tempUnit": "°C",
          "wind": {
            "direction": "东北风",
            "directionCode": "NE",
            "level": "<3级"
          },
          "sunrise": "日落 17:12"
        },
        "night": {
          "date": "29日白天",
          "weather": "多云",
          "temp": "-3",
          "tempUnit": "°C",
          "wind": {
            "direction": "东北风",
            "directionCode": "NE",
            "level": "<3级"
          },
          "sunset": "日出 07:56"
        }
      }
    },
    {
      "id": "101090101",
      "province": "河北",
      "city": "石家庄",
      "realtime": {
        "nameen": "shijiazhuang",
        "cityname": "石家庄",
        "city": "101090101",
        "temp": "-5.2",
        "tempf": "22.6",
        "WD": "西风",
        "wde": "W",
        "WS": "1级",
        "wse": "3km/h",
        "SD": "90%",
        "sd": "90%",
        "qy": "1017",
        "njd": "1km",
        "time": "02:40",
        "rain": "0",
        "rain24h": "0",
        "aqi": "160",
        "aqi_pm25": "160",
        "weather": "雾",
        "weathere": "Foggy",
        "weathercode": "d18",
        "limitnumber": "",
        "date": "12月29日(星期五)"
      },
      "weather": {
        "day": {
          "date": "28日夜间",
          "weather": "多云",
          "temp": "-4",
          "tempUnit": "°C",
          "wind": {
            "direction": "北风",
            "directionCode": "N",
            "level": "<3级"
          },
          "sunrise": "日落 17:09"
        },
        "night": {
          "date": "29日白天",
          "weather": "多云",
          "temp": "5",
          "tempUnit": "°C",
          "wind": {
            "direction": "南风",
            "directionCode": "S",
            "level": "<3级"
          },
          "sunset": "日出 07:36"
        }
      }
    },
    {
      "id": "101100101",
      "province": "山西",
      "city": "太原",
      "realtime": {
        "nameen": "taiyuan",
        "cityname": "太原",
        "city": "101100101",
        "temp": "-12.8",
        "tempf": "9",
        "WD": "西北风",
        "wde": "NW",
        "WS": "1级",
        "wse": "2km/h",
        "SD": "85%",
        "sd": "85%",
        "qy": "936",
        "njd": "0km",
        "time": "02:40",
        "rain": "0",
        "rain24h": "0",
        "aqi": "232",
        "aqi_pm25": "232",
        "weather": "雾",
        "weathere": "Foggy",
        "weathercode": "d18",
        "limitnumber": "",
        "date": "12月29日(星期五)"
      },
      "weather": {
        "day": {
          "date": "28日夜间",
          "weather": "晴",
          "temp": "-9",
          "tempUnit": "°C",
          "wind": {
            "direction": "西南风",
            "directionCode": "SW",
            "level": "<3级"
          },
          "sunrise": "日落 17:17"
        },
        "night": {
          "date": "29日白天",
          "weather": "多云",
          "temp": "6",
          "tempUnit": "°C",
          "wind": {
            "direction": "西南风",
            "directionCode": "SW",
            "level": "<3级"
          },
          "sunset": "日出 07:44"
        }
      }
    },
    {
      "id": "101110101",
      "province": "陕西",
      "city": "西安",
      "realtime": {
        "nameen": "xian",
        "cityname": "西安",
        "city": "101110101",
        "temp": "3.2",
        "tempf": "37.8",
        "WD": "西北风",
        "wde": "NW",
        "WS": "1级",
        "wse": "3km/h",
        "SD": "71%",
        "sd": "71%",
        "qy": "981",
        "njd": "2km",
        "time": "02:40",
        "rain": "0",
        "rain24h": "0",
        "aqi": "277",
        "aqi_pm25": "277",
        "weather": "霾",
        "weathere": "haze",
        "weathercode": "d53",
        "limitnumber": "5和0",
        "date": "12月29日(星期五)"
      },
      "weather": {
        "day": {
          "date": "28日夜间",
          "weather": "雨夹雪",
          "temp": "-1",
          "tempUnit": "°C",
          "wind": {
            "direction": "西南风",
            "directionCode": "SW",
            "level": "<3级"
          },
          "sunrise": "日落 17:41"
        },
        "night": {
          "date": "29日白天",
          "weather": "多云",
          "temp": "11",
          "tempUnit": "°C",
          "wind": {
            "direction": "东北风",
            "directionCode": "NE",
            "level": "<3级"
          },
          "sunset": "日出 07:49"
        }
      }
    },
    {
      "id": "101120101",
      "province": "山东",
      "city": "济南",
      "realtime": {
        "nameen": "jinan",
        "cityname": "济南",
        "city": "101120101",
        "temp": "-1.5",
        "tempf": "29.3",
        "WD": "东南风",
        "wde": "SE",
        "WS": "2级",
        "wse": "6km/h",
        "SD": "89%",
        "sd": "89%",
        "qy": "1008",
        "njd": "1km",
        "time": "02:40",
        "rain": "0",
        "rain24h": "0",
        "aqi": "227",
        "aqi_pm25": "227",
        "weather": "霾",
        "weathere": "haze",
        "weathercode": "d53",
        "limitnumber": "",
        "date": "12月29日(星期五)"
      },
      "weather": {
        "day": {
          "date": "28日夜间",
          "weather": "阴",
          "temp": "-3",
          "tempUnit": "°C",
          "wind": {
            "direction": "无持续风向",
            "directionCode": "NNW",
            "level": "<3级"
          },
          "sunrise": "日落 17:02"
        },
        "night": {
          "date": "29日白天",
          "weather": "阴",
          "temp": "5",
          "tempUnit": "°C",
          "wind": {
            "direction": "无持续风向",
            "directionCode": "NNW",
            "level": "<3级"
          },
          "sunset": "日出 07:22"
        }
      }
    },
    {
      "id": "101130101",
      "province": "新疆",
      "city": "乌鲁木齐",
      "realtime": {
        "nameen": "wulumuqi",
        "cityname": "乌鲁木齐",
        "city": "101130101",
        "temp": "-2.8",
        "tempf": "27",
        "WD": "微风",
        "wde": "NWW",
        "WS": "2级",
        "wse": "5km/h",
        "SD": "77%",
        "sd": "77%",
        "qy": "906",
        "njd": "25km",
        "time": "03:00",
        "rain": "0",
        "rain24h": "0",
        "aqi": "35",
        "aqi_pm25": "35",
        "weather": "晴",
        "weathere": "Sunny",
        "weathercode": "d00",
        "limitnumber": "",
        "date": "12月29日(星期五)"
      },
      "weather": {
        "day": {
          "date": "28日夜间",
          "weather": "晴",
          "temp": "-8",
          "tempUnit": "°C",
          "wind": {
            "direction": "东南风",
            "directionCode": "SE",
            "level": "4-5级"
          },
          "sunrise": "日落 18:38"
        },
        "night": {
          "date": "29日白天",
          "weather": "多云",
          "temp": "0",
          "tempUnit": "°C",
          "wind": {
            "direction": "东南风",
            "directionCode": "SE",
            "level": "4-5级"
          },
          "sunset": "日出 09:42"
        }
      }
    },
    {
      "id": "101140101",
      "province": "西藏",
      "city": "拉萨",
      "realtime": {
        "nameen": "lasa",
        "cityname": "拉萨",
        "city": "101140101",
        "temp": "-3.2",
        "tempf": "26.2",
        "WD": "微风",
        "wde": "NWW",
        "WS": "1级",
        "wse": "1km/h",
        "SD": "24%",
        "sd": "24%",
        "qy": "652",
        "njd": "26km",
        "time": "02:20",
        "rain": "0",
        "rain24h": "0",
        "aqi": "25",
        "aqi_pm25": "25",
        "weather": "晴",
        "weathere": "Sunny",
        "weathercode": "d00",
        "limitnumber": "",
        "date": "12月29日(星期五)"
      },
      "weather": {
        "day": {
          "date": "28日夜间",
          "weather": "晴",
          "temp": "-6",
          "tempUnit": "°C",
          "wind": {
            "direction": "无持续风向",
            "directionCode": "NNW",
            "level": "<3级"
          },
          "sunrise": "日落 19:04"
        },
        "night": {
          "date": "29日白天",
          "weather": "晴",
          "temp": "8",
          "tempUnit": "°C",
          "wind": {
            "direction": "无持续风向",
            "directionCode": "NNW",
            "level": "<3级"
          },
          "sunset": "日出 08:49"
        }
      }
    },
    {
      "id": "101150101",
      "province": "青海",
      "city": "西宁",
      "realtime": {
        "nameen": "xining",
        "cityname": "西宁",
        "city": "101150101",
        "temp": "-2.6",
        "tempf": "27.3",
        "WD": "东南风",
        "wde": "SE",
        "WS": "2级",
        "wse": "9km/h",
        "SD": "37%",
        "sd": "37%",
        "qy": "763",
        "njd": "13km",
        "time": "02:40",
        "rain": "0",
        "rain24h": "0",
        "aqi": "69",
        "aqi_pm25": "69",
        "weather": "多云",
        "weathere": "Cloudy",
        "weathercode": "d01",
        "limitnumber": "",
        "date": "12月29日(星期五)"
      },
      "weather": {
        "day": {
          "date": "28日夜间",
          "weather": "晴",
          "temp": "-8",
          "tempUnit": "°C",
          "wind": {
            "direction": "无持续风向",
            "directionCode": "NNW",
            "level": "<3级"
          },
          "sunrise": "日落 18:04"
        },
        "night": {
          "date": "29日白天",
          "weather": "晴",
          "temp": "3",
          "tempUnit": "°C",
          "wind": {
            "direction": "西风",
            "directionCode": "W",
            "level": "5-6级"
          },
          "sunset": "日出 08:23"
        }
      }
    },
    {
      "id": "101160101",
      "province": "甘肃",
      "city": "兰州",
      "realtime": {
        "nameen": "lanzhou",
        "cityname": "兰州",
        "city": "101160101",
        "temp": "-5.9",
        "tempf": "21.4",
        "WD": "西南风",
        "wde": "SW",
        "WS": "1级",
        "wse": "4km/h",
        "SD": "48%",
        "sd": "48%",
        "qy": "817",
        "njd": "21km",
        "time": "02:40",
        "rain": "0",
        "rain24h": "0",
        "aqi": "100",
        "aqi_pm25": "100",
        "weather": "多云",
        "weathere": "Cloudy",
        "weathercode": "d01",
        "limitnumber": "5和0",
        "date": "12月29日(星期五)"
      },
      "weather": {
        "day": {
          "date": "28日夜间",
          "weather": "多云",
          "temp": "-7",
          "tempUnit": "°C",
          "wind": {
            "direction": "无持续风向",
            "directionCode": "NNW",
            "level": "<3级"
          },
          "sunrise": "日落 17:57"
        },
        "night": {
          "date": "29日白天",
          "weather": "晴",
          "temp": "7",
          "tempUnit": "°C",
          "wind": {
            "direction": "无持续风向",
            "directionCode": "NNW",
            "level": "<3级"
          },
          "sunset": "日出 08:14"
        }
      }
    },
    {
      "id": "101170101",
      "province": "宁夏",
      "city": "银川",
      "realtime": {
        "nameen": "yinchuan",
        "cityname": "银川",
        "city": "101170101",
        "temp": "-5.7",
        "tempf": "21.7",
        "WD": "东北风",
        "wde": "NE",
        "WS": "1级",
        "wse": "3km/h",
        "SD": "70%",
        "sd": "70%",
        "qy": "896",
        "njd": "4km",
        "time": "02:40",
        "rain": "0",
        "rain24h": "0",
        "aqi": "134",
        "aqi_pm25": "134",
        "weather": "霾",
        "weathere": "haze",
        "weathercode": "d53",
        "limitnumber": "",
        "date": "12月29日(星期五)"
      },
      "weather": {
        "day": {
          "date": "28日夜间",
          "weather": "多云",
          "temp": "-7",
          "tempUnit": "°C",
          "wind": {
            "direction": "无持续风向",
            "directionCode": "NNW",
            "level": "<3级"
          },
          "sunrise": "日落 17:41"
        },
        "night": {
          "date": "29日白天",
          "weather": "晴",
          "temp": "6",
          "tempUnit": "°C",
          "wind": {
            "direction": "无持续风向",
            "directionCode": "NNW",
            "level": "<3级"
          },
          "sunset": "日出 08:11"
        }
      }
    },
    {
      "id": "101180101",
      "province": "河南",
      "city": "郑州",
      "realtime": {
        "nameen": "zhengzhou",
        "cityname": "郑州",
        "city": "101180101",
        "temp": "-0.9",
        "tempf": "30.4",
        "WD": "北风",
        "wde": "N",
        "WS": "0级",
        "wse": "0km/h",
        "SD": "85%",
        "sd": "85%",
        "qy": "1015",
        "njd": "2km",
        "time": "02:40",
        "rain": "0",
        "rain24h": "0",
        "aqi": "162",
        "aqi_pm25": "162",
        "weather": "霾",
        "weathere": "haze",
        "weathercode": "d53",
        "limitnumber": "5和0",
        "date": "12月29日(星期五)"
      },
      "weather": {
        "day": {
          "date": "28日夜间",
          "weather": "小雨",
          "temp": "-1",
          "tempUnit": "°C",
          "wind": {
            "direction": "东南风",
            "directionCode": "SE",
            "level": "<3级"
          },
          "sunrise": "日落 17:21"
        },
        "night": {
          "date": "29日白天",
          "weather": "小雨",
          "temp": "9",
          "tempUnit": "°C",
          "wind": {
            "direction": "西南风",
            "directionCode": "SW",
            "level": "<3级"
          },
          "sunset": "日出 07:31"
        }
      }
    },
    {
      "id": "101190101",
      "province": "江苏",
      "city": "南京",
      "realtime": {
        "nameen": "nanjing",
        "cityname": "南京",
        "city": "101190101",
        "temp": "2.9",
        "tempf": "37.2",
        "WD": "东风",
        "wde": "E",
        "WS": "2级",
        "wse": "11km/h",
        "SD": "100%",
        "sd": "100%",
        "qy": "1024",
        "njd": "1km",
        "time": "02:40",
        "rain": "0",
        "rain24h": "0",
        "aqi": "129",
        "aqi_pm25": "129",
        "weather": "雾",
        "weathere": "Foggy",
        "weathercode": "d18",
        "limitnumber": "",
        "date": "12月29日(星期五)"
      },
      "weather": {
        "day": {
          "date": "28日夜间",
          "weather": "多云",
          "temp": "3",
          "tempUnit": "°C",
          "wind": {
            "direction": "东风",
            "directionCode": "E",
            "level": "<3级"
          },
          "sunrise": "日落 17:08"
        },
        "night": {
          "date": "29日白天",
          "weather": "阴",
          "temp": "13",
          "tempUnit": "°C",
          "wind": {
            "direction": "东风",
            "directionCode": "E",
            "level": "3-4级"
          },
          "sunset": "日出 07:04"
        }
      }
    },
    {
      "id": "101200101",
      "province": "湖北",
      "city": "武汉",
      "realtime": {
        "nameen": "wuhan",
        "cityname": "武汉",
        "city": "101200101",
        "temp": "6.1",
        "tempf": "43",
        "WD": "北风",
        "wde": "N",
        "WS": "2级",
        "wse": "6km/h",
        "SD": "77%",
        "sd": "77%",
        "qy": "1024",
        "njd": "1km",
        "time": "02:40",
        "rain": "0",
        "rain24h": "0",
        "aqi": "245",
        "aqi_pm25": "245",
        "weather": "霾",
        "weathere": "haze",
        "weathercode": "d53",
        "limitnumber": "双号限行",
        "date": "12月29日(星期五)"
      },
      "weather": {
        "day": {
          "date": "28日夜间",
          "weather": "多云",
          "temp": "5",
          "tempUnit": "°C",
          "wind": {
            "direction": "无持续风向",
            "directionCode": "NNW",
            "level": "<3级"
          },
          "sunrise": "日落 17:29"
        },
        "night": {
          "date": "29日白天",
          "weather": "多云",
          "temp": "12",
          "tempUnit": "°C",
          "wind": {
            "direction": "无持续风向",
            "directionCode": "NNW",
            "level": "<3级"
          },
          "sunset": "日出 07:18"
        }
      }
    },
    {
      "id": "101210101",
      "province": "浙江",
      "city": "杭州",
      "realtime": {
        "nameen": "hangzhou",
        "cityname": "杭州",
        "city": "101210101",
        "temp": "6",
        "tempf": "42.8",
        "WD": "北风",
        "wde": "N",
        "WS": "2级",
        "wse": "6km/h",
        "SD": "77%",
        "sd": "77%",
        "qy": "1022",
        "njd": "2km",
        "time": "02:40",
        "rain": "0",
        "rain24h": "0",
        "aqi": "211",
        "aqi_pm25": "211",
        "weather": "霾",
        "weathere": "haze",
        "weathercode": "d53",
        "limitnumber": "5和0",
        "date": "12月29日(星期五)"
      },
      "weather": {
        "day": {
          "date": "28日夜间",
          "weather": "多云",
          "temp": "4",
          "tempUnit": "°C",
          "wind": {
            "direction": "无持续风向",
            "directionCode": "NNW",
            "level": "<3级"
          },
          "sunrise": "日落 17:06"
        },
        "night": {
          "date": "29日白天",
          "weather": "多云",
          "temp": "14",
          "tempUnit": "°C",
          "wind": {
            "direction": "无持续风向",
            "directionCode": "NNW",
            "level": "<3级"
          },
          "sunset": "日出 06:54"
        }
      }
    },
    {
      "id": "101220101",
      "province": "安徽",
      "city": "合肥",
      "realtime": {
        "nameen": "hefei",
        "cityname": "合肥",
        "city": "101220101",
        "temp": "4.7",
        "tempf": "40.5",
        "WD": "东北风",
        "wde": "NE",
        "WS": "1级",
        "wse": "3km/h",
        "SD": "86%",
        "sd": "86%",
        "qy": "1021",
        "njd": "1km",
        "time": "02:40",
        "rain": "0",
        "rain24h": "0",
        "aqi": "242",
        "aqi_pm25": "242",
        "weather": "雾",
        "weathere": "Foggy",
        "weathercode": "d18",
        "limitnumber": "",
        "date": "12月29日(星期五)"
      },
      "weather": {
        "day": {
          "date": "28日夜间",
          "weather": "多云",
          "temp": "0",
          "tempUnit": "°C",
          "wind": {
            "direction": "东风",
            "directionCode": "E",
            "level": "<3级"
          },
          "sunrise": "日落 17:14"
        },
        "night": {
          "date": "29日白天",
          "weather": "阴",
          "temp": "10",
          "tempUnit": "°C",
          "wind": {
            "direction": "东风",
            "directionCode": "E",
            "level": "<3级"
          },
          "sunset": "日出 07:09"
        }
      }
    },
    {
      "id": "101230101",
      "province": "福建",
      "city": "福州",
      "realtime": {
        "nameen": "fuzhou",
        "cityname": "福州",
        "city": "101230101",
        "temp": "12.8",
        "tempf": "55",
        "WD": "西北风",
        "wde": "NW",
        "WS": "2级",
        "wse": "8km/h",
        "SD": "92%",
        "sd": "92%",
        "qy": "1015",
        "njd": "10km",
        "time": "02:40",
        "rain": "0",
        "rain24h": "0",
        "aqi": "20",
        "aqi_pm25": "20",
        "weather": "多云",
        "weathere": "Cloudy",
        "weathercode": "d01",
        "limitnumber": "",
        "date": "12月29日(星期五)"
      },
      "weather": {
        "day": {
          "date": "28日夜间",
          "weather": "多云",
          "temp": "12",
          "tempUnit": "°C",
          "wind": {
            "direction": "无持续风向",
            "directionCode": "NNW",
            "level": "<3级"
          },
          "sunrise": "日落 17:19"
        },
        "night": {
          "date": "29日白天",
          "weather": "晴",
          "temp": "20",
          "tempUnit": "°C",
          "wind": {
            "direction": "无持续风向",
            "directionCode": "NNW",
            "level": "<3级"
          },
          "sunset": "日出 06:48"
        }
      }
    },
    {
      "id": "101240101",
      "province": "江西",
      "city": "南昌",
      "realtime": {
        "nameen": "nanchang",
        "cityname": "南昌",
        "city": "101240101",
        "temp": "9.1",
        "tempf": "48.4",
        "WD": "东北风",
        "wde": "NE",
        "WS": "1级",
        "wse": "4km/h",
        "SD": "68%",
        "sd": "68%",
        "qy": "1020",
        "njd": "2km",
        "time": "02:40",
        "rain": "0",
        "rain24h": "0",
        "aqi": "236",
        "aqi_pm25": "236",
        "weather": "霾",
        "weathere": "haze",
        "weathercode": "d53",
        "limitnumber": "",
        "date": "12月29日(星期五)"
      },
      "weather": {
        "day": {
          "date": "28日夜间",
          "weather": "多云",
          "temp": "7",
          "tempUnit": "°C",
          "wind": {
            "direction": "东北风",
            "directionCode": "NE",
            "level": "<3级"
          },
          "sunrise": "日落 17:27"
        },
        "night": {
          "date": "29日白天",
          "weather": "晴",
          "temp": "19",
          "tempUnit": "°C",
          "wind": {
            "direction": "北风",
            "directionCode": "N",
            "level": "<3级"
          },
          "sunset": "日出 07:07"
        }
      }
    },
    {
      "id": "101250101",
      "province": "湖南",
      "city": "长沙",
      "realtime": {
        "nameen": "changsha",
        "cityname": "长沙",
        "city": "101250101",
        "temp": "7.2",
        "tempf": "45",
        "WD": "西北风",
        "wde": "NW",
        "WS": "2级",
        "wse": "6km/h",
        "SD": "79%",
        "sd": "79%",
        "qy": "1022",
        "njd": "1km",
        "time": "02:40",
        "rain": "0",
        "rain24h": "0",
        "aqi": "266",
        "aqi_pm25": "266",
        "weather": "晴",
        "weathere": "Sunny",
        "weathercode": "d00",
        "limitnumber": "",
        "date": "12月29日(星期五)"
      },
      "weather": {
        "day": {
          "date": "28日夜间",
          "weather": "多云",
          "temp": "5",
          "tempUnit": "°C",
          "wind": {
            "direction": "西北风",
            "directionCode": "NW",
            "level": "<3级"
          },
          "sunrise": "日落 17:40"
        },
        "night": {
          "date": "29日白天",
          "weather": "多云",
          "temp": "16",
          "tempUnit": "°C",
          "wind": {
            "direction": "西北风",
            "directionCode": "NW",
            "level": "<3级"
          },
          "sunset": "日出 07:18"
        }
      }
    },
    {
      "id": "101260101",
      "province": "贵州",
      "city": "贵阳",
      "realtime": {
        "nameen": "guiyang",
        "cityname": "贵阳",
        "city": "101260101",
        "temp": "11",
        "tempf": "51.8",
        "WD": "南风",
        "wde": "S",
        "WS": "2级",
        "wse": "6km/h",
        "SD": "79%",
        "sd": "79%",
        "qy": "882",
        "njd": "11km",
        "time": "02:40",
        "rain": "0",
        "rain24h": "0",
        "aqi": "84",
        "aqi_pm25": "84",
        "weather": "多云",
        "weathere": "Cloudy",
        "weathercode": "d01",
        "limitnumber": null,
        "date": "12月29日(星期五)"
      },
      "weather": {
        "day": {
          "date": "28日夜间",
          "weather": "阴",
          "temp": "10",
          "tempUnit": "°C",
          "wind": {
            "direction": "南风",
            "directionCode": "S",
            "level": "<3级"
          },
          "sunrise": "日落 18:09"
        },
        "night": {
          "date": "29日白天",
          "weather": "小雨",
          "temp": "13",
          "tempUnit": "°C",
          "wind": {
            "direction": "北风",
            "directionCode": "N",
            "level": "<3级"
          },
          "sunset": "日出 07:40"
        }
      }
    },
    {
      "id": "101270101",
      "province": "四川",
      "city": "成都",
      "realtime": {
        "nameen": "chengdu",
        "cityname": "成都",
        "city": "101270101",
        "temp": "7.6",
        "tempf": "45.7",
        "WD": "北风",
        "wde": "N",
        "WS": "2级",
        "wse": "11km/h",
        "SD": "96%",
        "sd": "96%",
        "qy": "966",
        "njd": "1km",
        "time": "02:40",
        "rain": "0",
        "rain24h": "0",
        "aqi": "207",
        "aqi_pm25": "207",
        "weather": "霾",
        "weathere": "haze",
        "weathercode": "d53",
        "limitnumber": "5和0",
        "date": "12月29日(星期五)"
      },
      "weather": {
        "day": {
          "date": "28日夜间",
          "weather": "多云",
          "temp": "6",
          "tempUnit": "°C",
          "wind": {
            "direction": "南风",
            "directionCode": "S",
            "level": "<3级"
          },
          "sunrise": "日落 18:10"
        },
        "night": {
          "date": "29日白天",
          "weather": "多云",
          "temp": "15",
          "tempUnit": "°C",
          "wind": {
            "direction": "北风",
            "directionCode": "N",
            "level": "<3级"
          },
          "sunset": "日出 07:59"
        }
      }
    },
    {
      "id": "101280101",
      "province": "广东",
      "city": "广州",
      "realtime": {
        "nameen": "guangzhou",
        "cityname": "广州",
        "city": "101280101",
        "temp": "15.1",
        "tempf": "59.2",
        "WD": "北风",
        "wde": "N",
        "WS": "2级",
        "wse": "11km/h",
        "SD": "86%",
        "sd": "86%",
        "qy": "1017",
        "njd": "12km",
        "time": "02:35",
        "rain": "0",
        "rain24h": "0",
        "aqi": "84",
        "aqi_pm25": "84",
        "weather": "多云",
        "weathere": "Cloudy",
        "weathercode": "d01",
        "limitnumber": "双号限行",
        "date": "12月29日(星期五)"
      },
      "weather": {
        "day": {
          "date": "28日夜间",
          "weather": "多云",
          "temp": "11",
          "tempUnit": "°C",
          "wind": {
            "direction": "无持续风向",
            "directionCode": "NNW",
            "level": "<3级"
          },
          "sunrise": "日落 17:49"
        },
        "night": {
          "date": "29日白天",
          "weather": "多云",
          "temp": "25",
          "tempUnit": "°C",
          "wind": {
            "direction": "无持续风向",
            "directionCode": "NNW",
            "level": "<3级"
          },
          "sunset": "日出 07:06"
        }
      }
    },
    {
      "id": "101290101",
      "province": "云南",
      "city": "昆明",
      "realtime": {
        "nameen": "kunming",
        "cityname": "昆明",
        "city": "101290101",
        "temp": "7.6",
        "tempf": "45.7",
        "WD": "西风",
        "wde": "W",
        "WS": "1级",
        "wse": "2km/h",
        "SD": "89%",
        "sd": "89%",
        "qy": "814",
        "njd": "16km",
        "time": "02:40",
        "rain": "0",
        "rain24h": "0",
        "aqi": "41",
        "aqi_pm25": "41",
        "weather": "晴",
        "weathere": "Sunny",
        "weathercode": "d00",
        "limitnumber": "",
        "date": "12月29日(星期五)"
      },
      "weather": {
        "day": {
          "date": "28日夜间",
          "weather": "多云",
          "temp": "5",
          "tempUnit": "°C",
          "wind": {
            "direction": "无持续风向",
            "directionCode": "NNW",
            "level": "<3级"
          },
          "sunrise": "日落 18:28"
        },
        "night": {
          "date": "29日白天",
          "weather": "多云",
          "temp": "17",
          "tempUnit": "°C",
          "wind": {
            "direction": "西南风",
            "directionCode": "SW",
            "level": "3-4级"
          },
          "sunset": "日出 07:51"
        }
      }
    },
    {
      "id": "101300101",
      "province": "广西",
      "city": "南宁",
      "realtime": {
        "nameen": "nanning",
        "cityname": "南宁",
        "city": "101300101",
        "temp": "16.4",
        "tempf": "61.5",
        "WD": "南风",
        "wde": "S",
        "WS": "1级",
        "wse": "5km/h",
        "SD": "77%",
        "sd": "77%",
        "qy": "998",
        "njd": "6km",
        "time": "02:40",
        "rain": "0",
        "rain24h": "0",
        "aqi": "92",
        "aqi_pm25": "92",
        "weather": "晴",
        "weathere": "Sunny",
        "weathercode": "d00",
        "limitnumber": "",
        "date": "12月29日(星期五)"
      },
      "weather": {
        "day": {
          "date": "28日夜间",
          "weather": "多云",
          "temp": "15",
          "tempUnit": "°C",
          "wind": {
            "direction": "东风",
            "directionCode": "E",
            "level": "<3级"
          },
          "sunrise": "日落 18:10"
        },
        "night": {
          "date": "29日白天",
          "weather": "多云",
          "temp": "25",
          "tempUnit": "°C",
          "wind": {
            "direction": "东风",
            "directionCode": "E",
            "level": "<3级"
          },
          "sunset": "日出 07:25"
        }
      }
    },
    {
      "id": "101310101",
      "province": "海南",
      "city": "海口",
      "realtime": {
        "nameen": "haikou",
        "cityname": "海口",
        "city": "101310101",
        "temp": "20.5",
        "tempf": "68.9",
        "WD": "东北风",
        "wde": "NE",
        "WS": "2级",
        "wse": "6km/h",
        "SD": "91%",
        "sd": "91%",
        "qy": "1011",
        "njd": "16km",
        "time": "02:40",
        "rain": "0",
        "rain24h": "0",
        "aqi": "29",
        "aqi_pm25": "29",
        "weather": "阴",
        "weathere": "Overcast",
        "weathercode": "d02",
        "limitnumber": "",
        "date": "12月29日(星期五)"
      },
      "weather": {
        "day": {
          "date": "28日夜间",
          "weather": "多云",
          "temp": "20",
          "tempUnit": "°C",
          "wind": {
            "direction": "东北风",
            "directionCode": "NE",
            "level": "3-4级"
          },
          "sunrise": "日落 18:07"
        },
        "night": {
          "date": "29日白天",
          "weather": "多云",
          "temp": "24",
          "tempUnit": "°C",
          "wind": {
            "direction": "东风",
            "directionCode": "E",
            "level": "4-5级"
          },
          "sunset": "日出 07:12"
        }
      }
    },
    {
      "id": "101320101",
      "province": "香港",
      "city": "香港",
      "realtime": {
        "nameen": "hongkong",
        "cityname": "香港",
        "city": "101320101",
        "temp": "18.1",
        "tempf": "64.6",
        "WD": "微风",
        "wde": "NWW",
        "WS": "2级",
        "wse": "5km/h",
        "SD": "88%",
        "sd": "88%",
        "qy": "998",
        "njd": "14km",
        "time": "03:00",
        "rain": "0",
        "rain24h": "0",
        "aqi": "69",
        "aqi_pm25": "69",
        "weather": "晴",
        "weathere": "Sunny",
        "weathercode": "d00",
        "limitnumber": "",
        "date": "12月29日(星期五)"
      },
      "weather": {
        "day": {
          "date": "28日夜间",
          "weather": "多云",
          "temp": "18",
          "tempUnit": "°C",
          "wind": {
            "direction": "无持续风向",
            "directionCode": "NNW",
            "level": "<3级"
          },
          "sunrise": "日落 17:47"
        },
        "night": {
          "date": "29日白天",
          "weather": "多云",
          "temp": "21",
          "tempUnit": "°C",
          "wind": {
            "direction": "无持续风向",
            "directionCode": "NNW",
            "level": "<3级"
          },
          "sunset": "日出 07:01"
        }
      }
    },
    {
      "id": "101330101",
      "province": "澳门",
      "city": "澳门",
      "realtime": {
        "nameen": "macao",
        "cityname": "澳门",
        "city": "101330101",
        "temp": "18.6",
        "tempf": "65.5",
        "WD": "微风",
        "wde": "NWW",
        "WS": "1级",
        "wse": "1km/h",
        "SD": "84%",
        "sd": "84%",
        "qy": "1007",
        "njd": "13km",
        "time": "03:00",
        "rain": "0",
        "rain24h": "0",
        "aqi": "88",
        "aqi_pm25": "88",
        "weather": "多云",
        "weathere": "Cloudy",
        "weathercode": "d01",
        "limitnumber": "",
        "date": "12月29日(星期五)"
      },
      "weather": {
        "day": {
          "date": "28日夜间",
          "weather": "晴",
          "temp": "15",
          "tempUnit": "°C",
          "wind": {
            "direction": "无持续风向",
            "directionCode": "NNW",
            "level": "<3级"
          },
          "sunrise": "日落 17:50"
        },
        "night": {
          "date": "29日白天",
          "weather": "晴",
          "temp": "23",
          "tempUnit": "°C",
          "wind": {
            "direction": "无持续风向",
            "directionCode": "NNW",
            "level": "<3级"
          },
          "sunset": "日出 07:03"
        }
      }
    },
    {
      "id": "101340101",
      "province": "台湾",
      "city": "台北",
      "realtime": {
        "nameen": "taibeixian",
        "cityname": "台北",
        "city": "101340101",
        "temp": "22.4",
        "tempf": "72.3",
        "WD": "微风",
        "wde": "NWW",
        "WS": "2级",
        "wse": "5km/h",
        "SD": "86%",
        "sd": "86%",
        "qy": "1007",
        "njd": "18km",
        "time": "02:20",
        "rain": "0",
        "rain24h": "0",
        "aqi": "129",
        "aqi_pm25": "129",
        "weather": "霾",
        "weathere": "haze",
        "weathercode": "d53",
        "limitnumber": "",
        "date": "12月29日(星期五)"
      },
      "weather": {
        "day": {
          "date": "28日夜间",
          "weather": "小雨",
          "temp": "17",
          "tempUnit": "°C",
          "wind": {
            "direction": "无持续风向",
            "directionCode": "NNW",
            "level": "<3级"
          },
          "sunrise": "日落 17:12"
        },
        "night": {
          "date": "29日白天",
          "weather": "小雨",
          "temp": "19",
          "tempUnit": "°C",
          "wind": {
            "direction": "无持续风向",
            "directionCode": "NNW",
            "level": "<3级"
          },
          "sunset": "日出 06:37"
        }
      }
    }
  ]
}
